version 2
JvmtiExport can_access_local_variables 0
JvmtiExport can_hotswap_or_post_breakpoint 1
JvmtiExport can_post_on_exceptions 0
# 285 ciObject found
instanceKlass kotlinx/coroutines/flow/StateFlowSlot
ciInstanceKlass java/lang/Cloneable 1 0 7 100 1 100 1 1 1
instanceKlass androidx/compose/ui/graphics/PathEffect
instanceKlass kotlinx/coroutines/AbstractTimeSource
instanceKlass androidx/compose/runtime/ShouldPauseCallback
instanceKlass androidx/compose/ui/graphics/RenderEffect
instanceKlass java/security/DomainCombiner
instanceKlass androidx/compose/runtime/tooling/CompositionObserver
instanceKlass androidx/compose/runtime/snapshots/SnapshotIdArrayBuilder
instanceKlass androidx/compose/animation/core/AnimationResult
instanceKlass javax/swing/Scrollable
instanceKlass androidx/compose/ui/scene/ComposeSceneMediator$focusListener$1$WhenMappings
instanceKlass  @bci androidx/compose/ui/awt/SwingPanel_desktopKt <clinit> ()V 0 <appendix> argL0 ; # androidx/compose/ui/awt/SwingPanel_desktopKt$$Lambda+0x000001441d384450
instanceKlass androidx/compose/ui/awt/SwingPanel_desktopKt
instanceKlass java/text/AttributedString$AttributedStringIterator
instanceKlass java/text/AttributedCharacterIterator
instanceKlass java/text/CharacterIterator
instanceKlass java/text/AttributedString
instanceKlass sun/awt/im/CompositionAreaHandler
instanceKlass sun/util/locale/InternalLocaleBuilder$CaseInsensitiveChar
instanceKlass sun/util/locale/InternalLocaleBuilder
instanceKlass sun/util/locale/StringTokenIterator
instanceKlass sun/util/locale/ParseStatus
instanceKlass sun/awt/im/InputMethodAdapter
instanceKlass java/awt/im/spi/InputMethod
instanceKlass java/awt/im/spi/InputMethodContext
instanceKlass java/awt/KeyboardFocusManager$3
instanceKlass  @bci androidx/compose/ui/platform/FlushCoroutineDispatcher$scheduleResumeAfterDelay$job$1 invokeSuspend (Ljava/lang/Object;)Ljava/lang/Object; 77 <appendix> member <vmtarget> ; # androidx/compose/ui/platform/FlushCoroutineDispatcher$scheduleResumeAfterDelay$job$1$$Lambda+0x000001441d384000
instanceKlass  @bci androidx/compose/animation/core/SuspendAnimationKt animate (Landroidx/compose/animation/core/AnimationState;Landroidx/compose/animation/core/Animation;JLkotlin/jvm/functions/Function1;Lkotlin/coroutines/Continuation;)Ljava/lang/Object; 375 <adapter> ; # java/lang/invoke/LambdaForm$MH+0x000001441d381000
# instanceKlass java/lang/invoke/LambdaForm$DMH+0x000001441d380c00
instanceKlass  @bci androidx/compose/animation/core/SuspendAnimationKt animate (Landroidx/compose/animation/core/AnimationState;Landroidx/compose/animation/core/Animation;JLkotlin/jvm/functions/Function1;Lkotlin/coroutines/Continuation;)Ljava/lang/Object; 375 <appendix> form vmentry <vmtarget> ; # java/lang/invoke/LambdaForm$DMH+0x000001441d380800
instanceKlass  @bci androidx/compose/animation/core/SuspendAnimationKt animate (Landroidx/compose/animation/core/AnimationState;Landroidx/compose/animation/core/Animation;JLkotlin/jvm/functions/Function1;Lkotlin/coroutines/Continuation;)Ljava/lang/Object; 375 <appendix> member <vmtarget> ; # androidx/compose/animation/core/SuspendAnimationKt$$Lambda+0x000001441d37dd78
instanceKlass  @cpi androidx/compose/animation/core/SuspendAnimationKt 327 form vmentry <vmtarget> ; # java/lang/invoke/LambdaForm$DMH+0x000001441d380400
instanceKlass  @bci androidx/compose/animation/core/SuspendAnimationKt animate$lambda$3 (Lkotlin/jvm/internal/Ref$ObjectRef;Ljava/lang/Object;Landroidx/compose/animation/core/Animation;Landroidx/compose/animation/core/AnimationVector;Landroidx/compose/animation/core/AnimationState;FLkotlin/jvm/functions/Function1;J)Lkotlin/Unit; 26 <appendix> member <vmtarget> ; # androidx/compose/animation/core/SuspendAnimationKt$$Lambda+0x000001441d37db40
instanceKlass  @bci androidx/compose/animation/core/SuspendAnimationKt callWithFrameNanos (Landroidx/compose/animation/core/Animation;Lkotlin/jvm/functions/Function1;Lkotlin/coroutines/Continuation;)Ljava/lang/Object; 16 <appendix> member <vmtarget> ; # androidx/compose/animation/core/SuspendAnimationKt$$Lambda+0x000001441d37d908
instanceKlass  @bci androidx/compose/animation/core/SuspendAnimationKt animate (Landroidx/compose/animation/core/AnimationState;Landroidx/compose/animation/core/Animation;JLkotlin/jvm/functions/Function1;Lkotlin/coroutines/Continuation;)Ljava/lang/Object; 162 <adapter> ; # java/lang/invoke/LambdaForm$MH+0x000001441d380000
# instanceKlass java/lang/invoke/LambdaForm$DMH+0x000001441d37cc00
instanceKlass  @bci androidx/compose/animation/core/SuspendAnimationKt animate (Landroidx/compose/animation/core/AnimationState;Landroidx/compose/animation/core/Animation;JLkotlin/jvm/functions/Function1;Lkotlin/coroutines/Continuation;)Ljava/lang/Object; 162 <appendix> form vmentry <vmtarget> ; # java/lang/invoke/LambdaForm$DMH+0x000001441d37c800
instanceKlass  @bci androidx/compose/animation/core/SuspendAnimationKt animate (Landroidx/compose/animation/core/AnimationState;Landroidx/compose/animation/core/Animation;JLkotlin/jvm/functions/Function1;Lkotlin/coroutines/Continuation;)Ljava/lang/Object; 162 <appendix> member <vmtarget> ; # androidx/compose/animation/core/SuspendAnimationKt$$Lambda+0x000001441d37d6d0
instanceKlass  @cpi androidx/compose/animation/core/SuspendAnimationKt 265 form vmentry <vmtarget> ; # java/lang/invoke/LambdaForm$DMH+0x000001441d37c400
instanceKlass androidx/compose/animation/core/Motion
instanceKlass androidx/compose/animation/core/SpringEstimationKt
instanceKlass  @bci androidx/compose/animation/core/Animatable$runAnimation$2 invokeSuspend (Ljava/lang/Object;)Ljava/lang/Object; 143 <appendix> member <vmtarget> ; # androidx/compose/animation/core/Animatable$runAnimation$2$$Lambda+0x000001441d37fd50
instanceKlass androidx/compose/animation/core/AnimationScope
instanceKlass androidx/compose/animation/core/MutatorMutex$Mutator
instanceKlass androidx/compose/animation/core/SpringSimulation
instanceKlass androidx/compose/animation/core/FloatSpringSpec
instanceKlass androidx/compose/animation/core/VectorizedAnimationSpecKt$createSpringAnimations$1
instanceKlass java/lang/FdLibm
instanceKlass java/lang/FdLibm$Hypot
instanceKlass androidx/compose/animation/core/ArcSpline$Arc
instanceKlass androidx/compose/animation/core/ArcSpline
instanceKlass androidx/compose/animation/core/VectorizedAnimationSpecKt
instanceKlass androidx/compose/animation/core/VectorizedSpringSpec
instanceKlass androidx/compose/animation/core/AnimationKt
instanceKlass org/jetbrains/skiko/PlatformOperationsKt$platformOperations$2$2
instanceKlass org/jetbrains/skiko/PlatformOperationsKt$WhenMappings
instanceKlass  @bci org/jetbrains/skiko/PlatformOperationsKt <clinit> ()V 0 <appendix> argL0 ; # org/jetbrains/skiko/PlatformOperationsKt$$Lambda+0x000001441d37ab90
instanceKlass org/jetbrains/skiko/PlatformOperations
instanceKlass org/jetbrains/skiko/PlatformOperationsKt
instanceKlass  @bci java/awt/Window$2 bumpCounter (Ljava/awt/Window;Ljava/lang/String;)V 30 <appendix> member <vmtarget> ; # java/awt/Window$2$$Lambda+0x000001441d2a41b0
instanceKlass  @cpi java/awt/Window$2 237 form vmentry <vmtarget> ; # java/lang/invoke/LambdaForm$DMH+0x000001441d37c000
instanceKlass java/util/stream/ForEachOps$ForEachOp
instanceKlass java/util/stream/ForEachOps
instanceKlass  @bci javax/swing/RepaintManager updateWindows (Ljava/util/Map;)V 36 <appendix> argL0 ; # javax/swing/RepaintManager$$Lambda+0x000001441d2a3a88
instanceKlass java/util/stream/DistinctOps
instanceKlass  @bci javax/swing/RepaintManager updateWindows (Ljava/util/Map;)V 21 <appendix> argL0 ; # javax/swing/RepaintManager$$Lambda+0x000001441d2a2be0
instanceKlass  @bci javax/swing/RepaintManager updateWindows (Ljava/util/Map;)V 11 <appendix> argL0 ; # javax/swing/RepaintManager$$Lambda+0x000001441d2a2990
instanceKlass java/util/IdentityHashMap$IdentityHashMapSpliterator
instanceKlass javax/swing/RepaintManager$4
instanceKlass java/util/concurrent/ScheduledFuture
instanceKlass java/util/concurrent/Callable
instanceKlass java/util/concurrent/ScheduledExecutorService
instanceKlass kotlinx/coroutines/internal/ConcurrentKt
instanceKlass kotlinx/coroutines/ExecutorsKt
instanceKlass  @bci org/jetbrains/skiko/redrawer/DispatcherToBlockOnKt <clinit> ()V 6 <appendix> argL0 ; # org/jetbrains/skiko/redrawer/DispatcherToBlockOnKt$$Lambda+0x000001441d379ac8
instanceKlass java/util/concurrent/Executors$DefaultThreadFactory
instanceKlass org/jetbrains/skiko/redrawer/DispatcherToBlockOnKt
instanceKlass org/jetbrains/skia/FilterMipmap
instanceKlass org/jetbrains/skia/SamplingMode
instanceKlass org/jetbrains/skia/ImageKt
instanceKlass org/jetbrains/skia/Image$Companion
instanceKlass org/jetbrains/skia/svg/SVGPreserveAspectRatioAlign$Companion
instanceKlass androidx/compose/ui/graphics/CanvasKt
instanceKlass org/jetbrains/skia/ColorTypeKt
instanceKlass org/jetbrains/skia/impl/NativePointerArray
instanceKlass org/jetbrains/skia/IHasImageInfo$DefaultImpls
instanceKlass androidx/compose/ui/graphics/SkiaBackedImageBitmap
instanceKlass androidx/compose/ui/graphics/ImageBitmap
instanceKlass org/jetbrains/skia/ColorType$WhenMappings
instanceKlass org/jetbrains/skia/Bitmap$_FinalizerHolder
instanceKlass org/jetbrains/skia/BitmapKt
instanceKlass org/jetbrains/skia/Bitmap$Companion
instanceKlass org/jetbrains/skia/ColorSpace$_FinalizerHolder
instanceKlass org/jetbrains/skia/ColorSpaceKt
instanceKlass org/jetbrains/skia/ColorSpace$Companion
instanceKlass androidx/compose/ui/graphics/SkiaImageAsset_skikoKt
instanceKlass androidx/compose/ui/graphics/ImageBitmapKt
instanceKlass  @bci org/jetbrains/compose/resources/SvgPainter onDraw (Landroidx/compose/ui/graphics/drawscope/DrawScope;)V 155 <appendix> member <vmtarget> ; # org/jetbrains/compose/resources/SvgPainter$$Lambda+0x000001441d372430
instanceKlass androidx/compose/ui/layout/ScaleFactorKt
instanceKlass androidx/compose/ui/layout/ScaleFactor$Companion
instanceKlass androidx/compose/ui/layout/ScaleFactor
instanceKlass androidx/compose/ui/layout/ContentScaleKt
instanceKlass  @bci androidx/compose/foundation/layout/SizeNode measure-3p2s80s (Landroidx/compose/ui/layout/MeasureScope;Landroidx/compose/ui/layout/Measurable;J)Landroidx/compose/ui/layout/MeasureResult; 340 <appendix> member <vmtarget> ; # androidx/compose/foundation/layout/SizeNode$$Lambda+0x000001441d3776a8
instanceKlass  @bci androidx/compose/ui/draw/PainterNode measure-3p2s80s (Landroidx/compose/ui/layout/MeasureScope;Landroidx/compose/ui/layout/Measurable;J)Landroidx/compose/ui/layout/MeasureResult; 39 <appendix> member <vmtarget> ; # androidx/compose/ui/draw/PainterNode$$Lambda+0x000001441d377470
instanceKlass  @bci androidx/compose/foundation/ImageKt$Image$1$1 measure-3p2s80s (Landroidx/compose/ui/layout/MeasureScope;Ljava/util/List;J)Landroidx/compose/ui/layout/MeasureResult; 22 <appendix> argL0 ; # androidx/compose/foundation/ImageKt$Image$1$1$$Lambda+0x000001441d377240
instanceKlass androidx/compose/ui/semantics/Role$Companion
instanceKlass  @bci androidx/compose/runtime/ComposerKt removeCurrentGroup (Landroidx/compose/runtime/SlotWriter;Landroidx/compose/runtime/RememberManager;)V 6 <appendix> member <vmtarget> ; # androidx/compose/runtime/ComposerKt$$Lambda+0x000001441d3767d8
instanceKlass  @cpi androidx/compose/runtime/ComposerKt 127 form vmentry <vmtarget> ; # java/lang/invoke/LambdaForm$DMH+0x000001441d370400
instanceKlass androidx/collection/IntIntMap
instanceKlass androidx/compose/foundation/ImageKt$Image$1$1
instanceKlass androidx/compose/ui/draw/PainterModifierKt
instanceKlass  @bci androidx/compose/foundation/ImageKt Image (Landroidx/compose/ui/graphics/painter/Painter;Ljava/lang/String;Landroidx/compose/ui/Modifier;Landroidx/compose/ui/Alignment;Landroidx/compose/ui/layout/ContentScale;FLandroidx/compose/ui/graphics/ColorFilter;Landroidx/compose/runtime/Composer;II)V 557 <appendix> member <vmtarget> ; # androidx/compose/foundation/ImageKt$$Lambda+0x000001441d3757a8
instanceKlass androidx/compose/ui/layout/ContentScale$Companion$FillBounds$1
instanceKlass androidx/compose/ui/layout/FixedScale
instanceKlass androidx/compose/ui/layout/ContentScale$Companion$Inside$1
instanceKlass androidx/compose/ui/layout/ContentScale$Companion$FillWidth$1
instanceKlass androidx/compose/ui/layout/ContentScale$Companion$FillHeight$1
instanceKlass androidx/compose/ui/layout/ContentScale$Companion$Fit$1
instanceKlass androidx/compose/ui/layout/ContentScale$Companion$Crop$1
instanceKlass androidx/compose/ui/layout/ContentScale$Companion
instanceKlass androidx/compose/ui/layout/ContentScale
instanceKlass androidx/compose/foundation/ImageKt
instanceKlass org/jetbrains/skia/ColorFilterKt
instanceKlass org/jetbrains/skia/ColorFilter$Companion
instanceKlass androidx/compose/ui/graphics/SkiaColorFilter_skikoKt
instanceKlass androidx/compose/ui/graphics/ColorFilter$Companion
instanceKlass androidx/compose/ui/graphics/ColorFilter
instanceKlass org/jetbrains/compose/devtools/errorOverlay/DevToolingErrorOverlayKt$DevToolingErrorOverlay-W7C6acU$$inlined$map$1$2
instanceKlass java/awt/WaitDispatchSupport$4
instanceKlass java/awt/WaitDispatchSupport$2
instanceKlass java/awt/WaitDispatchSupport$1
instanceKlass java/awt/WaitDispatchSupport$5
instanceKlass java/awt/WaitDispatchSupport
instanceKlass java/awt/SecondaryLoop
instanceKlass  @bci java/awt/Dialog show ()V 205 <appendix> argL0 ; # java/awt/Dialog$$Lambda+0x000001441d2a0540
instanceKlass  @bci java/awt/Dialog show ()V 189 <appendix> member <vmtarget> ; # java/awt/Dialog$$Lambda+0x000001441d2a0308
instanceKlass java/util/Vector$Itr
instanceKlass java/awt/ModalEventFilter$1
instanceKlass sun/java2d/pipe/AlphaPaintPipe$TileContext
instanceKlass java/awt/ColorPaintContext
instanceKlass java/awt/PaintContext
instanceKlass  @bci sun/java2d/loops/RenderCache$Key hashCode ()I 1 <adapter> ; # java/lang/invoke/LambdaForm$MH+0x000001441d370000
instanceKlass  @bci sun/java2d/loops/RenderCache$Key hashCode ()I 1 <appendix> form vmentry <vmtarget> ; # java/lang/invoke/LambdaForm$MH+0x000001441d36fc00
instanceKlass  @bci sun/java2d/loops/RenderCache$Key hashCode ()I 1 <appendix> form names 7 function resolvedHandle form vmentry <vmtarget> ; # java/lang/invoke/LambdaForm$DMH+0x000001441d36f000
instanceKlass  @bci sun/java2d/loops/RenderCache$Key hashCode ()I 1 <appendix> argL1 form vmentry <vmtarget> ; # java/lang/invoke/LambdaForm$MH+0x000001441d36ec00
instanceKlass  @bci sun/java2d/loops/RenderCache$Key hashCode ()I 1 <appendix> argL2 argL2 argL2 form vmentry <vmtarget> ; # java/lang/invoke/LambdaForm$MH+0x000001441d36e800
instanceKlass  @bci java/lang/runtime/ObjectMethods bootstrap (Ljava/lang/invoke/MethodHandles$Lookup;Ljava/lang/String;Ljava/lang/invoke/TypeDescriptor;Ljava/lang/Class;Ljava/lang/String;[Ljava/lang/invoke/MethodHandle;)Ljava/lang/Object; 37 <appendix> argL0 ; # java/lang/runtime/ObjectMethods$$Lambda+0x000001441d29ee90
instanceKlass java/lang/invoke/DirectMethodHandle$1
# instanceKlass java/lang/invoke/LambdaForm$DMH+0x000001441d36e400
# instanceKlass java/lang/invoke/LambdaForm$DMH+0x000001441d36e000
# instanceKlass java/lang/invoke/LambdaForm$DMH+0x000001441d36dc00
# instanceKlass java/lang/invoke/LambdaForm$DMH+0x000001441d36d800
# instanceKlass java/lang/invoke/LambdaForm$DMH+0x000001441d36d000
# instanceKlass java/lang/invoke/LambdaForm$DMH+0x000001441d36c800
# instanceKlass java/lang/invoke/LambdaForm$DMH+0x000001441d36c000
# instanceKlass java/lang/invoke/LambdaForm$DMH+0x000001441d36bc00
# instanceKlass java/lang/invoke/LambdaForm$DMH+0x000001441d36b800
instanceKlass java/lang/runtime/ObjectMethods$1
# instanceKlass java/lang/invoke/LambdaForm$MH+0x000001441d36b400
instanceKlass sun/invoke/util/ValueConversions$WrapperCache
# instanceKlass java/lang/invoke/LambdaForm$MH+0x000001441d36b000
# instanceKlass java/lang/invoke/LambdaForm$MH+0x000001441d36a400
# instanceKlass java/lang/invoke/LambdaForm$MH+0x000001441d36a000
# instanceKlass java/lang/invoke/LambdaForm$MH+0x000001441d369c00
# instanceKlass java/lang/invoke/LambdaForm$DMH+0x000001441d369800
# instanceKlass java/lang/invoke/LambdaForm$DMH+0x000001441d369400
instanceKlass java/lang/invoke/MethodHandleImpl$ArrayAccessor
# instanceKlass java/lang/invoke/LambdaForm$MH+0x000001441d369000
instanceKlass java/lang/invoke/MethodHandleImpl$Makers$2
instanceKlass java/lang/invoke/MethodHandleImpl$Makers$1
instanceKlass java/lang/invoke/MethodHandleImpl$Makers
instanceKlass  @bci java/lang/invoke/BootstrapMethodInvoker invoke (Ljava/lang/Class;Ljava/lang/invoke/MethodHandle;Ljava/lang/String;Ljava/lang/Object;Ljava/lang/Object;Ljava/lang/Class;)Ljava/lang/Object; 894 <adapter> ; # java/lang/invoke/LambdaForm$MH+0x000001441d368800
instanceKlass  @bci sun/java2d/loops/RenderCache$Key hashCode ()I 1 <appendix> argL1 argL1 form vmentry <vmtarget> ; # java/lang/invoke/LambdaForm$MH+0x000001441d368400
instanceKlass java/lang/runtime/ObjectMethods
instanceKlass sun/awt/SunGraphicsCallback
instanceKlass sun/awt/image/BufImgSurfaceData$ICMColorData
instanceKlass java/awt/SplashScreen
instanceKlass androidx/compose/ui/scene/PointerEventResult
instanceKlass  @bci org/jetbrains/skiko/SwingDispatcher scheduleResumeAfterDelay (JLkotlinx/coroutines/CancellableContinuation;)V 25 <appendix> member <vmtarget> ; # org/jetbrains/skiko/SwingDispatcher$$Lambda+0x000001441d362000
instanceKlass  @bci org/jetbrains/skiko/SwingDispatcher scheduleResumeAfterDelay (JLkotlinx/coroutines/CancellableContinuation;)V 12 <appendix> member <vmtarget> ; # org/jetbrains/skiko/SwingDispatcher$$Lambda+0x000001441d367c20
instanceKlass javax/swing/RepaintManager$2$1
instanceKlass  @bci androidx/compose/ui/platform/FlushCoroutineDispatcher$dispatch$2 invokeSuspend (Ljava/lang/Object;)Ljava/lang/Object; 44 <appendix> member <vmtarget> ; # androidx/compose/ui/platform/FlushCoroutineDispatcher$dispatch$2$$Lambda+0x000001441d367470
instanceKlass java/awt/EventQueue$5
instanceKlass java/awt/KeyboardFocusManager$2
instanceKlass kotlin/sequences/SequenceScope
instanceKlass kotlin/sequences/SequencesKt__SequenceBuilderKt$sequence$$inlined$Sequence$1
instanceKlass  @bci androidx/compose/runtime/NextFrameEndCallbackQueue markFrameComplete ()V 12 <appendix> argL0 ; # androidx/compose/runtime/NextFrameEndCallbackQueue$$Lambda+0x000001441d366330
instanceKlass androidx/collection/ObjectListKt
instanceKlass androidx/compose/ui/awt/AwtWindow_desktopKt$AwtWindow$lambda$4$0$$inlined$onDispose$1
instanceKlass androidx/compose/ui/util/UpdateEffect_desktopKt$UpdateEffect$lambda$3$0$$inlined$onDispose$1
instanceKlass  @bci org/jetbrains/skiko/SkiaLayer draw$skiko (Lorg/jetbrains/skia/Canvas;)V 42 <appendix> member <vmtarget> ; # org/jetbrains/skiko/SkiaLayer$$Lambda+0x000001441d365568
instanceKlass org/jetbrains/skia/SurfaceKt
instanceKlass org/jetbrains/skia/Surface$Companion
instanceKlass org/jetbrains/skia/SurfaceProps
instanceKlass org/jetbrains/skia/DirectContextKt
instanceKlass org/jetbrains/skia/DirectContext$Companion
instanceKlass org/jetbrains/skia/Picture$Companion
instanceKlass org/jetbrains/skia/ShaderKt
instanceKlass org/jetbrains/skia/Matrix33$Companion
instanceKlass org/jetbrains/skia/Matrix33
instanceKlass androidx/compose/ui/graphics/Matrices_skikoKt
instanceKlass androidx/compose/ui/graphics/SkiaTileMode_skikoKt
instanceKlass org/jetbrains/skia/GradientStyle$Companion
instanceKlass org/jetbrains/skia/GradientStyle
instanceKlass org/jetbrains/skia/Shader$Companion
instanceKlass androidx/compose/ui/graphics/SkiaShader_skikoKt
instanceKlass androidx/compose/ui/graphics/ShaderKt
instanceKlass androidx/compose/ui/graphics/TransformShader
instanceKlass androidx/compose/material3/RippleDefaults
instanceKlass androidx/compose/ui/graphics/OutlineKt
instanceKlass  @bci androidx/compose/foundation/BackgroundNode getOutline (Landroidx/compose/ui/graphics/drawscope/ContentDrawScope;)Landroidx/compose/ui/graphics/Outline; 63 <appendix> member <vmtarget> ; # androidx/compose/foundation/BackgroundNode$$Lambda+0x000001441d35dad0
instanceKlass androidx/compose/ui/node/LayoutNodeDrawScopeKt
instanceKlass  @bci androidx/compose/foundation/BorderModifierNode drawRoundRectBorder-JqoCqck (Landroidx/compose/ui/draw/CacheDrawScope;Landroidx/compose/ui/graphics/Brush;Landroidx/compose/ui/graphics/Outline$Rounded;JJZF)Landroidx/compose/ui/draw/DrawResult; 60 <adapter> ; # java/lang/invoke/LambdaForm$MH+0x000001441d361c00
# instanceKlass java/lang/invoke/LambdaForm$DMH+0x000001441d361800
instanceKlass  @bci androidx/compose/foundation/BorderModifierNode drawRoundRectBorder-JqoCqck (Landroidx/compose/ui/draw/CacheDrawScope;Landroidx/compose/ui/graphics/Brush;Landroidx/compose/ui/graphics/Outline$Rounded;JJZF)Landroidx/compose/ui/draw/DrawResult; 60 <appendix> form vmentry <vmtarget> ; # java/lang/invoke/LambdaForm$DMH+0x000001441d361400
instanceKlass  @bci androidx/compose/foundation/BorderModifierNode drawRoundRectBorder-JqoCqck (Landroidx/compose/ui/draw/CacheDrawScope;Landroidx/compose/ui/graphics/Brush;Landroidx/compose/ui/graphics/Outline$Rounded;JJZF)Landroidx/compose/ui/draw/DrawResult; 60 <appendix> member <vmtarget> ; # androidx/compose/foundation/BorderModifierNode$$Lambda+0x000001441d35d680
instanceKlass  @cpi androidx/compose/foundation/BorderModifierNode 600 form vmentry <vmtarget> ; # java/lang/invoke/LambdaForm$DMH+0x000001441d361000
instanceKlass androidx/compose/ui/graphics/drawscope/Stroke$Companion
instanceKlass  @bci androidx/compose/ui/draw/CacheDrawModifierNodeImpl getOrBuildCachedDrawBlock (Landroidx/compose/ui/graphics/drawscope/ContentDrawScope;)Landroidx/compose/ui/draw/DrawResult; 33 <appendix> member <vmtarget> ; # androidx/compose/ui/draw/CacheDrawModifierNodeImpl$$Lambda+0x000001441d35d010
instanceKlass  @bci androidx/compose/ui/graphics/layer/GraphicsLayer record-mL-hObY (Landroidx/compose/ui/unit/Density;Landroidx/compose/ui/unit/LayoutDirection;JLkotlin/jvm/functions/Function1;)V 34 <adapter> ; # java/lang/invoke/LambdaForm$MH+0x000001441d360c00
# instanceKlass java/lang/invoke/LambdaForm$DMH+0x000001441d360800
instanceKlass  @bci androidx/compose/ui/graphics/layer/GraphicsLayer record-mL-hObY (Landroidx/compose/ui/unit/Density;Landroidx/compose/ui/unit/LayoutDirection;JLkotlin/jvm/functions/Function1;)V 34 <appendix> form vmentry <vmtarget> ; # java/lang/invoke/LambdaForm$DMH+0x000001441d360400
instanceKlass  @bci androidx/compose/ui/graphics/layer/GraphicsLayer record-mL-hObY (Landroidx/compose/ui/unit/Density;Landroidx/compose/ui/unit/LayoutDirection;JLkotlin/jvm/functions/Function1;)V 34 <appendix> member <vmtarget> ; # androidx/compose/ui/graphics/layer/GraphicsLayer$$Lambda+0x000001441d35cdd0
instanceKlass  @cpi androidx/compose/ui/graphics/layer/GraphicsLayer 487 form vmentry <vmtarget> ; # java/lang/invoke/LambdaForm$DMH+0x000001441d360000
instanceKlass  @bci androidx/compose/ui/scene/ComposeSceneRecomposer scheduleAsEffect (Lkotlin/jvm/functions/Function0;)V 18 <appendix> member <vmtarget> ; # androidx/compose/ui/scene/ComposeSceneRecomposer$$Lambda+0x000001441d35cb98
instanceKlass androidx/compose/ui/scene/BaseComposeScene$render$1$1
instanceKlass kotlinx/coroutines/DebugStringsKt
instanceKlass kotlinx/coroutines/CopyableThrowable
instanceKlass  @bci androidx/compose/ui/node/MeasurePassDelegate layoutChildrenBlock$lambda$0 (Landroidx/compose/ui/node/MeasurePassDelegate;)Lkotlin/Unit; 180 <appendix> argL0 ; # androidx/compose/ui/node/MeasurePassDelegate$$Lambda+0x000001441d35c080
instanceKlass androidx/compose/ui/Actuals_desktopKt
instanceKlass androidx/compose/ui/Actuals_skikoKt
instanceKlass androidx/compose/ui/graphics/Rects_skikoKt
instanceKlass androidx/compose/ui/geometry/RoundRect$Companion
instanceKlass androidx/compose/ui/geometry/RoundRect
instanceKlass androidx/compose/ui/geometry/RoundRectKt
instanceKlass androidx/compose/ui/geometry/CornerRadius$Companion
instanceKlass androidx/compose/ui/geometry/CornerRadius
instanceKlass androidx/compose/ui/spatial/RectListKt
instanceKlass androidx/compose/ui/graphics/MatrixKt
instanceKlass androidx/compose/ui/graphics/layer/GraphicsLayerKt
instanceKlass androidx/compose/ui/geometry/RectKt
instanceKlass androidx/compose/ui/geometry/SizeKt
instanceKlass androidx/compose/ui/graphics/Outline
instanceKlass java/awt/image/BufferedImage$1
instanceKlass java/awt/image/WritableRenderedImage
instanceKlass  @bci androidx/compose/ui/node/NodeCoordinator updateLayerParameters (Z)V 116 <appendix> member <vmtarget> ; # androidx/compose/ui/node/NodeCoordinator$$Lambda+0x000001441d359338
instanceKlass androidx/compose/ui/FrameRateCategory$Companion
instanceKlass sun/awt/image/NativeLibLoader$1
instanceKlass androidx/compose/ui/FrameRateCategory
instanceKlass sun/awt/image/NativeLibLoader
instanceKlass  @bci androidx/compose/ui/platform/GraphicsLayerOwnerLayer <init> (Landroidx/compose/ui/graphics/layer/GraphicsLayer;Landroidx/compose/ui/graphics/GraphicsContext;Landroidx/compose/ui/platform/OwnedLayerManager;Lkotlin/jvm/functions/Function2;Lkotlin/jvm/functions/Function0;)V 161 <appendix> member <vmtarget> ; # androidx/compose/ui/platform/GraphicsLayerOwnerLayer$$Lambda+0x000001441d358cd0
instanceKlass androidx/compose/ui/graphics/layer/CompositingStrategy$Companion
instanceKlass androidx/compose/ui/graphics/layer/CompositingStrategy
instanceKlass androidx/compose/ui/graphics/layer/ChildLayerDependenciesTracker
instanceKlass org/jetbrains/skiko/node/RenderNodeKt
instanceKlass org/jetbrains/skiko/node/RenderNode$Companion
instanceKlass java/awt/image/SampleModel
instanceKlass java/awt/image/Raster
instanceKlass androidx/compose/ui/platform/GraphicsLayerOwnerLayer
instanceKlass androidx/compose/ui/node/OwnedLayer
instanceKlass java/awt/image/DataBuffer$1
instanceKlass sun/awt/image/SunWritableRaster$DataStealer
instanceKlass java/awt/image/DataBuffer
instanceKlass androidx/compose/ui/SkikoComposeUiFlags
instanceKlass androidx/compose/ui/ComposeUiFlags_skikoKt
instanceKlass  @bci androidx/compose/ui/node/NodeCoordinator getDrawBlock ()Lkotlin/jvm/functions/Function2; 18 <appendix> member <vmtarget> ; # androidx/compose/ui/node/NodeCoordinator$$Lambda+0x000001441d357c00
instanceKlass androidx/compose/ui/graphics/layer/GraphicsLayer
instanceKlass  @bci androidx/compose/ui/node/NodeCoordinator getDrawBlock ()Lkotlin/jvm/functions/Function2; 10 <appendix> member <vmtarget> ; # androidx/compose/ui/node/NodeCoordinator$$Lambda+0x000001441d3577a8
instanceKlass  @bci androidx/compose/ui/node/MeasurePassDelegate layoutChildrenBlock$lambda$0 (Landroidx/compose/ui/node/MeasurePassDelegate;)Lkotlin/Unit; 5 <appendix> argL0 ; # androidx/compose/ui/node/MeasurePassDelegate$$Lambda+0x000001441d357578
instanceKlass androidx/compose/ui/platform/ValuePlatformInsets$Companion
instanceKlass androidx/compose/ui/platform/ValuePlatformInsets
instanceKlass androidx/compose/ui/platform/PlatformInsets$Companion
instanceKlass androidx/compose/ui/platform/PlatformInsets
instanceKlass com/sun/imageio/plugins/png/PNGImageDataEnumeration
instanceKlass  @bci androidx/compose/ui/layout/HorizontalRuler$Companion minOf ([Landroidx/compose/ui/layout/HorizontalRuler;)Landroidx/compose/ui/layout/HorizontalRuler; 11 <appendix> member <vmtarget> ; # androidx/compose/ui/layout/HorizontalRuler$Companion$$Lambda+0x000001441d356ab8
instanceKlass  @bci androidx/compose/ui/layout/VerticalRuler$Companion minOf ([Landroidx/compose/ui/layout/VerticalRuler;)Landroidx/compose/ui/layout/VerticalRuler; 8 <appendix> member <vmtarget> ; # androidx/compose/ui/layout/VerticalRuler$Companion$$Lambda+0x000001441d356880
instanceKlass  @bci androidx/compose/ui/layout/HorizontalRuler$Companion maxOf ([Landroidx/compose/ui/layout/HorizontalRuler;)Landroidx/compose/ui/layout/HorizontalRuler; 11 <appendix> member <vmtarget> ; # androidx/compose/ui/layout/HorizontalRuler$Companion$$Lambda+0x000001441d356648
instanceKlass javax/imageio/IIOParam
instanceKlass  @bci androidx/compose/ui/layout/VerticalRuler$Companion maxOf ([Landroidx/compose/ui/layout/VerticalRuler;)Landroidx/compose/ui/layout/VerticalRuler; 8 <appendix> member <vmtarget> ; # androidx/compose/ui/layout/VerticalRuler$Companion$$Lambda+0x000001441d356208
instanceKlass  @cpi androidx/compose/ui/layout/HorizontalRuler$Companion 30 form vmentry <vmtarget> ; # java/lang/invoke/LambdaForm$DMH+0x000001441d355000
instanceKlass androidx/compose/ui/layout/InnerRectRulers
instanceKlass androidx/compose/ui/layout/RectRulers$Companion
instanceKlass androidx/compose/ui/layout/InnermostInsetsRulers
instanceKlass javax/imageio/metadata/IIOMetadata
instanceKlass androidx/compose/ui/layout/HorizontalRuler$Companion
instanceKlass androidx/compose/ui/layout/VerticalRuler$Companion
instanceKlass androidx/compose/ui/layout/RectRulersImpl
instanceKlass androidx/compose/ui/layout/RectRulers
instanceKlass androidx/compose/ui/layout/RectRulersKt
instanceKlass javax/imageio/ImageIO$ImageReaderIterator
instanceKlass androidx/compose/ui/layout/WindowInsetsRulersImpl
instanceKlass androidx/compose/ui/layout/WindowInsetsRulers$Companion
instanceKlass com/sun/imageio/plugins/common/ReaderUtil
instanceKlass androidx/compose/ui/layout/WindowInsetsRulers
instanceKlass javax/imageio/spi/FilterIterator
instanceKlass javax/imageio/ImageIO$CanDecodeInputFilter
instanceKlass javax/imageio/spi/ServiceRegistry$Filter
instanceKlass javax/imageio/stream/FileCacheImageInputStream$StreamDisposerRecord
instanceKlass androidx/compose/ui/layout/LayoutCoordinatesKt
instanceKlass  @bci com/sun/imageio/stream/StreamCloser addToQueue (Lcom/sun/imageio/stream/StreamCloser$CloseAction;)V 45 <appendix> member <vmtarget> ; # com/sun/imageio/stream/StreamCloser$$Lambda+0x000001441d292c90
instanceKlass androidx/compose/ui/graphics/ImageBitmapConfig$Companion
instanceKlass com/sun/imageio/stream/StreamCloser$1
instanceKlass com/sun/imageio/stream/StreamCloser$CloseAction
instanceKlass com/sun/imageio/stream/StreamCloser
instanceKlass androidx/compose/ui/graphics/ImageBitmapConfig
instanceKlass androidx/compose/ui/node/LookaheadCapablePlaceable$ResettableRulerScope
instanceKlass  @bci androidx/compose/ui/node/LookaheadCapablePlaceable captureRulers-OSxE8f4 (Landroidx/compose/ui/node/PlaceableResult;JJ)V 79 <adapter> ; # java/lang/invoke/LambdaForm$MH+0x000001441d354c00
# instanceKlass java/lang/invoke/LambdaForm$DMH+0x000001441d354800
instanceKlass org/jetbrains/compose/resources/DrawCache
instanceKlass  @bci androidx/compose/ui/node/LookaheadCapablePlaceable captureRulers-OSxE8f4 (Landroidx/compose/ui/node/PlaceableResult;JJ)V 79 <appendix> form vmentry <vmtarget> ; # java/lang/invoke/LambdaForm$DMH+0x000001441d354400
instanceKlass  @bci androidx/compose/ui/node/LookaheadCapablePlaceable captureRulers-OSxE8f4 (Landroidx/compose/ui/node/PlaceableResult;JJ)V 79 <appendix> member <vmtarget> ; # androidx/compose/ui/node/LookaheadCapablePlaceable$$Lambda+0x000001441d351170
instanceKlass  @cpi androidx/compose/ui/node/LookaheadCapablePlaceable 510 form vmentry <vmtarget> ; # java/lang/invoke/LambdaForm$DMH+0x000001441d354000
# instanceKlass org/jetbrains/skia/Rect$Companion$$Lambda+0x000001441d350f38
# instanceKlass org/jetbrains/skia/Rect$Companion$$Lambda+0x000001441d350d00
instanceKlass  @bci org/jetbrains/skia/Rect$Companion fromInteropPointerNullable$skiko (Lkotlin/jvm/functions/Function1;)Lorg/jetbrains/skia/Rect; 22 <appendix> member <vmtarget> ; # org/jetbrains/skia/Rect$Companion$$Lambda+0x000001441d350ac8
instanceKlass java/nio/file/TempFileHelper
instanceKlass kotlin/jvm/internal/Ref$BooleanRef
# instanceKlass org/jetbrains/skia/svg/SVGSVG$$Lambda+0x000001441d350678
instanceKlass  @bci org/jetbrains/skia/svg/SVGSVG getViewBox ()Lorg/jetbrains/skia/Rect; 11 <appendix> member <vmtarget> ; # org/jetbrains/skia/svg/SVGSVG$$Lambda+0x000001441d350440
# instanceKlass org/jetbrains/skia/svg/SVGSVG$$Lambda+0x000001441d350000
instanceKlass androidx/compose/ui/layout/Ruler
# instanceKlass org/jetbrains/skia/svg/SVGSVG$$Lambda+0x000001441d34bb48
instanceKlass  @bci org/jetbrains/skia/svg/SVGSVG getHeight ()Lorg/jetbrains/skia/svg/SVGLength; 11 <appendix> member <vmtarget> ; # org/jetbrains/skia/svg/SVGSVG$$Lambda+0x000001441d34b910
instanceKlass androidx/compose/ui/node/RulerTrackingMap
instanceKlass org/jetbrains/skia/svg/SVGSVGKt
# instanceKlass org/jetbrains/skia/svg/SVGSVG$$Lambda+0x000001441d34fab0
instanceKlass javax/imageio/stream/ImageInputStreamImpl
instanceKlass javax/imageio/ImageIO$CacheInfo
# instanceKlass org/jetbrains/skia/svg/SVGSVG$$Lambda+0x000001441d34f520
# instanceKlass org/jetbrains/skia/svg/SVGSVG$$Lambda+0x000001441d34f2e8
# instanceKlass org/jetbrains/skia/svg/SVGSVG$$Lambda+0x000001441d34f0b0
instanceKlass  @bci org/jetbrains/skia/svg/SVGSVG getWidth ()Lorg/jetbrains/skia/svg/SVGLength; 11 <appendix> member <vmtarget> ; # org/jetbrains/skia/svg/SVGSVG$$Lambda+0x000001441d34ee78
instanceKlass org/jetbrains/skia/svg/SVGSVG$Companion
instanceKlass  @bci androidx/compose/ui/layout/RulerProviderModifierNode measure-3p2s80s (Landroidx/compose/ui/layout/MeasureScope;Landroidx/compose/ui/layout/Measurable;J)Landroidx/compose/ui/layout/MeasureResult; 47 <appendix> member <vmtarget> ; # androidx/compose/ui/layout/RulerProviderModifierNode$$Lambda+0x000001441d34ea28
instanceKlass org/jetbrains/skia/svg/SVGContainer$Companion
instanceKlass  @bci androidx/compose/ui/layout/RootMeasurePolicy measure-3p2s80s (Landroidx/compose/ui/layout/MeasureScope;Ljava/util/List;J)Landroidx/compose/ui/layout/MeasureResult; 103 <appendix> member <vmtarget> ; # androidx/compose/ui/layout/RootMeasurePolicy$$Lambda+0x000001441d34e7f0
instanceKlass javax/imageio/spi/PartialOrderIterator
instanceKlass javax/imageio/ImageWriter
instanceKlass  @bci androidx/compose/ui/layout/OverlayLayout_skikoKt$OverlayLayout$1$1 measure-3p2s80s (Landroidx/compose/ui/layout/MeasureScope;Ljava/util/List;J)Landroidx/compose/ui/layout/MeasureResult; 391 <appendix> member <vmtarget> ; # androidx/compose/ui/layout/OverlayLayout_skikoKt$OverlayLayout$1$1$$Lambda+0x000001441d34e3a0
instanceKlass javax/imageio/ImageTranscoder
instanceKlass org/jetbrains/skia/svg/SVGTransformableNode$Companion
instanceKlass org/jetbrains/skia/svg/SVGNode$Companion
instanceKlass  @bci androidx/compose/ui/awt/WindowContentLayout_desktopKt$WindowContentLayout$1$1 measure-3p2s80s (Landroidx/compose/ui/layout/MeasureScope;Ljava/util/List;J)Landroidx/compose/ui/layout/MeasureResult; 487 <appendix> member <vmtarget> ; # androidx/compose/ui/awt/WindowContentLayout_desktopKt$WindowContentLayout$1$1$$Lambda+0x000001441d34dd38
instanceKlass javax/imageio/ImageTypeSpecifier
instanceKlass java/awt/image/RenderedImage
instanceKlass  @bci androidx/compose/foundation/layout/PaddingNode measure-3p2s80s (Landroidx/compose/ui/layout/MeasureScope;Landroidx/compose/ui/layout/Measurable;J)Landroidx/compose/ui/layout/MeasureResult; 113 <appendix> member <vmtarget> ; # androidx/compose/foundation/layout/PaddingNode$$Lambda+0x000001441d34d1c0
instanceKlass javax/imageio/metadata/IIOMetadataFormat
instanceKlass  @bci androidx/compose/animation/SizeAnimationModifierNode measure-3p2s80s (Landroidx/compose/ui/layout/MeasureScope;Landroidx/compose/ui/layout/Measurable;J)Landroidx/compose/ui/layout/MeasureResult; 232 <adapter> ; # java/lang/invoke/LambdaForm$MH+0x000001441d34ac00
# instanceKlass java/lang/invoke/LambdaForm$DMH+0x000001441d34a800
instanceKlass  @bci androidx/compose/animation/SizeAnimationModifierNode measure-3p2s80s (Landroidx/compose/ui/layout/MeasureScope;Landroidx/compose/ui/layout/Measurable;J)Landroidx/compose/ui/layout/MeasureResult; 232 <appendix> form vmentry <vmtarget> ; # java/lang/invoke/LambdaForm$DMH+0x000001441d34a400
# instanceKlass androidx/compose/ui/graphics/painter/Painter$$Lambda+0x000001441d34cf88
# instanceKlass androidx/compose/ui/graphics/painter/Painter$$Lambda+0x000001441d34cd50
instanceKlass javax/imageio/ImageReader
instanceKlass  @bci androidx/compose/ui/graphics/painter/Painter <init> ()V 18 <appendix> member <vmtarget> ; # androidx/compose/ui/graphics/painter/Painter$$Lambda+0x000001441d34cb18
instanceKlass  @bci androidx/compose/animation/SizeAnimationModifierNode measure-3p2s80s (Landroidx/compose/ui/layout/MeasureScope;Landroidx/compose/ui/layout/Measurable;J)Landroidx/compose/ui/layout/MeasureResult; 232 <appendix> member <vmtarget> ; # androidx/compose/animation/SizeAnimationModifierNode$$Lambda+0x000001441d34c8e0
instanceKlass  @cpi androidx/compose/animation/SizeAnimationModifierNode 199 form vmentry <vmtarget> ; # java/lang/invoke/LambdaForm$DMH+0x000001441d34a000
instanceKlass androidx/compose/animation/SizeAnimationModifierNode$AnimData
instanceKlass  @bci androidx/compose/foundation/layout/ColumnMeasurePolicy placeHelper ([Landroidx/compose/ui/layout/Placeable;Landroidx/compose/ui/layout/MeasureScope;I[III[IIII)Landroidx/compose/ui/layout/MeasureResult; 40 <adapter> ; # java/lang/invoke/LambdaForm$MH+0x000001441d349c00
# instanceKlass java/lang/invoke/LambdaForm$DMH+0x000001441d349800
instanceKlass  @bci androidx/compose/foundation/layout/ColumnMeasurePolicy placeHelper ([Landroidx/compose/ui/layout/Placeable;Landroidx/compose/ui/layout/MeasureScope;I[III[IIII)Landroidx/compose/ui/layout/MeasureResult; 40 <appendix> form vmentry <vmtarget> ; # java/lang/invoke/LambdaForm$DMH+0x000001441d349400
instanceKlass  @bci androidx/compose/foundation/layout/ColumnMeasurePolicy placeHelper ([Landroidx/compose/ui/layout/Placeable;Landroidx/compose/ui/layout/MeasureScope;I[III[IIII)Landroidx/compose/ui/layout/MeasureResult; 40 <appendix> member <vmtarget> ; # androidx/compose/foundation/layout/ColumnMeasurePolicy$$Lambda+0x000001441d34c238
instanceKlass  @cpi androidx/compose/foundation/layout/ColumnMeasurePolicy 83 form vmentry <vmtarget> ; # java/lang/invoke/LambdaForm$DMH+0x000001441d349000
instanceKlass javax/imageio/spi/IIORegistry$1
instanceKlass  @bci androidx/compose/foundation/layout/UnspecifiedConstraintsNode measure-3p2s80s (Landroidx/compose/ui/layout/MeasureScope;Landroidx/compose/ui/layout/Measurable;J)Landroidx/compose/ui/layout/MeasureResult; 269 <appendix> member <vmtarget> ; # androidx/compose/foundation/layout/UnspecifiedConstraintsNode$$Lambda+0x000001441d34c000
instanceKlass  @bci androidx/compose/ui/graphics/SimpleGraphicsLayerModifier measure-3p2s80s (Landroidx/compose/ui/layout/MeasureScope;Landroidx/compose/ui/layout/Measurable;J)Landroidx/compose/ui/layout/MeasureResult; 36 <appendix> member <vmtarget> ; # androidx/compose/ui/graphics/SimpleGraphicsLayerModifier$$Lambda+0x000001441d347ca0
instanceKlass com/sun/imageio/plugins/jpeg/JPEG
instanceKlass  @bci androidx/compose/foundation/layout/BoxMeasurePolicy measure-3p2s80s (Landroidx/compose/ui/layout/MeasureScope;Ljava/util/List;J)Landroidx/compose/ui/layout/MeasureResult; 202 <adapter> ; # java/lang/invoke/LambdaForm$MH+0x000001441d348c00
# instanceKlass java/lang/invoke/LambdaForm$DMH+0x000001441d348800
instanceKlass  @bci androidx/compose/foundation/layout/BoxMeasurePolicy measure-3p2s80s (Landroidx/compose/ui/layout/MeasureScope;Ljava/util/List;J)Landroidx/compose/ui/layout/MeasureResult; 202 <appendix> form vmentry <vmtarget> ; # java/lang/invoke/LambdaForm$DMH+0x000001441d348400
instanceKlass  @bci androidx/compose/foundation/layout/BoxMeasurePolicy measure-3p2s80s (Landroidx/compose/ui/layout/MeasureScope;Ljava/util/List;J)Landroidx/compose/ui/layout/MeasureResult; 202 <appendix> member <vmtarget> ; # androidx/compose/foundation/layout/BoxMeasurePolicy$$Lambda+0x000001441d347a68
instanceKlass  @cpi androidx/compose/foundation/layout/BoxMeasurePolicy 131 form vmentry <vmtarget> ; # java/lang/invoke/LambdaForm$DMH+0x000001441d348000
instanceKlass androidx/compose/material/ripple/RippleAnimationKt
instanceKlass androidx/compose/ui/node/LookaheadCapablePlaceable$layout$1
instanceKlass androidx/compose/ui/layout/MeasureResult
instanceKlass  @bci androidx/compose/foundation/layout/BoxMeasurePolicy measure-3p2s80s (Landroidx/compose/ui/layout/MeasureScope;Ljava/util/List;J)Landroidx/compose/ui/layout/MeasureResult; 31 <appendix> argL0 ; # androidx/compose/foundation/layout/BoxMeasurePolicy$$Lambda+0x000001441d3471b8
instanceKlass androidx/compose/foundation/layout/RowColumnImplKt
instanceKlass androidx/compose/foundation/layout/RowColumnMeasurePolicyKt
instanceKlass javax/imageio/stream/ImageOutputStream
instanceKlass javax/imageio/spi/DigraphNode
instanceKlass androidx/compose/ui/node/MeasurePassDelegate$WhenMappings
instanceKlass androidx/compose/ui/node/LayoutNodeLayoutDelegateKt
instanceKlass javax/imageio/stream/ImageInputStream
instanceKlass androidx/compose/runtime/collection/MutableVectorKt
instanceKlass org/jetbrains/skia/svg/SVGDOMKt
instanceKlass androidx/compose/runtime/collection/MutableVector$MutableVectorList
instanceKlass org/jetbrains/skia/Data$_FinalizerHolder
instanceKlass org/jetbrains/skia/DataKt
instanceKlass javax/imageio/spi/SubRegistry
instanceKlass org/jetbrains/skia/Data$Companion
instanceKlass javax/imageio/spi/IIOServiceProvider
instanceKlass javax/imageio/spi/RegisterableService
instanceKlass  @bci androidx/compose/ui/node/MeasurePassDelegate remeasure-BRTryo0 (J)Z 130 <appendix> argL0 ; # androidx/compose/ui/node/MeasurePassDelegate$$Lambda+0x000001441d3454d0
instanceKlass javax/imageio/spi/ServiceRegistry
instanceKlass org/jetbrains/skia/svg/SVGDOM$Companion
instanceKlass org/jetbrains/compose/resources/SvgElement
instanceKlass androidx/compose/ui/MotionDurationScale$Key
instanceKlass androidx/compose/ui/MotionDurationScale
instanceKlass org/jetbrains/compose/resources/ImageResources_skikoKt
instanceKlass org/jetbrains/compose/resources/ImageDecoders_skikoKt
instanceKlass javax/imageio/ImageIO
instanceKlass androidx/compose/animation/core/SuspendAnimationKt
instanceKlass  @bci androidx/compose/runtime/BroadcastFrameClock sendFrame (J)V 5 <appendix> member <vmtarget> ; # androidx/compose/runtime/BroadcastFrameClock$$Lambda+0x000001441d3439f8
instanceKlass org/jetbrains/compose/devtools/theme/DtImagesKt
instanceKlass org/jetbrains/compose/devtools/widgets/DtStatusColorKt$changes$1$1
instanceKlass kotlinx/coroutines/Deferred
instanceKlass org/jetbrains/compose/devtools/theme/DtImages
instanceKlass androidx/compose/foundation/interaction/PressInteractionKt$collectIsPressedAsState$1$1$1
instanceKlass androidx/compose/foundation/interaction/HoverInteractionKt$collectIsHoveredAsState$1$1$1
instanceKlass androidx/compose/runtime/BroadcastFrameClock$withFrameNanos$2$1
instanceKlass  @bci androidx/compose/runtime/internal/AwaiterQueue addAwaiter (Landroidx/compose/runtime/internal/AwaiterQueue$Awaiter;Lkotlin/jvm/functions/Function0;)Landroidx/compose/runtime/CancellationHandle; 244 <appendix> member <vmtarget> ; # androidx/compose/runtime/internal/AwaiterQueue$$Lambda+0x000001441d341330
instanceKlass androidx/compose/runtime/OneShotCancellationHandle
instanceKlass androidx/compose/runtime/CancellationHandle
instanceKlass androidx/compose/runtime/internal/AwaiterQueue$Awaiter
instanceKlass androidx/compose/ui/platform/InfiniteAnimationPolicy$Key
instanceKlass androidx/compose/ui/platform/InfiniteAnimationPolicy
instanceKlass androidx/compose/animation/core/InfiniteAnimationPolicyKt
instanceKlass  @bci androidx/compose/animation/core/InfiniteTransition$run$1$1 invokeSuspend (Ljava/lang/Object;)Ljava/lang/Object; 72 <appendix> member <vmtarget> ; # androidx/compose/animation/core/InfiniteTransition$run$1$1$$Lambda+0x000001441d340218
instanceKlass kotlin/jvm/internal/Ref$FloatRef
instanceKlass kotlinx/coroutines/CancelHandler$UserSupplied
instanceKlass  @bci androidx/compose/ui/platform/FlushCoroutineDispatcher scheduleResumeAfterDelay (JLkotlinx/coroutines/CancellableContinuation;)V 94 <appendix> member <vmtarget> ; # androidx/compose/ui/platform/FlushCoroutineDispatcher$$Lambda+0x000001441d33cd10
instanceKlass  @bci androidx/compose/ui/platform/FlushCoroutineDispatcher scheduleResumeAfterDelay (JLkotlinx/coroutines/CancellableContinuation;)V 7 <appendix> member <vmtarget> ; # androidx/compose/ui/platform/FlushCoroutineDispatcher$$Lambda+0x000001441d33c800
instanceKlass org/jetbrains/compose/devtools/sidecar/DtAnimatedWindowKt$DtAnimatedWindow$4$1$1$invokeSuspend$$inlined$withType$1
instanceKlass kotlinx/coroutines/flow/internal/AbstractSharedFlowKt
instanceKlass androidx/compose/foundation/InputModeFilterInteractionSource$interactions$1$1
instanceKlass kotlin/jvm/internal/Ref$IntRef
instanceKlass androidx/compose/material/ripple/RippleNode$onAttach$1$1
instanceKlass androidx/compose/ui/node/OnPositionedDispatcher$Companion$DepthComparator
instanceKlass androidx/compose/runtime/snapshots/GlobalSnapshot$takeNestedSnapshot$1$1
instanceKlass  @bci androidx/compose/runtime/SnapshotStateKt__SnapshotFlowKt$snapshotFlow$1 invokeSuspend (Ljava/lang/Object;)Ljava/lang/Object; 88 <appendix> member <vmtarget> ; # androidx/compose/runtime/SnapshotStateKt__SnapshotFlowKt$snapshotFlow$1$$Lambda+0x000001441d33e980
instanceKlass  @bci androidx/compose/runtime/SnapshotStateKt__SnapshotFlowKt$snapshotFlow$1 invokeSuspend (Ljava/lang/Object;)Ljava/lang/Object; 64 <appendix> member <vmtarget> ; # androidx/compose/runtime/SnapshotStateKt__SnapshotFlowKt$snapshotFlow$1$$Lambda+0x000001441d33e748
instanceKlass androidx/compose/ui/node/RootNodeOwner$1$2
instanceKlass  @bci androidx/compose/ui/node/RootNodeOwner$1 invokeSuspend (Ljava/lang/Object;)Ljava/lang/Object; 40 <appendix> member <vmtarget> ; # androidx/compose/ui/node/RootNodeOwner$1$$Lambda+0x000001441d33e000
instanceKlass androidx/compose/ui/graphics/SkiaBackedCanvas
instanceKlass androidx/compose/ui/graphics/SkiaBackedCanvas_skikoKt
instanceKlass  @bci androidx/compose/ui/scene/ComposeSceneMediator onRender (Lorg/jetbrains/skia/Canvas;IIJ)V 25 <appendix> member <vmtarget> ; # androidx/compose/ui/scene/ComposeSceneMediator$$Lambda+0x000001441d33b858
instanceKlass  @cpi androidx/compose/ui/scene/ComposeSceneMediator 1097 form vmentry <vmtarget> ; # java/lang/invoke/LambdaForm$DMH+0x000001441d33c000
instanceKlass org/jetbrains/skia/CanvasKt
instanceKlass org/jetbrains/skia/Canvas$_FinalizerHolder
instanceKlass kotlin/time/LongSaturatedMathKt
instanceKlass kotlin/time/TimeSource$Monotonic$ValueTimeMark
instanceKlass kotlin/time/MonotonicTimeSource
instanceKlass kotlin/time/ComparableTimeMark
instanceKlass kotlin/time/TimeMark
instanceKlass kotlin/time/TimeSource$Monotonic
instanceKlass kotlin/time/TimeSource$WithComparableMarks
instanceKlass kotlin/time/TimeSource
instanceKlass org/jetbrains/skiko/redrawer/RedrawerKt
instanceKlass  @bci androidx/compose/ui/awt/SwingDialog_desktopKt SwingDialog$lambda$26$0 (Landroidx/compose/ui/util/ComponentUpdater;Landroidx/compose/ui/window/DialogState;Landroidx/compose/ui/awt/SwingDialog_desktopKt$SwingDialog$appliedState$1$1;Landroidx/compose/runtime/State;Landroidx/compose/runtime/State;Landroidx/compose/runtime/State;Landroidx/compose/runtime/State;Landroidx/compose/runtime/State;Landroidx/compose/runtime/State;Landroidx/compose/runtime/State;Landroidx/compose/runtime/State;Landroidx/compose/runtime/State;Landroidx/compose/ui/awt/ComposeDialog;)Lkotlin/Unit; 114 <appendix> member <vmtarget> ; # androidx/compose/ui/awt/SwingDialog_desktopKt$$Lambda+0x000001441d339708
instanceKlass javax/swing/RepaintManager$2
instanceKlass java/awt/KeyboardFocusManager$LightweightFocusRequest
instanceKlass java/awt/KeyboardFocusManager$HeavyweightFocusRequest
instanceKlass java/awt/DefaultKeyboardFocusManager$TypeAheadMarker
instanceKlass java/util/LinkedList$ListItr
instanceKlass sun/awt/KeyboardFocusManagerPeerImpl$KfmAccessor
instanceKlass sun/awt/GlobalCursorManager$NativeUpdater
instanceKlass sun/awt/GlobalCursorManager
instanceKlass androidx/compose/ui/unit/IntSizeKt
instanceKlass  @bci androidx/compose/ui/scene/ComposeSceneMediator onComposeInvalidation ()V 5 <appendix> member <vmtarget> ; # androidx/compose/ui/scene/ComposeSceneMediator$$Lambda+0x000001441d3392b8
instanceKlass androidx/compose/runtime/saveable/SaveableStateRegistryImpl$registerProvider$3
instanceKlass androidx/compose/runtime/saveable/SaveableStateRegistry$Entry
instanceKlass androidx/compose/animation/core/InfiniteTransitionKt$animateValue$lambda$2$0$$inlined$onDispose$1
instanceKlass androidx/compose/ui/platform/CompositionLocals_skikoKt$ProvidePlatformCompositionLocals$lambda$1$0$$inlined$onDispose$1
instanceKlass androidx/compose/ui/platform/a11y/AccessibilityController$AccessibilityUsage
instanceKlass androidx/compose/ui/focus/FocusStateImpl$WhenMappings
instanceKlass androidx/compose/ui/focus/FocusState
instanceKlass  @bci androidx/compose/foundation/AbstractClickableNode applySemantics (Landroidx/compose/ui/semantics/SemanticsPropertyReceiver;)V 36 <appendix> member <vmtarget> ; # androidx/compose/foundation/AbstractClickableNode$$Lambda+0x000001441d3376a0
instanceKlass androidx/compose/ui/node/DrawModifierNodeKt
instanceKlass androidx/compose/material/ripple/Ripple_nonAndroidKt
instanceKlass androidx/compose/material/ripple/RippleKt
instanceKlass  @bci androidx/compose/material3/DelegatingThemeAwareRippleNode attachNewRipple ()V 13 <appendix> member <vmtarget> ; # androidx/compose/material3/DelegatingThemeAwareRippleNode$$Lambda+0x000001441d336498
instanceKlass androidx/compose/material/ripple/RippleAlpha
instanceKlass androidx/compose/material3/DelegatingThemeAwareRippleNode$attachNewRipple$calculateColor$1
instanceKlass androidx/compose/ui/node/CompositionLocalConsumerModifierNodeKt
instanceKlass  @bci androidx/compose/ui/node/ObserverNodeOwnerScope <clinit> ()V 16 <appendix> argL0 ; # androidx/compose/ui/node/ObserverNodeOwnerScope$$Lambda+0x000001441d335c00
instanceKlass androidx/compose/ui/node/ObserverNodeOwnerScope$Companion
instanceKlass androidx/compose/ui/node/ObserverNodeOwnerScope
instanceKlass androidx/compose/ui/node/ObserverModifierNodeKt
instanceKlass  @bci androidx/compose/material3/DelegatingThemeAwareRippleNode updateConfiguration ()V 5 <appendix> member <vmtarget> ; # androidx/compose/material3/DelegatingThemeAwareRippleNode$$Lambda+0x000001441d335360
instanceKlass androidx/compose/material3/RippleNodeFactory$create$colorProducer$1
instanceKlass androidx/compose/ui/graphics/ColorProducer
instanceKlass androidx/compose/foundation/InputModeFilterInteractionSource
instanceKlass androidx/compose/foundation/InputModeFilterIndicationNodeFactory
instanceKlass androidx/compose/foundation/Indication_skikoKt
instanceKlass androidx/compose/foundation/ComposeFoundationFlags
instanceKlass androidx/collection/LongObjectMapKt
instanceKlass androidx/compose/ui/focus/FocusTargetModifierNodeKt
instanceKlass androidx/compose/foundation/FocusableNode$TraverseKey
instanceKlass androidx/compose/foundation/AbstractClickableNode$TraverseKey
instanceKlass androidx/compose/ui/input/pointer/SuspendingPointerInputModifierNodeImpl$PointerEventHandlerCoroutine
instanceKlass androidx/compose/ui/input/pointer/AwaitPointerEventScope
instanceKlass androidx/compose/ui/input/pointer/PointerInputScope
instanceKlass androidx/compose/ui/input/pointer/SuspendingPointerInputModifierNode
instanceKlass  @bci androidx/compose/ui/graphics/SimpleGraphicsLayerModifier <init> (FFFFFFFFFFJLandroidx/compose/ui/graphics/Shape;ZLandroidx/compose/ui/graphics/RenderEffect;JJIILandroidx/compose/ui/graphics/ColorFilter;)V 124 <appendix> member <vmtarget> ; # androidx/compose/ui/graphics/SimpleGraphicsLayerModifier$$Lambda+0x000001441d32ec28
instanceKlass  @bci androidx/compose/ui/draw/CacheDrawModifierNodeImpl <init> (Landroidx/compose/ui/draw/CacheDrawScope;Lkotlin/jvm/functions/Function1;)V 43 <appendix> member <vmtarget> ; # androidx/compose/ui/draw/CacheDrawModifierNodeImpl$$Lambda+0x000001441d32e690
instanceKlass androidx/compose/ui/draw/EmptyBuildDrawCacheParams
instanceKlass androidx/compose/ui/draw/CacheDrawModifierNode
instanceKlass androidx/compose/ui/draw/DrawModifierKt
instanceKlass  @bci androidx/compose/foundation/BorderModifierNode <init> (FLandroidx/compose/ui/graphics/Brush;Landroidx/compose/ui/graphics/Shape;)V 34 <appendix> member <vmtarget> ; # androidx/compose/foundation/BorderModifierNode$$Lambda+0x000001441d32daa8
instanceKlass androidx/compose/ui/draw/DrawResult
instanceKlass androidx/compose/ui/draw/CacheDrawScope
instanceKlass  @bci androidx/compose/ui/platform/CompositionLocalsKt ProvideCommonCompositionLocals (Landroidx/compose/ui/node/Owner;Landroidx/compose/ui/platform/UriHandler;Lkotlin/jvm/functions/Function2;Landroidx/compose/runtime/Composer;I)V 631 <adapter> ; # java/lang/invoke/LambdaForm$MH+0x000001441d32bc00
# instanceKlass java/lang/invoke/LambdaForm$DMH+0x000001441d32b800
instanceKlass  @bci androidx/compose/ui/platform/CompositionLocalsKt ProvideCommonCompositionLocals (Landroidx/compose/ui/node/Owner;Landroidx/compose/ui/platform/UriHandler;Lkotlin/jvm/functions/Function2;Landroidx/compose/runtime/Composer;I)V 631 <appendix> form vmentry <vmtarget> ; # java/lang/invoke/LambdaForm$DMH+0x000001441d32b400
instanceKlass  @bci androidx/compose/ui/platform/CompositionLocalsKt ProvideCommonCompositionLocals (Landroidx/compose/ui/node/Owner;Landroidx/compose/ui/platform/UriHandler;Lkotlin/jvm/functions/Function2;Landroidx/compose/runtime/Composer;I)V 631 <appendix> member <vmtarget> ; # androidx/compose/ui/platform/CompositionLocalsKt$$Lambda+0x000001441d32cde8
instanceKlass  @cpi androidx/compose/ui/platform/CompositionLocalsKt 333 form vmentry <vmtarget> ; # java/lang/invoke/LambdaForm$DMH+0x000001441d32b000
instanceKlass  @bci androidx/compose/ui/awt/WindowContentLayout_desktopKt WindowContentLayout (Landroidx/compose/ui/Modifier;Lkotlin/jvm/functions/Function2;Landroidx/compose/runtime/Composer;II)V 633 <adapter> ; # java/lang/invoke/LambdaForm$MH+0x000001441d32ac00
# instanceKlass java/lang/invoke/LambdaForm$DMH+0x000001441d32a800
instanceKlass  @bci androidx/compose/ui/awt/WindowContentLayout_desktopKt WindowContentLayout (Landroidx/compose/ui/Modifier;Lkotlin/jvm/functions/Function2;Landroidx/compose/runtime/Composer;II)V 633 <appendix> form vmentry <vmtarget> ; # java/lang/invoke/LambdaForm$DMH+0x000001441d32a400
instanceKlass  @bci androidx/compose/ui/awt/WindowContentLayout_desktopKt WindowContentLayout (Landroidx/compose/ui/Modifier;Lkotlin/jvm/functions/Function2;Landroidx/compose/runtime/Composer;II)V 633 <appendix> member <vmtarget> ; # androidx/compose/ui/awt/WindowContentLayout_desktopKt$$Lambda+0x000001441d32cbb0
instanceKlass  @cpi androidx/compose/ui/awt/WindowContentLayout_desktopKt 253 form vmentry <vmtarget> ; # java/lang/invoke/LambdaForm$DMH+0x000001441d32a000
instanceKlass  @bci androidx/compose/ui/window/UndecoratedWindowResizer Content (Landroidx/compose/ui/Modifier;Landroidx/compose/runtime/Composer;I)V 153 <appendix> member <vmtarget> ; # androidx/compose/ui/window/UndecoratedWindowResizer$$Lambda+0x000001441d32c978
instanceKlass androidx/compose/ui/layout/LayoutIdKt
instanceKlass  @bci org/jetbrains/compose/devtools/sidecar/DtReloadCounterStatusItemKt DtReloadCounterStatusItem (Landroidx/compose/ui/Modifier;ZLandroidx/compose/runtime/Composer;II)V 299 <adapter> ; # java/lang/invoke/LambdaForm$MH+0x000001441d329c00
# instanceKlass java/lang/invoke/LambdaForm$DMH+0x000001441d329800
instanceKlass  @bci org/jetbrains/compose/devtools/sidecar/DtReloadCounterStatusItemKt DtReloadCounterStatusItem (Landroidx/compose/ui/Modifier;ZLandroidx/compose/runtime/Composer;II)V 299 <appendix> form vmentry <vmtarget> ; # java/lang/invoke/LambdaForm$DMH+0x000001441d329400
instanceKlass  @bci org/jetbrains/compose/devtools/sidecar/DtReloadCounterStatusItemKt DtReloadCounterStatusItem (Landroidx/compose/ui/Modifier;ZLandroidx/compose/runtime/Composer;II)V 299 <appendix> member <vmtarget> ; # org/jetbrains/compose/devtools/sidecar/DtReloadCounterStatusItemKt$$Lambda+0x000001441d32c238
instanceKlass  @cpi org/jetbrains/compose/devtools/sidecar/DtReloadCounterStatusItemKt 124 form vmentry <vmtarget> ; # java/lang/invoke/LambdaForm$DMH+0x000001441d329000
instanceKlass org/jetbrains/compose/devtools/sidecar/DtReloadCounterStatusItemKt$DtReloadCounterStatusItem$1
instanceKlass org/jetbrains/compose/devtools/sidecar/DtReloadCounterStatusItemKt
instanceKlass  @bci org/jetbrains/compose/devtools/sidecar/DtNotificationsWindowKt DtNotificationsButton (Landroidx/compose/runtime/Composer;I)V 600 <appendix> member <vmtarget> ; # org/jetbrains/compose/devtools/sidecar/DtNotificationsWindowKt$$Lambda+0x000001441d323b80
instanceKlass  @bci org/jetbrains/compose/devtools/sidecar/DtSidecarKt DtSidecarCloseButton (Landroidx/compose/runtime/Composer;I)V 97 <appendix> argL0 ; # org/jetbrains/compose/devtools/sidecar/DtSidecarKt$$Lambda+0x000001441d323678
instanceKlass  @bci org/jetbrains/compose/devtools/sidecar/DtSidecarKt DtSidecarRestartButton (Landroidx/compose/runtime/Composer;I)V 97 <appendix> argL0 ; # org/jetbrains/compose/devtools/sidecar/DtSidecarKt$$Lambda+0x000001441d323448
instanceKlass  @bci org/jetbrains/compose/devtools/sidecar/DtLogWindowKt DtShowLogsButton (Landroidx/compose/runtime/Composer;I)V 389 <appendix> member <vmtarget> ; # org/jetbrains/compose/devtools/sidecar/DtLogWindowKt$$Lambda+0x000001441d323218
instanceKlass org/jetbrains/compose/devtools/sidecar/ComposableSingletons$DtLogWindowKt$lambda$-1786549076$1
instanceKlass org/jetbrains/compose/devtools/sidecar/ComposableSingletons$DtLogWindowKt
instanceKlass  @bci org/jetbrains/compose/devtools/sidecar/DtLogWindowKt DtShowLogsButton (Landroidx/compose/runtime/Composer;I)V 153 <appendix> member <vmtarget> ; # org/jetbrains/compose/devtools/sidecar/DtLogWindowKt$$Lambda+0x000001441d322b98
instanceKlass  @bci org/jetbrains/compose/devtools/sidecar/DtSidecarKt DtSidecarResetButton (Landroidx/compose/runtime/Composer;I)V 97 <appendix> argL0 ; # org/jetbrains/compose/devtools/sidecar/DtSidecarKt$$Lambda+0x000001441d322968
instanceKlass  @bci org/jetbrains/compose/devtools/widgets/DtButtonKt DtButton (Lkotlin/jvm/functions/Function0;Ljava/lang/String;Landroidx/compose/ui/Modifier;Lkotlin/jvm/functions/Function1;Lorg/jetbrains/compose/devtools/Tag;Landroidx/compose/ui/graphics/Shape;Landroidx/compose/foundation/BorderStroke;Landroidx/compose/ui/Modifier;Lkotlin/jvm/functions/Function3;Landroidx/compose/runtime/Composer;II)V 1225 <adapter> ; # java/lang/invoke/LambdaForm$MH+0x000001441d328c00
# instanceKlass java/lang/invoke/LambdaForm$DMH+0x000001441d328800
instanceKlass  @bci org/jetbrains/compose/devtools/widgets/DtButtonKt DtButton (Lkotlin/jvm/functions/Function0;Ljava/lang/String;Landroidx/compose/ui/Modifier;Lkotlin/jvm/functions/Function1;Lorg/jetbrains/compose/devtools/Tag;Landroidx/compose/ui/graphics/Shape;Landroidx/compose/foundation/BorderStroke;Landroidx/compose/ui/Modifier;Lkotlin/jvm/functions/Function3;Landroidx/compose/runtime/Composer;II)V 1225 <appendix> form vmentry <vmtarget> ; # java/lang/invoke/LambdaForm$DMH+0x000001441d328400
instanceKlass  @bci org/jetbrains/compose/devtools/widgets/DtButtonKt DtButton (Lkotlin/jvm/functions/Function0;Ljava/lang/String;Landroidx/compose/ui/Modifier;Lkotlin/jvm/functions/Function1;Lorg/jetbrains/compose/devtools/Tag;Landroidx/compose/ui/graphics/Shape;Landroidx/compose/foundation/BorderStroke;Landroidx/compose/ui/Modifier;Lkotlin/jvm/functions/Function3;Landroidx/compose/runtime/Composer;II)V 1225 <appendix> member <vmtarget> ; # org/jetbrains/compose/devtools/widgets/DtButtonKt$$Lambda+0x000001441d322730
instanceKlass  @cpi org/jetbrains/compose/devtools/widgets/DtButtonKt 275 form vmentry <vmtarget> ; # java/lang/invoke/LambdaForm$DMH+0x000001441d328000
instanceKlass androidx/compose/foundation/BorderStroke
instanceKlass org/jetbrains/compose/devtools/widgets/DtButtonState
instanceKlass androidx/compose/foundation/ClickableKt
instanceKlass androidx/compose/material3/RippleNodeFactory
instanceKlass androidx/compose/foundation/IndicationNodeFactory
instanceKlass androidx/compose/foundation/Indication
instanceKlass  @bci androidx/compose/material3/RippleKt <clinit> ()V 1 <appendix> argL0 ; # androidx/compose/material3/RippleKt$$Lambda+0x000001441d327400
instanceKlass androidx/compose/material3/RippleConfiguration
instanceKlass androidx/compose/material3/RippleKt
instanceKlass androidx/compose/ui/input/pointer/PointerEventType$Companion
instanceKlass androidx/compose/ui/input/pointer/PointerEventType
instanceKlass androidx/compose/ui/input/pointer/PointerEvent$Companion
instanceKlass androidx/compose/ui/input/pointer/PointerEvent
instanceKlass androidx/compose/ui/input/pointer/SuspendingPointerInputFilterKt
instanceKlass androidx/compose/material3/SurfaceKt$Surface$1$3$1
instanceKlass androidx/compose/ui/input/pointer/PointerInputEventHandler
instanceKlass  @bci androidx/compose/material3/SurfaceKt$Surface$1 invoke (Landroidx/compose/runtime/Composer;I)V 195 <appendix> argL0 ; # androidx/compose/material3/SurfaceKt$Surface$1$$Lambda+0x000001441d325be8
instanceKlass androidx/compose/material3/SurfaceKt$Surface$1
instanceKlass androidx/compose/material3/ContentColorKt$LocalContentColor$1
instanceKlass androidx/compose/material3/ContentColorKt
instanceKlass androidx/compose/material3/tokens/PaletteTokens
instanceKlass androidx/compose/material3/tokens/ColorLightTokens
instanceKlass androidx/compose/material3/MaterialTheme
instanceKlass  @bci androidx/compose/material3/ColorSchemeKt <clinit> ()V 11 <appendix> argL0 ; # androidx/compose/material3/ColorSchemeKt$$Lambda+0x000001441d324cf0
instanceKlass  @bci androidx/compose/material3/ColorSchemeKt <clinit> ()V 0 <appendix> argL0 ; # androidx/compose/material3/ColorSchemeKt$$Lambda+0x000001441d324ac0
instanceKlass androidx/compose/material3/ColorScheme
instanceKlass androidx/compose/material3/ColorSchemeKt
instanceKlass  @bci androidx/compose/material3/SurfaceKt <clinit> ()V 1 <appendix> argL0 ; # androidx/compose/material3/SurfaceKt$$Lambda+0x000001441d324450
instanceKlass androidx/compose/material3/SurfaceKt
instanceKlass org/jetbrains/compose/devtools/widgets/DtButtonKt$DtButton$3$1
instanceKlass androidx/compose/ui/draw/ScaleKt
instanceKlass org/jetbrains/compose/devtools/widgets/DtButtonKt$DtButton$3
instanceKlass androidx/compose/foundation/interaction/PressInteractionKt
instanceKlass org/jetbrains/compose/devtools/widgets/DtButtonKt
instanceKlass org/jetbrains/compose/devtools/widgets/DtIconButtonKt$DtIconButton$2$1
instanceKlass org/jetbrains/compose/devtools/widgets/DtIconButtonKt
instanceKlass  @bci org/jetbrains/compose/devtools/sidecar/DtSidecarKt DtSidecarReloadButton (Landroidx/compose/runtime/Composer;I)V 115 <appendix> argL0 ; # org/jetbrains/compose/devtools/sidecar/DtSidecarKt$$Lambda+0x000001441d31ea38
instanceKlass  @bci org/jetbrains/compose/devtools/widgets/DtTooltipKt DtTooltip-YuIfr8w (Ljava/lang/String;JLkotlin/jvm/functions/Function2;Landroidx/compose/runtime/Composer;II)V 1504 <adapter> ; # java/lang/invoke/LambdaForm$MH+0x000001441d321c00
# instanceKlass java/lang/invoke/LambdaForm$DMH+0x000001441d321800
instanceKlass  @bci org/jetbrains/compose/devtools/widgets/DtTooltipKt DtTooltip-YuIfr8w (Ljava/lang/String;JLkotlin/jvm/functions/Function2;Landroidx/compose/runtime/Composer;II)V 1504 <appendix> form vmentry <vmtarget> ; # java/lang/invoke/LambdaForm$DMH+0x000001441d321400
instanceKlass  @bci org/jetbrains/compose/devtools/widgets/DtTooltipKt DtTooltip-YuIfr8w (Ljava/lang/String;JLkotlin/jvm/functions/Function2;Landroidx/compose/runtime/Composer;II)V 1504 <appendix> member <vmtarget> ; # org/jetbrains/compose/devtools/widgets/DtTooltipKt$$Lambda+0x000001441d31e800
instanceKlass  @cpi org/jetbrains/compose/devtools/widgets/DtTooltipKt 465 form vmentry <vmtarget> ; # java/lang/invoke/LambdaForm$DMH+0x000001441d321000
instanceKlass  @bci org/jetbrains/compose/devtools/widgets/DtLogoKt DtImage-drOMvmE (Lorg/jetbrains/compose/devtools/theme/DtImages$Image;Ljava/lang/String;Landroidx/compose/ui/graphics/Color;Landroidx/compose/ui/Modifier;Landroidx/compose/runtime/Composer;II)V 791 <adapter> ; # java/lang/invoke/LambdaForm$MH+0x000001441d320c00
# instanceKlass java/lang/invoke/LambdaForm$DMH+0x000001441d320800
instanceKlass  @bci org/jetbrains/compose/devtools/widgets/DtLogoKt DtImage-drOMvmE (Lorg/jetbrains/compose/devtools/theme/DtImages$Image;Ljava/lang/String;Landroidx/compose/ui/graphics/Color;Landroidx/compose/ui/Modifier;Landroidx/compose/runtime/Composer;II)V 791 <appendix> form vmentry <vmtarget> ; # java/lang/invoke/LambdaForm$DMH+0x000001441d320400
instanceKlass  @bci org/jetbrains/compose/devtools/widgets/DtLogoKt DtImage-drOMvmE (Lorg/jetbrains/compose/devtools/theme/DtImages$Image;Ljava/lang/String;Landroidx/compose/ui/graphics/Color;Landroidx/compose/ui/Modifier;Landroidx/compose/runtime/Composer;II)V 791 <appendix> member <vmtarget> ; # org/jetbrains/compose/devtools/widgets/DtLogoKt$$Lambda+0x000001441d31e5c8
instanceKlass  @cpi org/jetbrains/compose/devtools/widgets/DtLogoKt 349 form vmentry <vmtarget> ; # java/lang/invoke/LambdaForm$DMH+0x000001441d320000
instanceKlass androidx/compose/ui/platform/TestTagKt
instanceKlass org/jetbrains/compose/devtools/TagsKt
instanceKlass androidx/compose/foundation/layout/BoxScopeInstance
instanceKlass androidx/compose/foundation/layout/BoxScope
instanceKlass androidx/compose/foundation/layout/BoxKt$EmptyBoxMeasurePolicy$1
instanceKlass androidx/compose/foundation/layout/BoxMeasurePolicy
instanceKlass androidx/compose/foundation/layout/BoxKt
instanceKlass androidx/compose/ui/layout/OnGloballyPositionedModifierKt
instanceKlass  @bci org/jetbrains/compose/devtools/widgets/DtTooltipKt DtTooltip-YuIfr8w (Ljava/lang/String;JLkotlin/jvm/functions/Function2;Landroidx/compose/runtime/Composer;II)V 1021 <adapter> ; # java/lang/invoke/LambdaForm$MH+0x000001441d31dc00
# instanceKlass java/lang/invoke/LambdaForm$DMH+0x000001441d31d800
instanceKlass  @bci org/jetbrains/compose/devtools/widgets/DtTooltipKt DtTooltip-YuIfr8w (Ljava/lang/String;JLkotlin/jvm/functions/Function2;Landroidx/compose/runtime/Composer;II)V 1021 <appendix> form vmentry <vmtarget> ; # java/lang/invoke/LambdaForm$DMH+0x000001441d31d400
instanceKlass  @bci org/jetbrains/compose/devtools/widgets/DtTooltipKt DtTooltip-YuIfr8w (Ljava/lang/String;JLkotlin/jvm/functions/Function2;Landroidx/compose/runtime/Composer;II)V 1021 <appendix> member <vmtarget> ; # org/jetbrains/compose/devtools/widgets/DtTooltipKt$$Lambda+0x000001441d319f48
instanceKlass  @cpi org/jetbrains/compose/devtools/widgets/DtTooltipKt 316 form vmentry <vmtarget> ; # java/lang/invoke/LambdaForm$DMH+0x000001441d31d000
instanceKlass androidx/compose/foundation/HoverableKt
instanceKlass  @bci androidx/compose/ui/window/WindowState_desktopKt rememberWindowState-Y_qrr4g (Landroidx/compose/ui/window/WindowPlacement;ZLandroidx/compose/ui/window/WindowPosition;JLandroidx/compose/runtime/Composer;II)Landroidx/compose/ui/window/WindowState; 340 <adapter> ; # java/lang/invoke/LambdaForm$MH+0x000001441d31cc00
# instanceKlass java/lang/invoke/LambdaForm$DMH+0x000001441d31c800
instanceKlass  @bci androidx/compose/ui/window/WindowState_desktopKt rememberWindowState-Y_qrr4g (Landroidx/compose/ui/window/WindowPlacement;ZLandroidx/compose/ui/window/WindowPosition;JLandroidx/compose/runtime/Composer;II)Landroidx/compose/ui/window/WindowState; 340 <appendix> form vmentry <vmtarget> ; # java/lang/invoke/LambdaForm$DMH+0x000001441d31c400
instanceKlass  @bci androidx/compose/ui/window/WindowState_desktopKt rememberWindowState-Y_qrr4g (Landroidx/compose/ui/window/WindowPlacement;ZLandroidx/compose/ui/window/WindowPosition;JLandroidx/compose/runtime/Composer;II)Landroidx/compose/ui/window/WindowState; 340 <appendix> member <vmtarget> ; # androidx/compose/ui/window/WindowState_desktopKt$$Lambda+0x000001441d319530
instanceKlass  @cpi androidx/compose/ui/window/WindowState_desktopKt 108 form vmentry <vmtarget> ; # java/lang/invoke/LambdaForm$DMH+0x000001441d31c000
instanceKlass  @bci androidx/compose/ui/window/WindowStateImpl$Companion Saver (Landroidx/compose/ui/window/WindowPosition;)Landroidx/compose/runtime/saveable/Saver; 12 <appendix> member <vmtarget> ; # androidx/compose/ui/window/WindowStateImpl$Companion$$Lambda+0x000001441d3192f8
instanceKlass  @bci androidx/compose/ui/window/WindowStateImpl$Companion Saver (Landroidx/compose/ui/window/WindowPosition;)Landroidx/compose/runtime/saveable/Saver; 6 <appendix> argL0 ; # androidx/compose/ui/window/WindowStateImpl$Companion$$Lambda+0x000001441d3190c8
instanceKlass androidx/compose/ui/text/SkiaParagraph_skikoKt
instanceKlass  @bci org/jetbrains/skia/Font getMetrics ()Lorg/jetbrains/skia/FontMetrics; 11 <appendix> member <vmtarget> ; # org/jetbrains/skia/Font$$Lambda+0x000001441d318c78
instanceKlass org/jetbrains/skia/Font$_FinalizerHolder
instanceKlass org/jetbrains/skia/FontKt
instanceKlass org/jetbrains/skia/Font$Companion
instanceKlass androidx/compose/ui/text/TextLayoutResult
instanceKlass androidx/compose/ui/text/ParagraphInfo
instanceKlass androidx/compose/ui/text/platform/ParagraphLayouter_skikoKt
instanceKlass androidx/compose/ui/text/SkiaParagraph
instanceKlass androidx/compose/ui/text/Paragraph
instanceKlass androidx/compose/ui/text/platform/SkiaParagraph_skikoKt__ActualParagraph_skikoKt
instanceKlass androidx/compose/ui/text/MultiParagraph
instanceKlass androidx/compose/ui/text/ParagraphKt
instanceKlass org/jetbrains/skia/paragraph/ParagraphKt
instanceKlass org/jetbrains/skia/paragraph/Paragraph$_FinalizerHolder
instanceKlass org/jetbrains/skia/paragraph/Paragraph$Companion
instanceKlass org/jetbrains/skia/ManagedString$_FinalizerHolder
instanceKlass org/jetbrains/skia/ManagedStringKt
instanceKlass org/jetbrains/skia/ManagedString$Companion
instanceKlass org/jetbrains/skia/paragraph/ParagraphBuilder$_FinalizerHolder
instanceKlass org/jetbrains/skia/paragraph/ParagraphBuilderKt
instanceKlass org/jetbrains/skia/paragraph/ParagraphBuilder$Companion
instanceKlass org/jetbrains/skia/paragraph/TextIndent
instanceKlass androidx/compose/ui/text/platform/SkiaParagraph_skikoKt__ParagraphBuilder_skikoKt$WhenMappings
instanceKlass org/jetbrains/skia/FontMetricsKt
instanceKlass  @bci org/jetbrains/skia/paragraph/TextStyle getFontMetrics ()Lorg/jetbrains/skia/FontMetrics; 11 <appendix> member <vmtarget> ; # org/jetbrains/skia/paragraph/TextStyle$$Lambda+0x000001441d313e58
instanceKlass androidx/compose/ui/text/font/TypefaceResult$Immutable
instanceKlass org/jetbrains/skia/Typeface$Companion
instanceKlass kotlin/collections/IntIterator
instanceKlass org/jetbrains/skia/StdVectorDecoderKt
instanceKlass org/jetbrains/skia/ArrayDecoder
instanceKlass org/jetbrains/skia/impl/RefCnt_jvmKt
instanceKlass androidx/compose/ui/text/platform/FontLoadResult
instanceKlass androidx/compose/ui/text/platform/PlatformFont_skikoKt$WhenMappings
instanceKlass  @bci androidx/compose/ui/text/platform/PlatformFont_skikoKt <clinit> ()V 0 <appendix> argL0 ; # androidx/compose/ui/text/platform/PlatformFont_skikoKt$$Lambda+0x000001441d312408
instanceKlass androidx/compose/ui/text/platform/PlatformFont_skikoKt
instanceKlass  @bci androidx/compose/ui/text/font/TypefaceRequestCache runCached (Landroidx/compose/ui/text/font/TypefaceRequest;Lkotlin/jvm/functions/Function1;)Landroidx/compose/runtime/State; 112 <appendix> member <vmtarget> ; # androidx/compose/ui/text/font/TypefaceRequestCache$$Lambda+0x000001441d311658
instanceKlass  @bci androidx/compose/ui/text/font/FontFamilyResolverImpl resolve (Landroidx/compose/ui/text/font/TypefaceRequest;)Landroidx/compose/runtime/State; 7 <appendix> member <vmtarget> ; # androidx/compose/ui/text/font/FontFamilyResolverImpl$$Lambda+0x000001441d311420
instanceKlass androidx/compose/ui/text/font/TypefaceResult
instanceKlass kotlin/text/DelimitedRangesSequence$iterator$1
instanceKlass kotlin/sequences/TransformingSequence$iterator$1
instanceKlass kotlin/sequences/FilteringSequence$iterator$1
instanceKlass kotlin/sequences/FilteringSequence
instanceKlass  @bci kotlin/sequences/SequencesKt___SequencesKt filterNotNull (Lkotlin/sequences/Sequence;)Lkotlin/sequences/Sequence; 7 <appendix> argL0 ; # kotlin/sequences/SequencesKt___SequencesKt$$Lambda+0x000001441d3106a0
instanceKlass  @bci org/jetbrains/skia/FontFeature$Companion parseW3 (Ljava/lang/String;)[Lorg/jetbrains/skia/FontFeature; 29 <appendix> argL0 ; # org/jetbrains/skia/FontFeature$Companion$$Lambda+0x000001441d310470
instanceKlass kotlin/sequences/TransformingSequence
instanceKlass  @bci kotlin/text/StringsKt__StringsKt splitToSequence (Ljava/lang/CharSequence;[Ljava/lang/String;ZI)Lkotlin/sequences/Sequence; 24 <appendix> member <vmtarget> ; # kotlin/text/StringsKt__StringsKt$$Lambda+0x000001441d310000
instanceKlass  @bci kotlin/text/StringsKt__StringsKt rangesDelimitedBy$StringsKt__StringsKt (Ljava/lang/CharSequence;[Ljava/lang/String;IZI)Lkotlin/sequences/Sequence; 22 <appendix> member <vmtarget> ; # kotlin/text/StringsKt__StringsKt$$Lambda+0x000001441d30fd70
instanceKlass kotlin/text/DelimitedRangesSequence
instanceKlass org/jetbrains/skia/FontStyle$Companion
instanceKlass org/jetbrains/skia/FontStyle
instanceKlass androidx/compose/ui/text/platform/SkiaParagraph_skikoKt
instanceKlass androidx/compose/ui/graphics/BlendMode_skikoKt
instanceKlass org/jetbrains/skia/paragraph/TextStyle$_FinalizerHolder
instanceKlass org/jetbrains/skia/paragraph/TextStyleKt
instanceKlass org/jetbrains/skia/paragraph/TextStyle$Companion
instanceKlass sun/util/locale/LanguageTag
instanceKlass androidx/compose/ui/text/intl/PlatformLocale_jvmKt
instanceKlass  @bci androidx/compose/ui/text/platform/ParagraphBuilder makeSkTextStyle (Landroidx/compose/ui/text/platform/ComputedStyle;)Lorg/jetbrains/skia/paragraph/TextStyle; 5 <appendix> member <vmtarget> ; # androidx/compose/ui/text/platform/ParagraphBuilder$$Lambda+0x000001441d30df80
instanceKlass androidx/compose/ui/text/FontRasterizationSettings_skikoKt$WhenMappings
instanceKlass org/jetbrains/skia/paragraph/FontRastrSettings
instanceKlass androidx/compose/ui/text/FontRasterizationSettings_skikoKt
instanceKlass androidx/compose/ui/text/FontRasterizationSettings$WhenMappings
instanceKlass androidx/compose/ui/text/platform/DesktopFont_desktopKt
instanceKlass  @bci androidx/compose/ui/text/FontRasterizationSettings <clinit> ()V 11 <appendix> argL0 ; # androidx/compose/ui/text/FontRasterizationSettings$$Lambda+0x000001441d30baa0
instanceKlass androidx/compose/ui/text/FontRasterizationSettings$Companion
instanceKlass androidx/compose/ui/text/FontRasterizationSettings
instanceKlass org/jetbrains/skia/paragraph/ParagraphStyle$_FinalizerHolder
instanceKlass org/jetbrains/skia/paragraph/ParagraphStyleKt
instanceKlass org/jetbrains/skia/paragraph/ParagraphStyle$Companion
instanceKlass androidx/compose/ui/text/platform/ParagraphBuilder$Op
instanceKlass androidx/compose/ui/text/style/LineHeightStyle$Alignment$Companion
instanceKlass androidx/compose/ui/text/WeakKeysCache
instanceKlass androidx/compose/ui/text/platform/SkiaParagraph_skikoKt__ParagraphBuilder_skikoKt
instanceKlass  @bci androidx/compose/ui/text/platform/ParagraphBuilder <init> (Landroidx/compose/ui/text/font/FontFamily$Resolver;Ljava/lang/String;Landroidx/compose/ui/text/TextStyle;JLjava/lang/String;ILjava/util/List;Ljava/util/List;Landroidx/compose/ui/unit/Density;Landroidx/compose/ui/text/style/ResolvedTextDirection;Landroidx/compose/ui/graphics/drawscope/DrawStyle;I)V 162 <appendix> member <vmtarget> ; # androidx/compose/ui/text/platform/ParagraphBuilder$$Lambda+0x000001441d309ad0
instanceKlass androidx/compose/ui/text/platform/SkiaTextPaint
instanceKlass androidx/compose/ui/text/platform/ComputedStyle
instanceKlass androidx/compose/ui/text/platform/ParagraphBuilder
instanceKlass androidx/compose/ui/text/platform/ParagraphLayouter
instanceKlass androidx/compose/ui/text/platform/SkiaParagraphIntrinsics
instanceKlass androidx/compose/ui/text/platform/SkiaParagraphIntrinsics_skikoKt
instanceKlass androidx/compose/ui/text/ParagraphIntrinsicsKt
instanceKlass androidx/compose/ui/text/MultiParagraphIntrinsicsKt
instanceKlass androidx/compose/ui/text/ParagraphIntrinsicInfo
instanceKlass  @bci androidx/compose/ui/text/AnnotatedStringKt substringWithoutParagraphStyles (Landroidx/compose/ui/text/AnnotatedString;II)Landroidx/compose/ui/text/AnnotatedString; 32 <appendix> argL0 ; # androidx/compose/ui/text/AnnotatedStringKt$$Lambda+0x000001441d307d48
instanceKlass androidx/compose/ui/text/AnnotatedStringKt
instanceKlass  @bci androidx/compose/ui/text/MultiParagraphIntrinsics <init> (Landroidx/compose/ui/text/AnnotatedString;Landroidx/compose/ui/text/TextStyle;Ljava/util/List;Landroidx/compose/ui/unit/Density;Landroidx/compose/ui/text/font/FontFamily$Resolver;)V 67 <appendix> member <vmtarget> ; # androidx/compose/ui/text/MultiParagraphIntrinsics$$Lambda+0x000001441d3078f8
instanceKlass kotlin/UnsafeLazyImpl
instanceKlass kotlin/LazyKt__LazyJVMKt$WhenMappings
instanceKlass  @bci androidx/compose/ui/text/MultiParagraphIntrinsics <init> (Landroidx/compose/ui/text/AnnotatedString;Landroidx/compose/ui/text/TextStyle;Ljava/util/List;Landroidx/compose/ui/unit/Density;Landroidx/compose/ui/text/font/FontFamily$Resolver;)V 51 <appendix> member <vmtarget> ; # androidx/compose/ui/text/MultiParagraphIntrinsics$$Lambda+0x000001441d307268
instanceKlass androidx/compose/ui/text/MultiParagraphIntrinsics
instanceKlass androidx/compose/ui/text/ParagraphIntrinsics
instanceKlass androidx/compose/ui/text/style/TextMotion$Companion
instanceKlass androidx/compose/ui/text/style/TextMotion
instanceKlass androidx/compose/ui/text/style/TextIndent$Companion
instanceKlass androidx/compose/ui/text/TextStyleKt$WhenMappings
instanceKlass androidx/compose/ui/text/ParagraphStyleKt
instanceKlass androidx/compose/ui/graphics/drawscope/DrawStyle
instanceKlass androidx/compose/ui/graphics/Shadow$Companion
instanceKlass androidx/compose/ui/text/style/TextDecoration$Companion
instanceKlass androidx/compose/ui/text/intl/Locale$Companion
instanceKlass androidx/compose/ui/text/intl/DesktopPlatformLocale_desktopKt$createPlatformLocaleDelegate$1
instanceKlass androidx/compose/ui/text/intl/PlatformLocaleDelegate
instanceKlass androidx/compose/ui/text/intl/DesktopPlatformLocale_desktopKt
instanceKlass androidx/compose/ui/text/intl/PlatformLocaleKt
instanceKlass androidx/compose/ui/text/intl/LocaleList$Companion
instanceKlass androidx/compose/ui/text/style/TextGeometricTransform$Companion
instanceKlass androidx/compose/ui/text/style/BaselineShift$Companion
instanceKlass androidx/compose/ui/text/font/FontSynthesis$Companion
instanceKlass androidx/compose/ui/text/font/FontStyle$Companion
instanceKlass  @bci androidx/compose/ui/text/SpanStyleKt resolveSpanStyleDefaults (Landroidx/compose/ui/text/SpanStyle;)Landroidx/compose/ui/text/SpanStyle; 10 <appendix> argL0 ; # androidx/compose/ui/text/SpanStyleKt$$Lambda+0x000001441d303fa0
instanceKlass androidx/compose/ui/text/SpanStyleKt
instanceKlass androidx/compose/ui/text/TextStyleKt
instanceKlass androidx/compose/ui/text/CacheTextLayoutInput
instanceKlass androidx/compose/ui/text/TextLayoutInput
instanceKlass  @bci androidx/compose/ui/text/SaversKt <clinit> ()V 503 <appendix> argL0 ; # androidx/compose/ui/text/SaversKt$$Lambda+0x000001441d303500
instanceKlass  @bci androidx/compose/ui/text/SaversKt <clinit> ()V 498 <appendix> argL0 ; # androidx/compose/ui/text/SaversKt$$Lambda+0x000001441d3032d0
instanceKlass androidx/compose/ui/text/style/LineHeightStyle$Mode
instanceKlass  @bci androidx/compose/ui/text/SaversKt <clinit> ()V 487 <appendix> argL0 ; # androidx/compose/ui/text/SaversKt$$Lambda+0x000001441d302e88
instanceKlass  @bci androidx/compose/ui/text/SaversKt <clinit> ()V 482 <appendix> argL0 ; # androidx/compose/ui/text/SaversKt$$Lambda+0x000001441d302c58
instanceKlass androidx/compose/ui/text/style/LineHeightStyle$Trim
instanceKlass  @bci androidx/compose/ui/text/SaversKt <clinit> ()V 471 <appendix> argL0 ; # androidx/compose/ui/text/SaversKt$$Lambda+0x000001441d302810
instanceKlass  @bci androidx/compose/ui/text/SaversKt <clinit> ()V 466 <appendix> argL0 ; # androidx/compose/ui/text/SaversKt$$Lambda+0x000001441d3025e0
instanceKlass androidx/compose/ui/text/style/LineHeightStyle$Alignment
instanceKlass  @bci androidx/compose/ui/text/SaversKt <clinit> ()V 455 <appendix> argL0 ; # androidx/compose/ui/text/SaversKt$$Lambda+0x000001441d302198
instanceKlass  @bci androidx/compose/ui/text/SaversKt <clinit> ()V 450 <appendix> argL0 ; # androidx/compose/ui/text/SaversKt$$Lambda+0x000001441d301f68
instanceKlass androidx/compose/ui/text/style/LineHeightStyle
instanceKlass  @bci androidx/compose/ui/text/SaversKt <clinit> ()V 439 <appendix> argL0 ; # androidx/compose/ui/text/SaversKt$$Lambda+0x000001441d301b20
instanceKlass  @bci androidx/compose/ui/text/SaversKt <clinit> ()V 434 <appendix> argL0 ; # androidx/compose/ui/text/SaversKt$$Lambda+0x000001441d3018f0
instanceKlass androidx/compose/ui/text/intl/Locale
instanceKlass  @bci androidx/compose/ui/text/SaversKt <clinit> ()V 423 <appendix> argL0 ; # androidx/compose/ui/text/SaversKt$$Lambda+0x000001441d3014a0
instanceKlass  @bci androidx/compose/ui/text/SaversKt <clinit> ()V 418 <appendix> argL0 ; # androidx/compose/ui/text/SaversKt$$Lambda+0x000001441d301270
instanceKlass androidx/compose/ui/text/intl/LocaleList
instanceKlass  @bci androidx/compose/ui/text/SaversKt <clinit> ()V 407 <appendix> argL0 ; # androidx/compose/ui/text/SaversKt$$Lambda+0x000001441d300d20
instanceKlass  @bci androidx/compose/ui/text/SaversKt <clinit> ()V 402 <appendix> argL0 ; # androidx/compose/ui/text/SaversKt$$Lambda+0x000001441d300af0
instanceKlass  @bci androidx/compose/ui/text/SaversKt <clinit> ()V 391 <appendix> argL0 ; # androidx/compose/ui/text/SaversKt$$Lambda+0x000001441d3008c0
instanceKlass  @bci androidx/compose/ui/text/SaversKt <clinit> ()V 386 <appendix> argL0 ; # androidx/compose/ui/text/SaversKt$$Lambda+0x000001441d300690
instanceKlass  @bci androidx/compose/ui/text/SaversKt <clinit> ()V 375 <appendix> argL0 ; # androidx/compose/ui/text/SaversKt$$Lambda+0x000001441d300460
instanceKlass  @bci androidx/compose/ui/text/SaversKt <clinit> ()V 370 <appendix> argL0 ; # androidx/compose/ui/text/SaversKt$$Lambda+0x000001441d300230
instanceKlass  @bci androidx/compose/ui/text/SaversKt <clinit> ()V 359 <appendix> argL0 ; # androidx/compose/ui/text/SaversKt$$Lambda+0x000001441d300000
instanceKlass  @bci androidx/compose/ui/text/SaversKt <clinit> ()V 354 <appendix> argL0 ; # androidx/compose/ui/text/SaversKt$$Lambda+0x000001441d2ffdc0
instanceKlass androidx/compose/ui/text/font/FontSynthesis
instanceKlass  @bci androidx/compose/ui/text/SaversKt <clinit> ()V 343 <appendix> argL0 ; # androidx/compose/ui/text/SaversKt$$Lambda+0x000001441d2ff978
instanceKlass  @bci androidx/compose/ui/text/SaversKt <clinit> ()V 338 <appendix> argL0 ; # androidx/compose/ui/text/SaversKt$$Lambda+0x000001441d2ff748
instanceKlass androidx/compose/ui/text/font/FontStyle
instanceKlass  @bci androidx/compose/ui/text/SaversKt <clinit> ()V 327 <appendix> argL0 ; # androidx/compose/ui/text/SaversKt$$Lambda+0x000001441d2ff300
instanceKlass  @bci androidx/compose/ui/text/SaversKt <clinit> ()V 322 <appendix> argL0 ; # androidx/compose/ui/text/SaversKt$$Lambda+0x000001441d2ff0d0
instanceKlass  @bci androidx/compose/ui/text/SaversKt <clinit> ()V 311 <appendix> argL0 ; # androidx/compose/ui/text/SaversKt$$Lambda+0x000001441d2feea0
instanceKlass  @bci androidx/compose/ui/text/SaversKt <clinit> ()V 306 <appendix> argL0 ; # androidx/compose/ui/text/SaversKt$$Lambda+0x000001441d2fec70
instanceKlass  @bci androidx/compose/ui/text/SaversKt <clinit> ()V 295 <appendix> argL0 ; # androidx/compose/ui/text/SaversKt$$Lambda+0x000001441d2fea40
instanceKlass  @bci androidx/compose/ui/text/SaversKt <clinit> ()V 290 <appendix> argL0 ; # androidx/compose/ui/text/SaversKt$$Lambda+0x000001441d2fe810
instanceKlass androidx/compose/ui/text/SaversKt$NonNullValueClassSaver$1
instanceKlass androidx/compose/ui/text/NonNullValueClassSaver
instanceKlass androidx/compose/ui/text/SaversKt$ColorSaver$2
instanceKlass androidx/compose/ui/text/SaversKt$ColorSaver$1
instanceKlass  @bci androidx/compose/ui/text/SaversKt <clinit> ()V 261 <appendix> argL0 ; # androidx/compose/ui/text/SaversKt$$Lambda+0x000001441d2fdd20
instanceKlass  @bci androidx/compose/ui/text/SaversKt <clinit> ()V 256 <appendix> argL0 ; # androidx/compose/ui/text/SaversKt$$Lambda+0x000001441d2fdaf0
instanceKlass androidx/compose/ui/graphics/Shadow
instanceKlass  @bci androidx/compose/ui/text/SaversKt <clinit> ()V 245 <appendix> argL0 ; # androidx/compose/ui/text/SaversKt$$Lambda+0x000001441d2fd6a8
instanceKlass  @bci androidx/compose/ui/text/SaversKt <clinit> ()V 240 <appendix> argL0 ; # androidx/compose/ui/text/SaversKt$$Lambda+0x000001441d2fd478
instanceKlass androidx/compose/ui/text/TextRange
instanceKlass  @bci androidx/compose/ui/text/SaversKt <clinit> ()V 229 <appendix> argL0 ; # androidx/compose/ui/text/SaversKt$$Lambda+0x000001441d2fd030
instanceKlass  @bci androidx/compose/ui/text/SaversKt <clinit> ()V 224 <appendix> argL0 ; # androidx/compose/ui/text/SaversKt$$Lambda+0x000001441d2fce00
instanceKlass androidx/compose/ui/text/style/BaselineShift
instanceKlass  @bci androidx/compose/ui/text/SaversKt <clinit> ()V 213 <appendix> argL0 ; # androidx/compose/ui/text/SaversKt$$Lambda+0x000001441d2fc9b8
instanceKlass  @bci androidx/compose/ui/text/SaversKt <clinit> ()V 208 <appendix> argL0 ; # androidx/compose/ui/text/SaversKt$$Lambda+0x000001441d2fc788
instanceKlass  @bci androidx/compose/ui/text/SaversKt <clinit> ()V 197 <appendix> argL0 ; # androidx/compose/ui/text/SaversKt$$Lambda+0x000001441d2fc558
instanceKlass  @bci androidx/compose/ui/text/SaversKt <clinit> ()V 192 <appendix> argL0 ; # androidx/compose/ui/text/SaversKt$$Lambda+0x000001441d2fc328
instanceKlass androidx/compose/ui/text/style/TextIndent
instanceKlass  @bci androidx/compose/ui/text/SaversKt <clinit> ()V 181 <appendix> argL0 ; # androidx/compose/ui/text/SaversKt$$Lambda+0x000001441d2fbee0
instanceKlass  @bci androidx/compose/ui/text/SaversKt <clinit> ()V 176 <appendix> argL0 ; # androidx/compose/ui/text/SaversKt$$Lambda+0x000001441d2fbcb0
instanceKlass androidx/compose/ui/text/style/TextGeometricTransform
instanceKlass  @bci androidx/compose/ui/text/SaversKt <clinit> ()V 165 <appendix> argL0 ; # androidx/compose/ui/text/SaversKt$$Lambda+0x000001441d2fb868
instanceKlass  @bci androidx/compose/ui/text/SaversKt <clinit> ()V 160 <appendix> argL0 ; # androidx/compose/ui/text/SaversKt$$Lambda+0x000001441d2fb638
instanceKlass androidx/compose/ui/text/style/TextDecoration
instanceKlass  @bci androidx/compose/ui/text/SaversKt <clinit> ()V 149 <appendix> argL0 ; # androidx/compose/ui/text/SaversKt$$Lambda+0x000001441d2fb1f0
instanceKlass  @bci androidx/compose/ui/text/SaversKt <clinit> ()V 144 <appendix> argL0 ; # androidx/compose/ui/text/SaversKt$$Lambda+0x000001441d2fafc0
instanceKlass androidx/compose/ui/text/TextLinkStyles
instanceKlass  @bci androidx/compose/ui/text/SaversKt <clinit> ()V 133 <appendix> argL0 ; # androidx/compose/ui/text/SaversKt$$Lambda+0x000001441d2fab70
instanceKlass  @bci androidx/compose/ui/text/SaversKt <clinit> ()V 128 <appendix> argL0 ; # androidx/compose/ui/text/SaversKt$$Lambda+0x000001441d2fa940
instanceKlass  @bci androidx/compose/ui/text/SaversKt <clinit> ()V 117 <appendix> argL0 ; # androidx/compose/ui/text/SaversKt$$Lambda+0x000001441d2fa710
instanceKlass  @bci androidx/compose/ui/text/SaversKt <clinit> ()V 112 <appendix> argL0 ; # androidx/compose/ui/text/SaversKt$$Lambda+0x000001441d2fa4e0
instanceKlass  @bci androidx/compose/ui/text/SaversKt <clinit> ()V 101 <appendix> argL0 ; # androidx/compose/ui/text/SaversKt$$Lambda+0x000001441d2fa2b0
instanceKlass  @bci androidx/compose/ui/text/SaversKt <clinit> ()V 96 <appendix> argL0 ; # androidx/compose/ui/text/SaversKt$$Lambda+0x000001441d2fa080
instanceKlass  @bci androidx/compose/ui/text/SaversKt <clinit> ()V 85 <appendix> argL0 ; # androidx/compose/ui/text/SaversKt$$Lambda+0x000001441d2f9c20
instanceKlass  @bci androidx/compose/ui/text/SaversKt <clinit> ()V 80 <appendix> argL0 ; # androidx/compose/ui/text/SaversKt$$Lambda+0x000001441d2f99f0
instanceKlass androidx/compose/ui/text/LinkAnnotation
instanceKlass  @bci androidx/compose/ui/text/SaversKt <clinit> ()V 69 <appendix> argL0 ; # androidx/compose/ui/text/SaversKt$$Lambda+0x000001441d2f9368
instanceKlass  @bci androidx/compose/ui/text/SaversKt <clinit> ()V 64 <appendix> argL0 ; # androidx/compose/ui/text/SaversKt$$Lambda+0x000001441d2f9138
instanceKlass androidx/compose/ui/text/UrlAnnotation
instanceKlass  @bci androidx/compose/ui/text/SaversKt <clinit> ()V 53 <appendix> argL0 ; # androidx/compose/ui/text/SaversKt$$Lambda+0x000001441d2f8ce8
instanceKlass  @bci androidx/compose/ui/text/SaversKt <clinit> ()V 48 <appendix> argL0 ; # androidx/compose/ui/text/SaversKt$$Lambda+0x000001441d2f8ab8
instanceKlass androidx/compose/ui/text/TtsAnnotation
instanceKlass  @bci androidx/compose/ui/text/SaversKt <clinit> ()V 37 <appendix> argL0 ; # androidx/compose/ui/text/SaversKt$$Lambda+0x000001441d2f8450
instanceKlass  @bci androidx/compose/ui/text/SaversKt <clinit> ()V 32 <appendix> argL0 ; # androidx/compose/ui/text/SaversKt$$Lambda+0x000001441d2f8220
instanceKlass androidx/compose/ui/text/AnnotatedString$Range
instanceKlass  @bci androidx/compose/ui/text/SaversKt <clinit> ()V 21 <appendix> argL0 ; # androidx/compose/ui/text/SaversKt$$Lambda+0x000001441d2f7d20
instanceKlass  @bci androidx/compose/ui/text/SaversKt <clinit> ()V 16 <appendix> argL0 ; # androidx/compose/ui/text/SaversKt$$Lambda+0x000001441d2f7af0
instanceKlass  @bci androidx/compose/ui/text/SaversKt <clinit> ()V 5 <appendix> argL0 ; # androidx/compose/ui/text/SaversKt$$Lambda+0x000001441d2f78c0
instanceKlass  @bci androidx/compose/ui/text/SaversKt <clinit> ()V 0 <appendix> argL0 ; # androidx/compose/ui/text/SaversKt$$Lambda+0x000001441d2f7690
instanceKlass androidx/compose/ui/text/SaversKt
instanceKlass androidx/compose/ui/text/AnnotatedString$Companion
instanceKlass androidx/compose/ui/text/AnnotatedString
instanceKlass androidx/compose/ui/text/style/TextOverflow$Companion
instanceKlass androidx/compose/ui/text/style/TextOverflow
instanceKlass androidx/compose/ui/text/TextLayoutCache
instanceKlass androidx/compose/ui/text/TextMeasurer$Companion
instanceKlass androidx/compose/ui/text/TextMeasurer
instanceKlass androidx/compose/ui/text/TextMeasurerHelperKt
instanceKlass androidx/compose/ui/text/style/ColorStyle
instanceKlass androidx/compose/ui/text/font/FontFamily$Companion
instanceKlass androidx/compose/ui/text/font/FontFamily
instanceKlass androidx/compose/ui/text/font/FontWeight$Companion
instanceKlass androidx/compose/ui/text/font/FontWeight
instanceKlass androidx/compose/ui/text/ParagraphStyle
instanceKlass androidx/compose/ui/text/style/TextForegroundStyle$Unspecified
instanceKlass androidx/compose/ui/text/style/TextForegroundStyle$Companion
instanceKlass androidx/compose/ui/text/style/TextForegroundStyle
instanceKlass androidx/compose/ui/text/SpanStyle
instanceKlass androidx/compose/ui/text/AnnotatedString$Annotation
instanceKlass androidx/compose/ui/text/style/Hyphens$Companion
instanceKlass androidx/compose/ui/text/style/Hyphens
instanceKlass androidx/compose/ui/text/style/LineBreak$Companion
instanceKlass androidx/compose/ui/text/style/LineBreak
instanceKlass androidx/compose/ui/text/style/TextDirection$Companion
instanceKlass androidx/compose/ui/text/style/TextDirection
instanceKlass androidx/compose/ui/text/style/TextAlign$Companion
instanceKlass androidx/compose/ui/text/style/TextAlign
instanceKlass androidx/compose/ui/unit/TextUnitKt
instanceKlass androidx/compose/ui/unit/TextUnitType$Companion
instanceKlass androidx/compose/ui/unit/TextUnitType
instanceKlass androidx/compose/ui/unit/TextUnit$Companion
instanceKlass androidx/compose/ui/unit/TextUnit
instanceKlass androidx/compose/ui/text/TextStyle$Companion
instanceKlass androidx/compose/ui/text/TextStyle
instanceKlass org/jetbrains/compose/devtools/theme/DtTextStyles
instanceKlass androidx/compose/foundation/interaction/HoverInteractionKt
instanceKlass androidx/compose/foundation/interaction/MutableInteractionSourceImpl
instanceKlass androidx/compose/foundation/interaction/MutableInteractionSource
instanceKlass androidx/compose/foundation/interaction/InteractionSource
instanceKlass androidx/compose/foundation/interaction/InteractionSourceKt
instanceKlass org/jetbrains/compose/devtools/widgets/DtTooltipKt
instanceKlass org/jetbrains/compose/devtools/widgets/DtLogoKt$DtComposeLogo$1
instanceKlass org/jetbrains/compose/devtools/widgets/DtLogoKt
instanceKlass androidx/compose/ui/graphics/Float16Kt
instanceKlass  @bci androidx/compose/foundation/layout/WrapContentElement$Companion size (Landroidx/compose/ui/Alignment;Z)Landroidx/compose/foundation/layout/WrapContentElement; 15 <appendix> member <vmtarget> ; # androidx/compose/foundation/layout/WrapContentElement$Companion$$Lambda+0x000001441d2f0470
instanceKlass  @bci androidx/compose/foundation/layout/WrapContentElement$Companion height (Landroidx/compose/ui/Alignment$Vertical;Z)Landroidx/compose/foundation/layout/WrapContentElement; 15 <appendix> member <vmtarget> ; # androidx/compose/foundation/layout/WrapContentElement$Companion$$Lambda+0x000001441d2f0238
instanceKlass  @bci androidx/compose/foundation/layout/WrapContentElement$Companion width (Landroidx/compose/ui/Alignment$Horizontal;Z)Landroidx/compose/foundation/layout/WrapContentElement; 15 <appendix> member <vmtarget> ; # androidx/compose/foundation/layout/WrapContentElement$Companion$$Lambda+0x000001441d2f0000
instanceKlass androidx/compose/foundation/layout/WrapContentElement$Companion
instanceKlass androidx/compose/foundation/layout/FillElement$Companion
instanceKlass androidx/compose/foundation/layout/SizeKt
instanceKlass androidx/compose/foundation/layout/ColumnScopeInstance
instanceKlass androidx/compose/foundation/layout/ColumnScope
instanceKlass androidx/compose/foundation/layout/ColumnMeasurePolicy
instanceKlass androidx/compose/foundation/layout/RowColumnMeasurePolicy
instanceKlass androidx/compose/foundation/layout/ColumnKt
instanceKlass androidx/compose/animation/AnimationModifierKt
instanceKlass  @bci androidx/compose/foundation/layout/PaddingKt padding-3ABfNKs (Landroidx/compose/ui/Modifier;F)Landroidx/compose/ui/Modifier; 17 <appendix> form vmentry <vmtarget> ; # java/lang/invoke/LambdaForm$DMH+0x000001441d2e8800
instanceKlass  @bci androidx/compose/foundation/layout/PaddingKt padding-3ABfNKs (Landroidx/compose/ui/Modifier;F)Landroidx/compose/ui/Modifier; 17 <appendix> member <vmtarget> ; # androidx/compose/foundation/layout/PaddingKt$$Lambda+0x000001441d2ead18
instanceKlass  @cpi androidx/compose/foundation/layout/PaddingKt 92 form vmentry <vmtarget> ; # java/lang/invoke/LambdaForm$DMH+0x000001441d2e8400
instanceKlass  @bci androidx/compose/ui/platform/InspectableValueKt <clinit> ()V 0 <appendix> argL0 ; # androidx/compose/ui/platform/InspectableValueKt$$Lambda+0x000001441d2ea220
instanceKlass androidx/compose/ui/platform/InspectorInfo
instanceKlass androidx/compose/ui/platform/InspectableValueKt
instanceKlass androidx/compose/foundation/BackgroundKt
instanceKlass androidx/compose/ui/graphics/GraphicsLayerModifierKt
instanceKlass androidx/compose/ui/draw/ClipKt
instanceKlass androidx/compose/foundation/BorderKt
instanceKlass androidx/compose/ui/graphics/TileMode$Companion
instanceKlass androidx/compose/ui/graphics/TileMode
instanceKlass androidx/compose/ui/graphics/Brush$Companion
instanceKlass androidx/compose/ui/graphics/Brush
instanceKlass  @bci androidx/compose/animation/core/InfiniteTransitionKt animateValue (Landroidx/compose/animation/core/InfiniteTransition;Ljava/lang/Object;Ljava/lang/Object;Landroidx/compose/animation/core/TwoWayConverter;Landroidx/compose/animation/core/InfiniteRepeatableSpec;Ljava/lang/String;Landroidx/compose/runtime/Composer;II)Landroidx/compose/runtime/State; 444 <appendix> member <vmtarget> ; # androidx/compose/animation/core/InfiniteTransitionKt$$Lambda+0x000001441d2edda8
instanceKlass  @bci androidx/compose/animation/core/InfiniteTransitionKt animateValue (Landroidx/compose/animation/core/InfiniteTransition;Ljava/lang/Object;Ljava/lang/Object;Landroidx/compose/animation/core/TwoWayConverter;Landroidx/compose/animation/core/InfiniteRepeatableSpec;Ljava/lang/String;Landroidx/compose/runtime/Composer;II)Landroidx/compose/runtime/State; 337 <appendix> member <vmtarget> ; # androidx/compose/animation/core/InfiniteTransitionKt$$Lambda+0x000001441d2edb70
instanceKlass androidx/compose/animation/core/VectorizedFloatAnimationSpec$1
instanceKlass androidx/compose/animation/core/Animations
instanceKlass androidx/compose/animation/core/FloatTweenSpec
instanceKlass androidx/compose/animation/core/FloatAnimationSpec
instanceKlass androidx/compose/animation/core/VectorizedFloatAnimationSpec
instanceKlass androidx/compose/animation/core/VectorizedTweenSpec
instanceKlass androidx/compose/animation/core/VectorizedDurationBasedAnimationSpec
instanceKlass androidx/compose/animation/core/VectorizedFiniteAnimationSpec
instanceKlass androidx/compose/animation/core/VectorizedInfiniteRepeatableSpec
instanceKlass androidx/compose/animation/core/VectorizedAnimationSpec
instanceKlass androidx/compose/animation/core/TargetBasedAnimation
instanceKlass androidx/compose/animation/core/Animation
instanceKlass androidx/compose/animation/core/InfiniteRepeatableSpec
instanceKlass androidx/compose/animation/core/StartOffsetType$Companion
instanceKlass androidx/compose/animation/core/StartOffsetType
instanceKlass androidx/compose/animation/core/StartOffset
instanceKlass  @bci androidx/compose/animation/core/InfiniteTransition run$animation_core (Landroidx/compose/runtime/Composer;I)V 358 <appendix> member <vmtarget> ; # androidx/compose/animation/core/InfiniteTransition$$Lambda+0x000001441d2e7020
instanceKlass  @cpi androidx/compose/animation/core/InfiniteTransition 227 form vmentry <vmtarget> ; # java/lang/invoke/LambdaForm$DMH+0x000001441d2e8000
instanceKlass androidx/compose/animation/core/InfiniteTransition$TransitionAnimationState
instanceKlass androidx/compose/animation/core/InfiniteTransition
instanceKlass androidx/compose/animation/core/InfiniteTransitionKt
instanceKlass androidx/compose/ui/util/MathHelpersKt
instanceKlass kotlin/UnsignedKt
instanceKlass androidx/compose/animation/ColorVectorConverterKt$ColorToVector$1$2
instanceKlass androidx/compose/animation/ColorVectorConverterKt$ColorToVector$1$1
instanceKlass  @bci androidx/compose/animation/ColorVectorConverterKt <clinit> ()V 0 <appendix> argL0 ; # androidx/compose/animation/ColorVectorConverterKt$$Lambda+0x000001441d2e5c08
instanceKlass androidx/compose/animation/ColorVectorConverterKt
instanceKlass androidx/compose/animation/SingleValueAnimationKt
instanceKlass org/jetbrains/compose/devtools/api/ReloadColors
instanceKlass org/jetbrains/compose/devtools/theme/DtColors
instanceKlass org/jetbrains/compose/devtools/widgets/DtStatusColorKt
instanceKlass  @bci androidx/compose/foundation/layout/Arrangement spacedBy-0680j_4 (F)Landroidx/compose/foundation/layout/Arrangement$HorizontalOrVertical; 6 <appendix> argL0 ; # androidx/compose/foundation/layout/Arrangement$$Lambda+0x000001441d2e4c88
instanceKlass androidx/compose/foundation/layout/Arrangement$SpacedAligned
instanceKlass androidx/compose/foundation/layout/Arrangement$SpaceAround$1
instanceKlass androidx/compose/foundation/layout/Arrangement$SpaceBetween$1
instanceKlass androidx/compose/foundation/layout/Arrangement$SpaceEvenly$1
instanceKlass androidx/compose/foundation/layout/Arrangement$Center$1
instanceKlass androidx/compose/foundation/layout/Arrangement$HorizontalOrVertical
instanceKlass androidx/compose/foundation/layout/Arrangement$Bottom$1
instanceKlass androidx/compose/foundation/layout/Arrangement$Top$1
instanceKlass androidx/compose/foundation/layout/Arrangement$Vertical
instanceKlass androidx/compose/foundation/layout/Arrangement$End$1
instanceKlass androidx/compose/foundation/layout/Arrangement$Start$1
instanceKlass androidx/compose/foundation/layout/Arrangement$Horizontal
instanceKlass androidx/compose/foundation/layout/Arrangement
instanceKlass androidx/compose/ui/BiasAlignment$Horizontal
instanceKlass androidx/compose/ui/Alignment$Horizontal
instanceKlass androidx/compose/ui/BiasAlignment$Vertical
instanceKlass androidx/compose/ui/Alignment$Vertical
instanceKlass androidx/compose/ui/BiasAlignment
instanceKlass androidx/compose/ui/Alignment$Companion
instanceKlass androidx/compose/ui/Alignment
instanceKlass org/jetbrains/compose/devtools/sidecar/DtLogWindowKt$ProvideLogWindowController$1
instanceKlass  @bci org/jetbrains/compose/devtools/sidecar/DtLogWindowKt <clinit> ()V 0 <appendix> argL0 ; # org/jetbrains/compose/devtools/sidecar/DtLogWindowKt$$Lambda+0x000001441d2e1b68
instanceKlass org/jetbrains/compose/devtools/sidecar/DtLogWindowKt
instanceKlass org/jetbrains/compose/devtools/sidecar/DtCompositionLocalProviderKt$DtCompositionLocalProvider$1$1
instanceKlass org/jetbrains/compose/devtools/sidecar/DtNotificationsWindowKt$ProvideNotificationsWindowController$1
instanceKlass org/jetbrains/compose/devtools/widgets/DtWindowControllerKt$rememberWindowController$controller$1$1
instanceKlass androidx/compose/runtime/CancelledCoroutineContext$Key
instanceKlass androidx/compose/runtime/CancelledCoroutineContext
instanceKlass androidx/compose/runtime/RememberedCoroutineScope$Companion
instanceKlass androidx/compose/runtime/RememberedCoroutineScope
instanceKlass org/jetbrains/compose/devtools/widgets/DtWindowControllerKt
instanceKlass  @bci org/jetbrains/compose/devtools/sidecar/DtNotificationsWindowKt <clinit> ()V 0 <appendix> argL0 ; # org/jetbrains/compose/devtools/sidecar/DtNotificationsWindowKt$$Lambda+0x000001441d2e0210
instanceKlass org/jetbrains/compose/devtools/widgets/DtWindowController
instanceKlass org/jetbrains/compose/devtools/sidecar/DtNotificationsWindowKt
instanceKlass org/jetbrains/compose/devtools/sidecar/DtCompositionLocalProviderKt$DtCompositionLocalProvider$1
instanceKlass org/jetbrains/compose/devtools/sidecar/DtCompositionLocalProviderKt
instanceKlass org/jetbrains/compose/devtools/sidecar/DtSidecarKt$DtSidecarWindowContent$1
instanceKlass  @bci androidx/compose/animation/core/AnimateAsStateKt animateValueAsState (Ljava/lang/Object;Landroidx/compose/animation/core/TwoWayConverter;Landroidx/compose/animation/core/AnimationSpec;Ljava/lang/Object;Ljava/lang/String;Lkotlin/jvm/functions/Function1;Landroidx/compose/runtime/Composer;II)Landroidx/compose/runtime/State; 623 <appendix> member <vmtarget> ; # androidx/compose/animation/core/AnimateAsStateKt$$Lambda+0x000001441d2df820
instanceKlass androidx/compose/animation/core/AnimationVectorsKt
instanceKlass androidx/compose/animation/core/AnimatableKt
instanceKlass  @bci kotlinx/coroutines/sync/MutexImpl <init> (Z)V 31 <appendix> member <vmtarget> ; # kotlinx/coroutines/sync/MutexImpl$$Lambda+0x000001441d2def78
instanceKlass  @bci kotlinx/coroutines/sync/SemaphoreAndMutexImpl <init> (II)V 163 <appendix> member <vmtarget> ; # kotlinx/coroutines/sync/SemaphoreAndMutexImpl$$Lambda+0x000001441d2ded40
instanceKlass kotlinx/coroutines/sync/SemaphoreKt
instanceKlass kotlinx/coroutines/sync/SemaphoreAndMutexImpl
instanceKlass kotlinx/coroutines/sync/Mutex
instanceKlass kotlinx/coroutines/sync/MutexKt
instanceKlass androidx/compose/animation/core/MutatorMutex
instanceKlass androidx/compose/animation/core/AnimationStateKt
instanceKlass androidx/compose/animation/core/AnimationState
instanceKlass androidx/compose/animation/core/Animatable
instanceKlass kotlin/jvm/internal/FloatCompanionObject
instanceKlass  @bci androidx/compose/animation/core/VectorConvertersKt <clinit> ()V 133 <appendix> argL0 ; # androidx/compose/animation/core/VectorConvertersKt$$Lambda+0x000001441d2db280
instanceKlass  @bci androidx/compose/animation/core/VectorConvertersKt <clinit> ()V 128 <appendix> argL0 ; # androidx/compose/animation/core/VectorConvertersKt$$Lambda+0x000001441d2db050
instanceKlass  @bci androidx/compose/animation/core/VectorConvertersKt <clinit> ()V 117 <appendix> argL0 ; # androidx/compose/animation/core/VectorConvertersKt$$Lambda+0x000001441d2dabe0
instanceKlass  @bci androidx/compose/animation/core/VectorConvertersKt <clinit> ()V 112 <appendix> argL0 ; # androidx/compose/animation/core/VectorConvertersKt$$Lambda+0x000001441d2da9b0
instanceKlass  @bci androidx/compose/animation/core/VectorConvertersKt <clinit> ()V 101 <appendix> argL0 ; # androidx/compose/animation/core/VectorConvertersKt$$Lambda+0x000001441d2da780
instanceKlass  @bci androidx/compose/animation/core/VectorConvertersKt <clinit> ()V 96 <appendix> argL0 ; # androidx/compose/animation/core/VectorConvertersKt$$Lambda+0x000001441d2da550
instanceKlass  @bci androidx/compose/animation/core/VectorConvertersKt <clinit> ()V 85 <appendix> argL0 ; # androidx/compose/animation/core/VectorConvertersKt$$Lambda+0x000001441d2da320
instanceKlass  @bci androidx/compose/animation/core/VectorConvertersKt <clinit> ()V 80 <appendix> argL0 ; # androidx/compose/animation/core/VectorConvertersKt$$Lambda+0x000001441d2da0f0
instanceKlass  @bci androidx/compose/animation/core/VectorConvertersKt <clinit> ()V 69 <appendix> argL0 ; # androidx/compose/animation/core/VectorConvertersKt$$Lambda+0x000001441d2d9ec0
instanceKlass  @bci androidx/compose/animation/core/VectorConvertersKt <clinit> ()V 64 <appendix> argL0 ; # androidx/compose/animation/core/VectorConvertersKt$$Lambda+0x000001441d2d9c90
instanceKlass  @bci androidx/compose/animation/core/VectorConvertersKt <clinit> ()V 53 <appendix> argL0 ; # androidx/compose/animation/core/VectorConvertersKt$$Lambda+0x000001441d2d9a60
instanceKlass  @bci androidx/compose/animation/core/VectorConvertersKt <clinit> ()V 48 <appendix> argL0 ; # androidx/compose/animation/core/VectorConvertersKt$$Lambda+0x000001441d2d9830
instanceKlass  @bci androidx/compose/animation/core/VectorConvertersKt <clinit> ()V 37 <appendix> argL0 ; # androidx/compose/animation/core/VectorConvertersKt$$Lambda+0x000001441d2d93c0
instanceKlass  @bci androidx/compose/animation/core/VectorConvertersKt <clinit> ()V 32 <appendix> argL0 ; # androidx/compose/animation/core/VectorConvertersKt$$Lambda+0x000001441d2d9190
instanceKlass  @bci androidx/compose/animation/core/VectorConvertersKt <clinit> ()V 21 <appendix> argL0 ; # androidx/compose/animation/core/VectorConvertersKt$$Lambda+0x000001441d2d8f60
instanceKlass  @cpi androidx/compose/animation/core/VectorConvertersKt 349 form vmentry <vmtarget> ; # java/lang/invoke/LambdaForm$DMH+0x000001441d2dd000
instanceKlass  @bci androidx/compose/animation/core/VectorConvertersKt <clinit> ()V 16 <appendix> argL0 ; # androidx/compose/animation/core/VectorConvertersKt$$Lambda+0x000001441d2d8d30
instanceKlass  @cpi androidx/compose/animation/core/VectorConvertersKt 343 form vmentry <vmtarget> ; # java/lang/invoke/LambdaForm$DMH+0x000001441d2dcc00
instanceKlass androidx/compose/animation/core/TwoWayConverterImpl
instanceKlass androidx/compose/animation/core/TwoWayConverter
instanceKlass  @bci androidx/compose/animation/core/VectorConvertersKt <clinit> ()V 5 <appendix> argL0 ; # androidx/compose/animation/core/VectorConvertersKt$$Lambda+0x000001441d2d86b0
instanceKlass  @cpi androidx/compose/animation/core/VectorConvertersKt 335 form vmentry <vmtarget> ; # java/lang/invoke/LambdaForm$DMH+0x000001441d2dc800
instanceKlass  @cpi androidx/compose/ui/text/MultiParagraphIntrinsics 48 form vmentry <vmtarget> ; # java/lang/invoke/LambdaForm$DMH+0x000001441d2dc400
instanceKlass  @bci androidx/compose/animation/core/VectorConvertersKt <clinit> ()V 0 <appendix> argL0 ; # androidx/compose/animation/core/VectorConvertersKt$$Lambda+0x000001441d2d8480
instanceKlass  @cpi androidx/compose/animation/core/VectorConvertersKt 319 form vmentry <vmtarget> ; # java/lang/invoke/LambdaForm$DMH+0x000001441d2dc000
instanceKlass androidx/compose/animation/core/AnimationVector
instanceKlass androidx/compose/animation/core/VectorConvertersKt
instanceKlass kotlin/jvm/internal/IntCompanionObject
instanceKlass androidx/compose/animation/core/VisibilityThresholdsKt
instanceKlass androidx/compose/animation/core/SpringSpec
instanceKlass androidx/compose/animation/core/AnimateAsStateKt
instanceKlass androidx/compose/animation/core/TweenSpec
instanceKlass androidx/compose/animation/core/DurationBasedAnimationSpec
instanceKlass androidx/compose/animation/core/FiniteAnimationSpec
instanceKlass androidx/compose/animation/core/AnimationSpec
instanceKlass  @bci androidx/compose/animation/core/EasingKt <clinit> ()V 55 <appendix> argL0 ; # androidx/compose/animation/core/EasingKt$$Lambda+0x000001441d2d3130
instanceKlass  @cpi androidx/compose/animation/core/EasingKt 43 form vmentry <vmtarget> ; # java/lang/invoke/LambdaForm$DMH+0x000001441d2d1000
instanceKlass androidx/collection/FloatFloatPair
instanceKlass androidx/compose/ui/graphics/BezierKt
instanceKlass androidx/compose/animation/core/CubicBezierEasing
instanceKlass androidx/compose/animation/core/Easing
instanceKlass androidx/compose/animation/core/EasingKt
instanceKlass androidx/compose/animation/core/AnimationSpecKt
instanceKlass sun/awt/SunToolkit$1
instanceKlass androidx/compose/ui/awt/WindowContentLayout_desktopKt$WindowContentLayout$1$1
instanceKlass androidx/compose/ui/awt/WindowContentLayout_desktopKt
instanceKlass androidx/compose/runtime/DynamicValueHolder
instanceKlass  @bci androidx/compose/ui/awt/ComposeWindowPanel setContent$lambda$0 (Landroidx/compose/ui/awt/ComposeWindowPanel;Landroidx/compose/ui/Modifier;Lkotlin/jvm/functions/Function2;Landroidx/compose/runtime/Composer;I)Lkotlin/Unit; 67 <appendix> member <vmtarget> ; # androidx/compose/ui/awt/ComposeWindowPanel$$Lambda+0x000001441d2d7980
instanceKlass  @bci androidx/compose/runtime/Updater reconcile-impl (Landroidx/compose/runtime/Composer;Lkotlin/jvm/functions/Function1;)V 5 <appendix> member <vmtarget> ; # androidx/compose/runtime/Updater$$Lambda+0x000001441d2d7748
instanceKlass androidx/compose/runtime/Updater
instanceKlass  @bci androidx/compose/ui/node/ComposeUiNode$Companion <clinit> ()V 83 <appendix> argL0 ; # androidx/compose/ui/node/ComposeUiNode$Companion$$Lambda+0x000001441d2d6c50
instanceKlass  @bci androidx/compose/ui/node/ComposeUiNode$Companion <clinit> ()V 75 <appendix> argL0 ; # androidx/compose/ui/node/ComposeUiNode$Companion$$Lambda+0x000001441d2d6a20
instanceKlass  @bci androidx/compose/ui/node/ComposeUiNode$Companion <clinit> ()V 67 <appendix> argL0 ; # androidx/compose/ui/node/ComposeUiNode$Companion$$Lambda+0x000001441d2d67f0
instanceKlass  @bci androidx/compose/ui/node/ComposeUiNode$Companion <clinit> ()V 59 <appendix> argL0 ; # androidx/compose/ui/node/ComposeUiNode$Companion$$Lambda+0x000001441d2d65c0
instanceKlass  @bci androidx/compose/ui/node/ComposeUiNode$Companion <clinit> ()V 51 <appendix> argL0 ; # androidx/compose/ui/node/ComposeUiNode$Companion$$Lambda+0x000001441d2d6390
instanceKlass  @bci androidx/compose/ui/node/ComposeUiNode$Companion <clinit> ()V 43 <appendix> argL0 ; # androidx/compose/ui/node/ComposeUiNode$Companion$$Lambda+0x000001441d2d6160
instanceKlass  @bci androidx/compose/ui/node/ComposeUiNode$Companion <clinit> ()V 35 <appendix> argL0 ; # androidx/compose/ui/node/ComposeUiNode$Companion$$Lambda+0x000001441d2d5f30
instanceKlass  @bci androidx/compose/ui/node/ComposeUiNode$Companion <clinit> ()V 27 <appendix> argL0 ; # androidx/compose/ui/node/ComposeUiNode$Companion$$Lambda+0x000001441d2d5d00
instanceKlass  @bci androidx/compose/ui/node/ComposeUiNode$Companion <clinit> ()V 19 <appendix> argL0 ; # androidx/compose/ui/node/ComposeUiNode$Companion$$Lambda+0x000001441d2d5ad0
instanceKlass androidx/compose/ui/node/ComposeUiNode$Companion
instanceKlass androidx/compose/ui/platform/InspectorValueInfo
instanceKlass  @bci androidx/compose/ui/ComposedModifierKt materializeImpl (Landroidx/compose/runtime/Composer;Landroidx/compose/ui/Modifier;)Landroidx/compose/ui/Modifier; 1 <appendix> argL0 ; # androidx/compose/ui/ComposedModifierKt$$Lambda+0x000001441d2d5138
instanceKlass androidx/compose/ui/ComposedModifierKt
instanceKlass androidx/compose/ui/layout/OverlayLayout_skikoKt$OverlayLayout$1$1
instanceKlass androidx/compose/ui/layout/OverlayLayout_skikoKt
instanceKlass  @bci androidx/compose/ui/viewinterop/InteropContainer_skikoKt TrackInteropPlacementContainer (Landroidx/compose/ui/viewinterop/InteropContainer;Lkotlin/jvm/functions/Function2;Landroidx/compose/runtime/Composer;I)V 227 <appendix> member <vmtarget> ; # androidx/compose/ui/viewinterop/InteropContainer_skikoKt$$Lambda+0x000001441d2d4570
instanceKlass androidx/compose/ui/node/OnUnplacedModifierNode
instanceKlass  @bci androidx/compose/ui/viewinterop/SwingInteropContainer invoke (Lkotlin/jvm/functions/Function2;Landroidx/compose/runtime/Composer;I)V 142 <appendix> member <vmtarget> ; # androidx/compose/ui/viewinterop/SwingInteropContainer$$Lambda+0x000001441d2cfc20
instanceKlass  @bci androidx/compose/ui/viewinterop/InteropContainer_skikoKt <clinit> ()V 0 <appendix> argL0 ; # androidx/compose/ui/viewinterop/InteropContainer_skikoKt$$Lambda+0x000001441d2cf9f0
instanceKlass androidx/compose/ui/viewinterop/InteropContainer_skikoKt
instanceKlass  @bci androidx/compose/ui/scene/ComposeSceneMediator setContent$lambda$0$0$0 (Landroidx/compose/ui/scene/ComposeSceneMediator;Lkotlin/jvm/functions/Function2;Landroidx/compose/runtime/Composer;I)Lkotlin/Unit; 57 <appendix> member <vmtarget> ; # androidx/compose/ui/scene/ComposeSceneMediator$$Lambda+0x000001441d2cf5a0
instanceKlass  @bci androidx/compose/ui/platform/DefaultViewModelOwnerStore_skikoKt <clinit> ()V 0 <appendix> argL0 ; # androidx/compose/ui/platform/DefaultViewModelOwnerStore_skikoKt$$Lambda+0x000001441d2cf370
instanceKlass androidx/compose/ui/platform/DefaultViewModelOwnerStore_skikoKt
instanceKlass kotlin/collections/ArrayAsCollection
instanceKlass  @bci androidx/savedstate/compose/LocalSavedStateRegistryOwnerKt <clinit> ()V 0 <appendix> argL0 ; # androidx/savedstate/compose/LocalSavedStateRegistryOwnerKt$$Lambda+0x000001441d2cec00
instanceKlass androidx/savedstate/compose/LocalSavedStateRegistryOwnerKt
instanceKlass  @bci androidx/compose/ui/backhandler/BackHandler_jbKt <clinit> ()V 0 <appendix> argL0 ; # androidx/compose/ui/backhandler/BackHandler_jbKt$$Lambda+0x000001441d2ce7b8
instanceKlass androidx/compose/ui/backhandler/BackHandler_jbKt
instanceKlass  @bci androidx/compose/ui/platform/DefaultNavigationEventDispatcherOwner_skikoKt <clinit> ()V 0 <appendix> argL0 ; # androidx/compose/ui/platform/DefaultNavigationEventDispatcherOwner_skikoKt$$Lambda+0x000001441d2ce370
instanceKlass androidx/compose/ui/platform/DefaultNavigationEventDispatcherOwner_skikoKt
instanceKlass  @bci androidx/lifecycle/compose/LocalLifecycleOwnerKt <clinit> ()V 0 <appendix> argL0 ; # androidx/lifecycle/compose/LocalLifecycleOwnerKt$$Lambda+0x000001441d2cdf28
instanceKlass androidx/lifecycle/compose/LocalLifecycleOwnerKt
instanceKlass androidx/compose/ui/platform/EmptyPlatformScreenReader
instanceKlass  @bci androidx/compose/ui/platform/CompositionLocals_skikoKt ProvidePlatformCompositionLocals ([Landroidx/compose/runtime/ProvidedValue;Landroidx/compose/ui/platform/PlatformContext;Lkotlin/jvm/functions/Function2;Landroidx/compose/runtime/Composer;I)V 439 <appendix> member <vmtarget> ; # androidx/compose/ui/platform/CompositionLocals_skikoKt$$Lambda+0x000001441d2cd8a8
instanceKlass  @bci androidx/compose/ui/platform/DisposableSaveableStateRegistry_skikoKt DisposableSaveableStateRegistry (Ljava/lang/String;Landroidx/savedstate/SavedStateRegistryOwner;)Landroidx/compose/ui/platform/DisposableSaveableStateRegistry; 109 <adapter> ; # java/lang/invoke/LambdaForm$MH+0x000001441d2d0800
# instanceKlass java/lang/invoke/LambdaForm$DMH+0x000001441d2d0400
instanceKlass  @bci androidx/compose/ui/platform/DisposableSaveableStateRegistry_skikoKt DisposableSaveableStateRegistry (Ljava/lang/String;Landroidx/savedstate/SavedStateRegistryOwner;)Landroidx/compose/ui/platform/DisposableSaveableStateRegistry; 109 <appendix> form vmentry <vmtarget> ; # java/lang/invoke/LambdaForm$DMH+0x000001441d2d0000
instanceKlass  @bci androidx/compose/ui/platform/DisposableSaveableStateRegistry_skikoKt DisposableSaveableStateRegistry (Ljava/lang/String;Landroidx/savedstate/SavedStateRegistryOwner;)Landroidx/compose/ui/platform/DisposableSaveableStateRegistry; 109 <appendix> member <vmtarget> ; # androidx/compose/ui/platform/DisposableSaveableStateRegistry_skikoKt$$Lambda+0x000001441d2cd670
instanceKlass androidx/compose/ui/platform/DisposableSaveableStateRegistry
instanceKlass  @bci androidx/compose/ui/platform/DisposableSaveableStateRegistry_skikoKt DisposableSaveableStateRegistry (Ljava/lang/String;Landroidx/savedstate/SavedStateRegistryOwner;)Landroidx/compose/ui/platform/DisposableSaveableStateRegistry; 76 <appendix> member <vmtarget> ; # androidx/compose/ui/platform/DisposableSaveableStateRegistry_skikoKt$$Lambda+0x000001441d2cd1e8
instanceKlass androidx/compose/runtime/saveable/SaveableStateRegistryImpl
instanceKlass  @bci androidx/compose/ui/platform/DisposableSaveableStateRegistry_skikoKt DisposableSaveableStateRegistry (Ljava/lang/String;Landroidx/savedstate/SavedStateRegistryOwner;)Landroidx/compose/ui/platform/DisposableSaveableStateRegistry; 61 <appendix> argL0 ; # androidx/compose/ui/platform/DisposableSaveableStateRegistry_skikoKt$$Lambda+0x000001441d2ccd68
instanceKlass androidx/compose/ui/platform/DisposableSaveableStateRegistry_skikoKt
instanceKlass  @bci androidx/compose/ui/platform/CompositionLocals_skikoKt <clinit> ()V 11 <appendix> argL0 ; # androidx/compose/ui/platform/CompositionLocals_skikoKt$$Lambda+0x000001441d2cc920
instanceKlass  @bci androidx/compose/ui/platform/CompositionLocals_skikoKt <clinit> ()V 0 <appendix> argL0 ; # androidx/compose/ui/platform/CompositionLocals_skikoKt$$Lambda+0x000001441d2cc6f0
instanceKlass androidx/compose/ui/platform/PlatformScreenReader
instanceKlass androidx/compose/ui/platform/CompositionLocals_skikoKt
instanceKlass  @bci androidx/compose/ui/scene/ComposeScene_skikoKt <clinit> ()V 0 <appendix> argL0 ; # androidx/compose/ui/scene/ComposeScene_skikoKt$$Lambda+0x000001441d2cc098
instanceKlass androidx/compose/ui/scene/ComposeScene_skikoKt
instanceKlass androidx/compose/runtime/retain/ForgetfulRetainedValuesStore
instanceKlass  @bci androidx/compose/runtime/retain/LocalRetainedValuesStoreKt <clinit> ()V 0 <appendix> argL0 ; # androidx/compose/runtime/retain/LocalRetainedValuesStoreKt$$Lambda+0x000001441d2cba08
instanceKlass androidx/compose/runtime/retain/RetainedValuesStore
instanceKlass androidx/compose/runtime/retain/LocalRetainedValuesStoreKt
instanceKlass androidx/compose/ui/platform/EmptyTextToolbar
instanceKlass org/jetbrains/skiko/URIManager
instanceKlass androidx/compose/runtime/external/kotlinx/collections/immutable/implementations/immutableMap/MapEntry
instanceKlass androidx/compose/runtime/external/kotlinx/collections/immutable/implementations/immutableMap/TrieNodeBaseIterator
instanceKlass androidx/compose/runtime/external/kotlinx/collections/immutable/implementations/immutableMap/PersistentHashMapBaseIterator
instanceKlass  @bci androidx/compose/ui/platform/Wrapper_skikoKt setContent$lambda$0 (Lkotlin/jvm/functions/Function0;Landroidx/compose/ui/node/RootNodeOwner;Lkotlin/jvm/functions/Function2;Landroidx/compose/runtime/Composer;I)Lkotlin/Unit; 62 <appendix> member <vmtarget> ; # androidx/compose/ui/platform/Wrapper_skikoKt$$Lambda+0x000001441d2c9558
instanceKlass  @bci androidx/compose/runtime/snapshots/SnapshotKt mergedWriteObserver (Lkotlin/jvm/functions/Function1;Lkotlin/jvm/functions/Function1;)Lkotlin/jvm/functions/Function1; 15 <appendix> member <vmtarget> ; # androidx/compose/runtime/snapshots/SnapshotKt$$Lambda+0x000001441d2c9320
instanceKlass  @bci androidx/compose/runtime/snapshots/SnapshotKt mergedReadObserver (Lkotlin/jvm/functions/Function1;Lkotlin/jvm/functions/Function1;Z)Lkotlin/jvm/functions/Function1; 25 <appendix> member <vmtarget> ; # androidx/compose/runtime/snapshots/SnapshotKt$$Lambda+0x000001441d2c90e8
instanceKlass  @bci androidx/compose/ui/platform/Wrapper_skikoKt setContent (Landroidx/compose/ui/node/RootNodeOwner;Landroidx/compose/runtime/CompositionContext;Lkotlin/jvm/functions/Function0;Lkotlin/jvm/functions/Function2;)Landroidx/compose/runtime/Composition; 57 <appendix> member <vmtarget> ; # androidx/compose/ui/platform/Wrapper_skikoKt$$Lambda+0x000001441d2c8eb0
instanceKlass androidx/compose/runtime/AbstractApplier
instanceKlass androidx/compose/ui/platform/Wrapper_skikoKt
instanceKlass  @bci androidx/compose/ui/scene/CanvasLayersComposeSceneImpl createComposition (Lkotlin/jvm/functions/Function2;)Landroidx/compose/runtime/Composition; 16 <appendix> member <vmtarget> ; # androidx/compose/ui/scene/CanvasLayersComposeSceneImpl$$Lambda+0x000001441d2c8470
instanceKlass androidx/compose/ui/scene/BaseComposeScene$setContent$1$2
instanceKlass  @bci androidx/compose/ui/platform/FlushCoroutineDispatcher flush ()V 2 <appendix> member <vmtarget> ; # androidx/compose/ui/platform/FlushCoroutineDispatcher$$Lambda+0x000001441d2c8000
instanceKlass androidx/compose/ui/internal/Threading_desktopKt
instanceKlass kotlin/jvm/internal/Intrinsics$Kotlin
instanceKlass  @bci androidx/compose/runtime/snapshots/SnapshotStateObserver sendNotifications ()V 5 <appendix> member <vmtarget> ; # androidx/compose/runtime/snapshots/SnapshotStateObserver$$Lambda+0x000001441d2c3688
instanceKlass  @bci androidx/compose/ui/scene/ComposeSceneMediator setContent$lambda$0 (Landroidx/compose/ui/scene/ComposeSceneMediator;Lkotlin/jvm/functions/Function2;)Lkotlin/Unit; 18 <appendix> member <vmtarget> ; # androidx/compose/ui/scene/ComposeSceneMediator$$Lambda+0x000001441d2c3450
instanceKlass androidx/compose/ui/scene/skia/InputMethodEndCompositionWorkaround$Companion$WhenMappings
instanceKlass  @bci androidx/compose/ui/scene/skia/WindowSkiaLayerComponent$contentComponent$1 addNotify ()V 9 <appendix> member <vmtarget> ; # androidx/compose/ui/scene/skia/WindowSkiaLayerComponent$contentComponent$1$$Lambda+0x000001441d2c3000
instanceKlass androidx/compose/ui/scene/skia/InputMethodEndCompositionWorkaround$Companion
instanceKlass androidx/compose/ui/scene/skia/InputMethodEndCompositionWorkaround
instanceKlass org/jetbrains/skiko/redrawer/Redrawer$DefaultImpls
instanceKlass org/jetbrains/skiko/FrameDispatcher
instanceKlass org/jetbrains/skiko/SkiaLayerAnalytics$DeviceAnalytics$DefaultImpls
instanceKlass org/jetbrains/skiko/SkiaLayerAnalytics$DeviceAnalytics$Companion$Empty$1
instanceKlass org/jetbrains/skiko/SkiaLayerAnalytics$DeviceAnalytics$Companion
instanceKlass org/jetbrains/skiko/SkiaLayerAnalytics$DeviceAnalytics
instanceKlass  @bci java/util/regex/Pattern DOT ()Ljava/util/regex/Pattern$CharPredicate; 0 <appendix> argL0 ; # java/util/regex/Pattern$$Lambda+0x000001441d286ec0
instanceKlass kotlin/text/Regex$Companion
instanceKlass kotlin/text/Regex
instanceKlass org/jetbrains/skiko/NotSupportedAdapter
instanceKlass  @bci org/jetbrains/skiko/GraphicsApi_jvmKt <clinit> ()V 0 <appendix> argL0 ; # org/jetbrains/skiko/GraphicsApi_jvmKt$$Lambda+0x000001441d2c5520
instanceKlass org/jetbrains/skiko/GraphicsApi_jvmKt
instanceKlass org/jetbrains/skiko/context/ContextHandler
instanceKlass org/jetbrains/skiko/SkiaLayerAnalytics$RendererAnalytics$DefaultImpls
instanceKlass org/jetbrains/skiko/SkiaLayerAnalytics$RendererAnalytics$Companion$Empty$1
instanceKlass org/jetbrains/skiko/SkiaLayerAnalytics$RendererAnalytics$Companion
instanceKlass org/jetbrains/skiko/SkiaLayerAnalytics$RendererAnalytics
instanceKlass org/jetbrains/skiko/SkiaLayerAnalytics$DefaultImpls
instanceKlass org/jetbrains/skiko/Version
instanceKlass org/jetbrains/skiko/redrawer/AWTRedrawer
instanceKlass org/jetbrains/skiko/Actuals_awtKt$makeDefaultRenderFactory$1$WhenMappings
instanceKlass org/jetbrains/skia/PictureRecorder$_FinalizerHolder
instanceKlass org/jetbrains/skia/PictureRecorderKt
instanceKlass org/jetbrains/skia/PictureRecorder$Companion
instanceKlass org/jetbrains/skiko/DrawingSurface
instanceKlass  @bci org/jetbrains/skiko/AWTKt useDrawingSurfacePlatformInfo (Ljava/awt/Canvas;Lkotlin/jvm/functions/Function1;)Ljava/lang/Object; 14 <appendix> member <vmtarget> ; # org/jetbrains/skiko/AWTKt$$Lambda+0x000001441d261988
instanceKlass org/jetbrains/skiko/DrawingSurfaceInfo
instanceKlass org/jetbrains/skiko/AWTKt
instanceKlass sun/awt/NullComponentPeer
instanceKlass sun/awt/LightweightPeerHolder
instanceKlass sun/java2d/pipe/hw/AccelGraphicsConfig
instanceKlass sun/java2d/pipe/hw/BufferedContextProvider
instanceKlass sun/awt/windows/TranslucentWindowPainter
instanceKlass java/awt/peer/DialogPeer
instanceKlass java/awt/peer/LightweightPeer
instanceKlass sun/awt/im/ExecutableInputMethodManager$3
instanceKlass sun/awt/im/InputMethodLocator
instanceKlass sun/awt/windows/WInputMethodDescriptor
instanceKlass java/awt/im/spi/InputMethodDescriptor
instanceKlass sun/awt/im/InputMethodManager
instanceKlass  @bci sun/awt/windows/WToolkit getFontPeer (Ljava/lang/String;I)Ljava/awt/peer/FontPeer; 23 <appendix> form vmentry <vmtarget> ; # java/lang/invoke/LambdaForm$MH+0x000001441d2c2800
instanceKlass  @bci sun/awt/windows/WToolkit getFontPeer (Ljava/lang/String;I)Ljava/awt/peer/FontPeer; 23 <appendix> argL3 form vmentry <vmtarget> ; # java/lang/invoke/LambdaForm$MH+0x000001441d2c2000
# instanceKlass java/lang/invoke/LambdaForm$MH+0x000001441d2c1c00
instanceKlass  @bci sun/awt/windows/WToolkit getFontPeer (Ljava/lang/String;I)Ljava/awt/peer/FontPeer; 23 <appendix> argL1 form vmentry <vmtarget> ; # java/lang/invoke/LambdaForm$MH+0x000001441d2c0c00
# instanceKlass java/lang/invoke/LambdaForm$MH+0x000001441d2c0400
instanceKlass sun/awt/FontConfiguration$2
instanceKlass sun/awt/Win32FontManager$2
instanceKlass sun/font/FontFamily$FontAndStyle
instanceKlass sun/font/FontFamily
instanceKlass sun/font/CompositeFontDescriptor
instanceKlass java/lang/Short$ShortCache
instanceKlass sun/awt/FontDescriptor
instanceKlass sun/awt/FontConfiguration
instanceKlass sun/font/SunFontManager$FontRegistrationInfo
instanceKlass java/lang/foreign/MemorySegment
instanceKlass org/jetbrains/skiko/DefaultConsoleLogger$Companion
instanceKlass  @bci org/jetbrains/skiko/Logger <clinit> ()V 18 <appendix> argL0 ; # org/jetbrains/skiko/Logger$$Lambda+0x000001441d260d30
instanceKlass  @bci org/jetbrains/skiko/Logger <clinit> ()V 10 <appendix> argL0 ; # org/jetbrains/skiko/Logger$$Lambda+0x000001441d260b00
instanceKlass org/jetbrains/skiko/DefaultConsoleLogger
instanceKlass org/jetbrains/skiko/SkikoLoggerInterface
instanceKlass org/jetbrains/skiko/Logger
instanceKlass  @bci java/util/Comparator comparing (Ljava/util/function/Function;)Ljava/util/Comparator; 6 <appendix> member <vmtarget> ; # java/util/Comparator$$Lambda+0x000001441d267c50
instanceKlass  @bci java/lang/invoke/BootstrapMethodInvoker invoke (Ljava/lang/Class;Ljava/lang/invoke/MethodHandle;Ljava/lang/String;Ljava/lang/Object;Ljava/lang/Object;Ljava/lang/Class;)Ljava/lang/Object; 462 <adapter> ; # java/lang/invoke/LambdaForm$MH+0x000001441d264800
instanceKlass  @cpi java/util/Comparator 259 form vmentry <vmtarget> ; # java/lang/invoke/LambdaForm$DMH+0x000001441d264400
instanceKlass  @bci sun/font/SunFontManager fontVersionComparator (Ljava/lang/String;Ljava/lang/String;)I 14 <appendix> argL0 ; # sun/font/SunFontManager$$Lambda+0x000001441d267a00
instanceKlass java/io/RandomAccessFile$1
instanceKlass  @bci sun/font/TrueTypeFont parseVersion (Ljava/lang/String;)Ljava/lang/String; 55 <appendix> argL0 ; # sun/font/TrueTypeFont$$Lambda+0x000001441d266dd8
instanceKlass  @bci sun/font/TrueTypeFont parseVersion (Ljava/lang/String;)Ljava/lang/String; 45 <appendix> argL0 ; # sun/font/TrueTypeFont$$Lambda+0x000001441d266b88
instanceKlass  @bci sun/font/TrueTypeFont parseVersion (Ljava/lang/String;)Ljava/lang/String; 35 <appendix> argL0 ; # sun/font/TrueTypeFont$$Lambda+0x000001441d266928
instanceKlass java/util/regex/IntHashSet
instanceKlass java/util/regex/Matcher
instanceKlass java/util/regex/MatchResult
instanceKlass  @bci java/util/regex/CharPredicates ctype (I)Ljava/util/regex/Pattern$CharPredicate; 1 <appendix> member <vmtarget> ; # java/util/regex/CharPredicates$$Lambda+0x000001441d266000
instanceKlass sun/font/TrueTypeFont$DirectoryEntry
instanceKlass sun/font/TrueTypeFont$1
instanceKlass sun/font/TrueTypeFont$TTDisposerRecord
instanceKlass java/util/stream/ReduceOps$2ReducingSink
instanceKlass  @bci java/util/function/BinaryOperator maxBy (Ljava/util/Comparator;)Ljava/util/function/BinaryOperator; 6 <appendix> member <vmtarget> ; # java/util/function/BinaryOperator$$Lambda+0x000001441d26e2c8
instanceKlass  @bci sun/awt/Win32FontManager registerJREFonts ()V 107 <appendix> argL0 ; # sun/awt/Win32FontManager$$Lambda+0x000001441d26e020
instanceKlass  @bci sun/awt/Win32FontManager registerJREFonts ()V 97 <appendix> member <vmtarget> ; # sun/awt/Win32FontManager$$Lambda+0x000001441d26ddc8
instanceKlass java/util/stream/Streams$2
instanceKlass java/util/stream/Streams$ConcatSpliterator
instanceKlass java/util/stream/Streams
instanceKlass java/util/stream/Stream$Builder
instanceKlass java/util/stream/Streams$AbstractStreamBuilderImpl
instanceKlass sun/font/SunFontManager$2
instanceKlass  @bci sun/font/SunFontManager initJREFontMap ()V 11 <appendix> member <vmtarget> ; # sun/font/SunFontManager$$Lambda+0x000001441d26d1a8
instanceKlass  @bci sun/font/SunFontManager JREFontsDirExists (Ljava/lang/String;)Z 1 <appendix> member <vmtarget> ; # sun/font/SunFontManager$$Lambda+0x000001441d26cf70
instanceKlass sun/awt/Win32FontManager$1
instanceKlass sun/font/PlatformFontInfo
instanceKlass sun/font/FontManagerFactory
instanceKlass sun/font/GlyphRenderData
instanceKlass sun/font/GlyphList
instanceKlass sun/font/StrikeCache$1
instanceKlass sun/font/StrikeCache
instanceKlass sun/font/FontStrike
instanceKlass sun/font/CharToGlyphMapper
instanceKlass sun/font/StrikeMetrics
instanceKlass sun/font/Font2D
instanceKlass sun/font/FontManagerNativeLibrary$1
instanceKlass sun/font/FontManagerNativeLibrary
instanceKlass sun/font/SunFontManager$1
instanceKlass sun/font/SunFontManager$T1Filter
instanceKlass sun/font/SunFontManager$TTFilter
instanceKlass java/io/FilenameFilter
instanceKlass sun/font/Font2DHandle
instanceKlass sun/font/SunFontManager
instanceKlass sun/font/FontManagerForSGE
instanceKlass sun/font/FontManager
instanceKlass sun/java2d/FontSupport
instanceKlass sun/awt/NativeLibLoader$1
instanceKlass sun/awt/NativeLibLoader
instanceKlass sun/awt/PlatformFont
instanceKlass java/awt/peer/FontPeer
instanceKlass  @bci java/awt/SystemColor <clinit> ()V 643 <appendix> argL0 ; # java/awt/SystemColor$$Lambda+0x000001441d27d778
instanceKlass sun/awt/AWTAccessor$SystemColorAccessor
instanceKlass sun/java2d/StateTracker$2
instanceKlass sun/java2d/StateTracker$1
instanceKlass sun/java2d/StateTracker
instanceKlass sun/java2d/SurfaceDataProxy
instanceKlass sun/awt/image/SurfaceManager$FlushableCacheData
instanceKlass sun/java2d/DefaultDisposerRecord
instanceKlass sun/java2d/loops/GraphicsPrimitiveMgr$PrimitiveSpec
instanceKlass sun/java2d/loops/RenderLoops
instanceKlass sun/java2d/windows/GDIRenderer
instanceKlass sun/java2d/loops/GraphicsPrimitiveMgr$2
instanceKlass sun/java2d/loops/GraphicsPrimitiveMgr$1
instanceKlass sun/java2d/loops/GeneralRenderer
instanceKlass sun/java2d/loops/CustomComponent
instanceKlass sun/java2d/pipe/ValidatePipe
instanceKlass java/awt/BasicStroke
instanceKlass java/awt/Stroke
instanceKlass java/awt/geom/Path2D
instanceKlass java/awt/AlphaComposite
instanceKlass sun/awt/ConstrainableGraphics
instanceKlass sun/java2d/loops/GraphicsPrimitiveMgr
instanceKlass sun/java2d/loops/CompositeType
instanceKlass sun/java2d/loops/GraphicsPrimitiveMgr$GeneralPrimitives
instanceKlass sun/java2d/loops/GraphicsPrimitive
instanceKlass sun/java2d/loops/XORComposite
instanceKlass java/awt/Composite
instanceKlass sun/java2d/ScreenUpdateManager
instanceKlass sun/awt/windows/WComponentPeer$2
instanceKlass java/awt/SequencedEvent$2
instanceKlass java/awt/SequencedEvent$1
instanceKlass sun/awt/AWTAccessor$SequencedEventAccessor
instanceKlass  @bci sun/awt/windows/WWindowPeer displayChanged ()V 5 <appendix> member <vmtarget> ; # sun/awt/windows/WWindowPeer$$Lambda+0x000001441d272ea0
instanceKlass  @cpi sun/awt/windows/WWindowPeer 1070 form vmentry <vmtarget> ; # java/lang/invoke/LambdaForm$DMH+0x000001441d264000
instanceKlass sun/awt/event/TouchEvent
instanceKlass sun/awt/im/InputMethodWindow
instanceKlass sun/awt/ExtendedKeyCodes
instanceKlass sun/awt/RepaintArea
instanceKlass sun/awt/windows/WWindowPeer$GuiDisposedListener
instanceKlass sun/awt/windows/WWindowPeer$ActiveWindowListener
instanceKlass java/awt/peer/CanvasPeer
instanceKlass java/awt/peer/PanelPeer
instanceKlass java/awt/peer/FramePeer
instanceKlass java/awt/peer/WindowPeer
instanceKlass java/awt/peer/ContainerPeer
instanceKlass kotlin/math/MathKt__MathHKt
instanceKlass  @bci androidx/compose/ui/util/Windows_desktopKt setSizeImpl-6HolHcs (Ljava/awt/Window;J)V 1 <appendix> member <vmtarget> ; # androidx/compose/ui/util/Windows_desktopKt$$Lambda+0x000001441d25c400
instanceKlass androidx/compose/ui/awt/Utils_desktopKt
instanceKlass  @bci androidx/compose/ui/awt/SwingDialog_desktopKt SwingDialog$lambda$26$0 (Landroidx/compose/ui/util/ComponentUpdater;Landroidx/compose/ui/window/DialogState;Landroidx/compose/ui/awt/SwingDialog_desktopKt$SwingDialog$appliedState$1$1;Landroidx/compose/runtime/State;Landroidx/compose/runtime/State;Landroidx/compose/runtime/State;Landroidx/compose/runtime/State;Landroidx/compose/runtime/State;Landroidx/compose/runtime/State;Landroidx/compose/runtime/State;Landroidx/compose/runtime/State;Landroidx/compose/runtime/State;Landroidx/compose/ui/awt/ComposeDialog;)Lkotlin/Unit; 28 <appendix> form vmentry <vmtarget> ; # java/lang/invoke/LambdaForm$DMH+0x000001441d25c000
instanceKlass  @bci androidx/compose/ui/awt/SwingDialog_desktopKt SwingDialog$lambda$26$0 (Landroidx/compose/ui/util/ComponentUpdater;Landroidx/compose/ui/window/DialogState;Landroidx/compose/ui/awt/SwingDialog_desktopKt$SwingDialog$appliedState$1$1;Landroidx/compose/runtime/State;Landroidx/compose/runtime/State;Landroidx/compose/runtime/State;Landroidx/compose/runtime/State;Landroidx/compose/runtime/State;Landroidx/compose/runtime/State;Landroidx/compose/runtime/State;Landroidx/compose/runtime/State;Landroidx/compose/runtime/State;Landroidx/compose/ui/awt/ComposeDialog;)Lkotlin/Unit; 28 <appendix> member <vmtarget> ; # androidx/compose/ui/awt/SwingDialog_desktopKt$$Lambda+0x000001441d25ba40
instanceKlass androidx/compose/ui/util/ComponentUpdater$UpdateScope
instanceKlass androidx/compose/ui/window/LayoutConfiguration_desktopKt$WhenMappings
instanceKlass  @bci androidx/compose/ui/util/UpdateEffect_desktopKt UpdateEffect$lambda$3$0$performUpdate (Landroidx/compose/runtime/snapshots/SnapshotStateObserver;Lkotlin/jvm/internal/Ref$ObjectRef;Landroidx/compose/runtime/State;)V 29 <appendix> member <vmtarget> ; # androidx/compose/ui/util/UpdateEffect_desktopKt$$Lambda+0x000001441d25b3d0
instanceKlass  @bci androidx/compose/ui/util/UpdateEffect_desktopKt UpdateEffect$lambda$3$0 (Lkotlinx/coroutines/channels/Channel;Landroidx/compose/runtime/State;Landroidx/compose/runtime/DisposableEffectScope;)Landroidx/compose/runtime/DisposableEffectResult; 39 <appendix> member <vmtarget> ; # androidx/compose/ui/util/UpdateEffect_desktopKt$$Lambda+0x000001441d25b198
instanceKlass  @bci androidx/compose/ui/util/UpdateEffect_desktopKt UpdateEffect$lambda$3$0 (Lkotlinx/coroutines/channels/Channel;Landroidx/compose/runtime/State;Landroidx/compose/runtime/DisposableEffectScope;)Landroidx/compose/runtime/DisposableEffectResult; 10 <appendix> argL0 ; # androidx/compose/ui/util/UpdateEffect_desktopKt$$Lambda+0x000001441d25af68
instanceKlass androidx/compose/ui/awt/AwtWindow_desktopKt$AwtWindow$lambda$2$0$$inlined$onDispose$1
instanceKlass  @bci androidx/compose/ui/scene/ComposeSceneMediator setContent (Lkotlin/jvm/functions/Function2;)V 10 <appendix> member <vmtarget> ; # androidx/compose/ui/scene/ComposeSceneMediator$$Lambda+0x000001441d25aaf8
instanceKlass  @bci androidx/compose/ui/awt/ComposeWindowPanel setContent (Lkotlin/jvm/functions/Function1;Lkotlin/jvm/functions/Function1;Landroidx/compose/ui/Modifier;Lkotlin/jvm/functions/Function2;)V 50 <appendix> member <vmtarget> ; # androidx/compose/ui/awt/ComposeWindowPanel$$Lambda+0x000001441d25a8c0
instanceKlass  @bci androidx/compose/ui/awt/ComposeDialog setContent (Lkotlin/jvm/functions/Function1;Lkotlin/jvm/functions/Function1;Lkotlin/jvm/functions/Function3;)V 58 <appendix> member <vmtarget> ; # androidx/compose/ui/awt/ComposeDialog$$Lambda+0x000001441d25a688
instanceKlass  @bci androidx/compose/ui/awt/ComposeDialog setContent (Lkotlin/jvm/functions/Function1;Lkotlin/jvm/functions/Function1;Lkotlin/jvm/functions/Function3;)V 41 <appendix> argL0 ; # androidx/compose/ui/awt/ComposeDialog$$Lambda+0x000001441d25a458
instanceKlass org/jetbrains/compose/devtools/DevToolsWindowExceptionHandler
instanceKlass  @bci androidx/compose/ui/scene/ComposeSceneMediator$DesktopSemanticsOwnerListener onSemanticsOwnerAppended (Landroidx/compose/ui/semantics/SemanticsOwner;)V 67 <appendix> member <vmtarget> ; # androidx/compose/ui/scene/ComposeSceneMediator$DesktopSemanticsOwnerListener$$Lambda+0x000001441d259d18
instanceKlass androidx/compose/ui/platform/a11y/AccessibilityController
instanceKlass androidx/compose/ui/scene/BaseComposeScene_skikoKt
instanceKlass  @bci androidx/compose/ui/scene/CanvasLayersComposeSceneImpl <init> (Landroidx/compose/ui/unit/Density;Landroidx/compose/ui/unit/LayoutDirection;Landroidx/compose/ui/unit/IntSize;Lkotlin/coroutines/CoroutineContext;Landroidx/compose/ui/platform/PlatformContext;Lkotlin/jvm/functions/Function0;)V 183 <appendix> member <vmtarget> ; # androidx/compose/ui/scene/CanvasLayersComposeSceneImpl$$Lambda+0x000001441d258b88
instanceKlass  @bci androidx/compose/ui/scene/CanvasLayersComposeSceneImpl <init> (Landroidx/compose/ui/unit/Density;Landroidx/compose/ui/unit/LayoutDirection;Landroidx/compose/ui/unit/IntSize;Lkotlin/coroutines/CoroutineContext;Landroidx/compose/ui/platform/PlatformContext;Lkotlin/jvm/functions/Function0;)V 166 <appendix> member <vmtarget> ; # androidx/compose/ui/scene/CanvasLayersComposeSceneImpl$$Lambda+0x000001441d258950
instanceKlass androidx/compose/ui/scene/CopiedList
instanceKlass  @bci androidx/compose/ui/scene/CanvasLayersComposeSceneImpl <init> (Landroidx/compose/ui/unit/Density;Landroidx/compose/ui/unit/LayoutDirection;Landroidx/compose/ui/unit/IntSize;Lkotlin/coroutines/CoroutineContext;Landroidx/compose/ui/platform/PlatformContext;Lkotlin/jvm/functions/Function0;)V 135 <appendix> member <vmtarget> ; # androidx/compose/ui/scene/CanvasLayersComposeSceneImpl$$Lambda+0x000001441d254d10
instanceKlass  @bci androidx/compose/ui/scene/CanvasLayersComposeSceneImpl <init> (Landroidx/compose/ui/unit/Density;Landroidx/compose/ui/unit/LayoutDirection;Landroidx/compose/ui/unit/IntSize;Lkotlin/coroutines/CoroutineContext;Landroidx/compose/ui/platform/PlatformContext;Lkotlin/jvm/functions/Function0;)V 107 <appendix> member <vmtarget> ; # androidx/compose/ui/scene/CanvasLayersComposeSceneImpl$$Lambda+0x000001441d254ad8
instanceKlass androidx/compose/ui/scene/ComposeSceneFocusManager
instanceKlass androidx/compose/ui/platform/GraphicsLayerOwnerLayer_skikoKt
instanceKlass androidx/compose/ui/unit/IntOffsetKt
instanceKlass androidx/compose/ui/unit/Density_skikoKt
instanceKlass androidx/compose/ui/unit/DpOffset$Companion
instanceKlass androidx/compose/ui/unit/DpOffset
instanceKlass androidx/compose/ui/window/Geometry_desktopKt
instanceKlass androidx/compose/ui/geometry/Offset$Companion
instanceKlass androidx/compose/ui/geometry/Offset
instanceKlass androidx/compose/ui/node/RootNodeOwner_skikoKt
instanceKlass androidx/compose/ui/semantics/AccessibilityAction
instanceKlass  @bci androidx/compose/ui/semantics/SemanticsActions <clinit> ()V 833 <appendix> argL0 ; # androidx/compose/ui/semantics/SemanticsActions$$Lambda+0x000001441d257150
instanceKlass androidx/compose/ui/semantics/SemanticsPropertiesKt$ActionPropertyKey$1
instanceKlass androidx/compose/ui/semantics/SemanticsActions
instanceKlass  @bci androidx/compose/ui/semantics/SemanticsProperties <clinit> ()V 823 <appendix> argL0 ; # androidx/compose/ui/semantics/SemanticsProperties$$Lambda+0x000001441d256ad8
instanceKlass  @bci androidx/compose/ui/semantics/SemanticsProperties <clinit> ()V 565 <appendix> argL0 ; # androidx/compose/ui/semantics/SemanticsProperties$$Lambda+0x000001441d2568a8
instanceKlass  @bci androidx/compose/ui/semantics/SemanticsProperties <clinit> ()V 546 <appendix> argL0 ; # androidx/compose/ui/semantics/SemanticsProperties$$Lambda+0x000001441d256678
instanceKlass  @bci androidx/compose/ui/semantics/SemanticsProperties <clinit> ()V 523 <appendix> argL0 ; # androidx/compose/ui/semantics/SemanticsProperties$$Lambda+0x000001441d256448
instanceKlass  @bci androidx/compose/ui/semantics/SemanticsProperties <clinit> ()V 490 <appendix> argL0 ; # androidx/compose/ui/semantics/SemanticsProperties$$Lambda+0x000001441d256218
instanceKlass androidx/compose/ui/semantics/Role
instanceKlass  @bci androidx/compose/ui/semantics/SemanticsProperties <clinit> ()V 460 <appendix> argL0 ; # androidx/compose/ui/semantics/SemanticsProperties$$Lambda+0x000001441d253bc0
instanceKlass  @bci androidx/compose/ui/semantics/SemanticsProperties <clinit> ()V 430 <appendix> argL0 ; # androidx/compose/ui/semantics/SemanticsProperties$$Lambda+0x000001441d253990
instanceKlass  @bci androidx/compose/ui/semantics/SemanticsProperties <clinit> ()V 379 <appendix> argL0 ; # androidx/compose/ui/semantics/SemanticsProperties$$Lambda+0x000001441d253760
instanceKlass  @cpi androidx/compose/ui/semantics/SemanticsProperties 374 form vmentry <vmtarget> ; # java/lang/invoke/LambdaForm$DMH+0x000001441d254400
instanceKlass  @bci androidx/compose/ui/semantics/SemanticsProperties <clinit> ()V 361 <appendix> argL0 ; # androidx/compose/ui/semantics/SemanticsProperties$$Lambda+0x000001441d253530
instanceKlass androidx/compose/ui/autofill/FillableData
instanceKlass  @bci androidx/compose/ui/semantics/SemanticsProperties <clinit> ()V 343 <appendix> argL0 ; # androidx/compose/ui/semantics/SemanticsProperties$$Lambda+0x000001441d2530f0
instanceKlass androidx/compose/ui/autofill/ContentDataType
instanceKlass  @bci androidx/compose/ui/semantics/SemanticsProperties <clinit> ()V 325 <appendix> argL0 ; # androidx/compose/ui/semantics/SemanticsProperties$$Lambda+0x000001441d252cb0
instanceKlass androidx/compose/ui/autofill/ContentType
instanceKlass  @bci androidx/compose/ui/semantics/SemanticsProperties <clinit> ()V 307 <appendix> argL0 ; # androidx/compose/ui/semantics/SemanticsProperties$$Lambda+0x000001441d252870
instanceKlass  @bci androidx/compose/ui/semantics/SemanticsProperties <clinit> ()V 289 <appendix> argL0 ; # androidx/compose/ui/semantics/SemanticsProperties$$Lambda+0x000001441d252640
instanceKlass  @bci androidx/compose/ui/semantics/SemanticsProperties <clinit> ()V 80 <appendix> argL0 ; # androidx/compose/ui/semantics/SemanticsProperties$$Lambda+0x000001441d252410
instanceKlass  @bci androidx/compose/ui/semantics/SemanticsPropertyKey <init> (Ljava/lang/String;Lkotlin/jvm/functions/Function2;ILkotlin/jvm/internal/DefaultConstructorMarker;)V 6 <appendix> argL0 ; # androidx/compose/ui/semantics/SemanticsPropertyKey$$Lambda+0x000001441d2521e0
instanceKlass androidx/compose/ui/semantics/SemanticsPropertyKey
instanceKlass  @bci androidx/compose/ui/semantics/SemanticsProperties <clinit> ()V 14 <appendix> argL0 ; # androidx/compose/ui/semantics/SemanticsProperties$$Lambda+0x000001441d251d90
instanceKlass androidx/compose/ui/semantics/SemanticsProperties
instanceKlass androidx/compose/ui/semantics/SemanticsPropertiesKt
instanceKlass androidx/compose/runtime/snapshots/SnapshotStateObserver$ObservedScopeMap$derivedStateObserver$1
instanceKlass  @bci androidx/compose/ui/node/LayoutNode calculateSemanticsConfiguration ()Landroidx/compose/ui/semantics/SemanticsConfiguration; 38 <appendix> member <vmtarget> ; # androidx/compose/ui/node/LayoutNode$$Lambda+0x000001441d2510d8
instanceKlass androidx/compose/ui/semantics/SemanticsConfiguration
instanceKlass  @bci androidx/compose/ui/node/RootNodeOwner$OwnerImpl rootModifier$lambda$0 (Landroidx/compose/ui/node/RootNodeOwner;Landroidx/compose/ui/focus/FocusProperties;)Lkotlin/Unit; 9 <appendix> member <vmtarget> ; # androidx/compose/ui/node/RootNodeOwner$OwnerImpl$$Lambda+0x000001441d250c30
instanceKlass androidx/compose/ui/focus/FocusEnterExitScope
instanceKlass androidx/compose/ui/geometry/Rect$Companion
instanceKlass androidx/compose/ui/geometry/Rect
instanceKlass androidx/compose/ui/focus/FocusProperties$Companion
instanceKlass androidx/compose/ui/node/CanFocusChecker
instanceKlass androidx/compose/ui/node/DepthSortedSetsForDifferentPasses$WhenMappings
instanceKlass androidx/compose/ui/node/MeasureAndLayoutDelegate$WhenMappings
instanceKlass androidx/compose/ui/node/LayoutModifierNodeKt
instanceKlass androidx/compose/ui/node/LayoutModifierNodeCoordinator$Companion
instanceKlass androidx/compose/ui/node/DelegatableNodeKt
instanceKlass androidx/compose/ui/layout/BeyondBoundsLayoutProviderModifierNode
instanceKlass androidx/compose/ui/input/indirect/IndirectPointerInputModifierNode
instanceKlass androidx/compose/ui/node/UnplacedAwareModifierNode
instanceKlass androidx/compose/ui/relocation/BringIntoViewModifierNode
instanceKlass androidx/compose/ui/input/key/SoftKeyboardInterceptionModifierNode
instanceKlass androidx/compose/ui/input/rotary/RotaryInputModifierNode
instanceKlass androidx/compose/ui/input/key/KeyInputModifierNode
instanceKlass androidx/compose/ui/layout/ApproachLayoutModifierNode
instanceKlass androidx/compose/ui/Actual_jvmKt
instanceKlass androidx/collection/ObjectIntMapKt
instanceKlass androidx/compose/ui/node/NodeKindKt
instanceKlass  @bci androidx/compose/ui/layout/RulerProviderModifierNode <init> (Landroidx/compose/ui/platform/PlatformWindowInsets;)V 25 <appendix> member <vmtarget> ; # androidx/compose/ui/layout/RulerProviderModifierNode$$Lambda+0x000001441d24c140
instanceKlass androidx/compose/ui/layout/RulerScope
instanceKlass androidx/compose/runtime/snapshots/SnapshotStateListKt
instanceKlass androidx/compose/runtime/external/kotlinx/collections/immutable/internal/CommonFunctionsKt
instanceKlass androidx/compose/runtime/external/kotlinx/collections/immutable/implementations/immutableList/SmallPersistentVector$Companion
instanceKlass androidx/compose/runtime/external/kotlinx/collections/immutable/PersistentList
instanceKlass androidx/compose/runtime/external/kotlinx/collections/immutable/ImmutableList
instanceKlass androidx/compose/runtime/external/kotlinx/collections/immutable/implementations/immutableList/UtilsKt
instanceKlass androidx/compose/runtime/snapshots/SnapshotStateList
instanceKlass androidx/compose/ui/node/NodeChainKt
instanceKlass androidx/compose/ui/node/NodeKind
instanceKlass androidx/compose/ui/spatial/RectManagerKt
instanceKlass androidx/compose/ui/node/MeasureAndLayoutDelegate$PostponedRequest
instanceKlass androidx/compose/ui/node/OnPositionedDispatcher$Companion
instanceKlass androidx/compose/ui/node/OnPositionedDispatcher
instanceKlass androidx/compose/ui/node/DepthSortedSetKt$DepthComparator$1
instanceKlass androidx/compose/ui/node/DepthSortedSetKt
instanceKlass androidx/compose/ui/node/DepthSortedSet
instanceKlass androidx/compose/ui/node/DepthSortedSetsForDifferentPasses
instanceKlass androidx/compose/ui/node/MeasureAndLayoutDelegate
instanceKlass androidx/collection/LongList
instanceKlass androidx/compose/ui/node/HitTestResult
instanceKlass androidx/collection/LongSparseArray
instanceKlass androidx/compose/ui/input/pointer/PointerInputChangeEventProducer
instanceKlass androidx/collection/LongSet
instanceKlass androidx/collection/LongSetKt
instanceKlass androidx/collection/LongObjectMap
instanceKlass androidx/compose/ui/input/pointer/NodeParent
instanceKlass androidx/compose/ui/input/pointer/HitPathTracker
instanceKlass androidx/compose/ui/input/pointer/PointerInputEventProcessor
instanceKlass androidx/compose/ui/node/RootNodeOwner$OwnedLayerManagerImpl
instanceKlass androidx/compose/ui/platform/OwnedLayerManager
instanceKlass androidx/compose/ui/node/RootNodeOwner$PlatformRootForTestImpl
instanceKlass androidx/compose/ui/platform/PlatformRootForTest
instanceKlass androidx/compose/ui/node/RootForTest
instanceKlass androidx/compose/ui/modifier/ModifierLocal
instanceKlass androidx/compose/ui/draw/BuildDrawCacheParams
instanceKlass androidx/compose/ui/focus/FocusRequesterModifierNode
instanceKlass androidx/compose/ui/focus/FocusPropertiesModifierNode
instanceKlass androidx/compose/ui/focus/FocusEventModifierNode
instanceKlass androidx/compose/ui/node/GlobalPositionAwareModifierNode
instanceKlass androidx/compose/ui/node/ParentDataModifierNode
instanceKlass androidx/compose/ui/node/PointerInputModifierNode
instanceKlass androidx/compose/ui/node/DrawModifierNode
instanceKlass androidx/compose/ui/node/LayoutModifierNode
instanceKlass androidx/compose/ui/modifier/ModifierLocalManager
instanceKlass  @bci androidx/compose/ui/text/font/FontFamilyResolverImpl <init> (Landroidx/compose/ui/text/font/PlatformFontLoader;Landroidx/compose/ui/text/font/PlatformResolveInterceptor;Landroidx/compose/ui/text/font/TypefaceRequestCache;Landroidx/compose/ui/text/font/FontListFontFamilyTypefaceAdapter;Landroidx/compose/ui/text/font/PlatformFontFamilyTypefaceAdapter;)V 65 <appendix> member <vmtarget> ; # androidx/compose/ui/text/font/FontFamilyResolverImpl$$Lambda+0x000001441d23fb00
instanceKlass androidx/compose/ui/text/font/TypefaceRequest
instanceKlass androidx/compose/ui/text/font/PlatformFontFamilyTypefaceAdapter
instanceKlass androidx/compose/ui/text/platform/DispatcherKt
instanceKlass androidx/compose/ui/text/font/FontMatcher
instanceKlass androidx/compose/ui/text/font/FontListFontFamilyTypefaceAdapter$Companion
instanceKlass androidx/compose/ui/text/font/FontListFontFamilyTypefaceAdapter
instanceKlass androidx/compose/ui/text/font/FontFamilyTypefaceAdapter
instanceKlass androidx/compose/ui/text/font/AsyncTypefaceCache$AsyncTypefaceResult
instanceKlass androidx/compose/ui/text/font/AsyncTypefaceCache
instanceKlass androidx/collection/internal/Lock
instanceKlass androidx/collection/internal/LruHashMap
instanceKlass androidx/collection/LruCache
instanceKlass androidx/compose/ui/text/platform/SynchronizedObject
instanceKlass androidx/compose/ui/text/font/TypefaceRequestCache
instanceKlass androidx/compose/ui/text/font/FontFamilyResolverKt
instanceKlass androidx/compose/ui/text/font/PlatformResolveInterceptor$Companion$Default$1
instanceKlass androidx/compose/ui/text/font/PlatformResolveInterceptor$Companion
instanceKlass androidx/compose/ui/text/font/PlatformResolveInterceptor
instanceKlass androidx/compose/ui/text/font/FontFamilyResolver_skiko_desktopKt
instanceKlass  @bci androidx/compose/ui/text/font/SkiaFontLoader <init> (Landroidx/compose/ui/text/platform/FontCache;)V 8 <appendix> member <vmtarget> ; # androidx/compose/ui/text/font/SkiaFontLoader$$Lambda+0x000001441d23cd70
instanceKlass org/jetbrains/skia/impl/NativeKt
instanceKlass org/jetbrains/skia/impl/InteropScope
instanceKlass org/jetbrains/skia/FontMgrWithFallbackKt
instanceKlass org/jetbrains/skiko/Actuals_jvmKt
instanceKlass androidx/compose/ui/text/ExpireAfterAccessCache
instanceKlass androidx/compose/ui/text/Cache
instanceKlass org/jetbrains/skia/paragraph/TypefaceFontProviderWithFallbackKt
instanceKlass org/jetbrains/skia/paragraph/TypefaceFontProviderWithFallback$Companion
instanceKlass org/jetbrains/skia/paragraph/TypefaceFontProvider$Companion
instanceKlass org/jetbrains/skia/FontMgrKt
instanceKlass org/jetbrains/skia/FontMgr$Companion
instanceKlass org/jetbrains/skia/paragraph/FontCollectionKt
instanceKlass org/jetbrains/skia/paragraph/FontCollection$Companion
instanceKlass androidx/compose/ui/text/font/SkiaFontLoader
instanceKlass androidx/compose/ui/text/font/PlatformFontLoader
instanceKlass androidx/compose/ui/text/font/FontFamilyResolverImpl
instanceKlass androidx/compose/ui/text/font/FontFamilyResolver_sikioKt
instanceKlass  @bci androidx/compose/ui/text/platform/FontLoader <init> ()V 18 <appendix> member <vmtarget> ; # androidx/compose/ui/text/platform/FontLoader$$Lambda+0x000001441d2395b0
instanceKlass  @bci androidx/compose/ui/text/platform/FontLoader <init> ()V 5 <appendix> argL0 ; # androidx/compose/ui/text/platform/FontLoader$$Lambda+0x000001441d239380
instanceKlass androidx/compose/ui/text/platform/FontCache
instanceKlass androidx/compose/ui/text/platform/FontLoader
instanceKlass androidx/compose/ui/geometry/MutableRect
instanceKlass  @bci androidx/compose/ui/spatial/RectManager <init> (Landroidx/collection/IntObjectMap;)V 62 <appendix> member <vmtarget> ; # androidx/compose/ui/spatial/RectManager$$Lambda+0x000001441d238ad8
instanceKlass androidx/compose/ui/spatial/ThrottledCallbacks
instanceKlass androidx/compose/ui/spatial/RectList
instanceKlass androidx/compose/ui/spatial/RectManager
instanceKlass androidx/compose/ui/semantics/SemanticsOwner
instanceKlass androidx/compose/ui/node/RootNodeOwner$PointerIconServiceImpl
instanceKlass androidx/compose/ui/SessionMutex
instanceKlass androidx/compose/ui/platform/DelegatingSoftwareKeyboardController
instanceKlass androidx/compose/ui/platform/DefaultAccessibilityManager
instanceKlass  @bci androidx/compose/ui/platform/AwtPlatformClipboard <init> ()V 5 <appendix> argL0 ; # androidx/compose/ui/platform/AwtPlatformClipboard$$Lambda+0x000001441d237738
instanceKlass androidx/compose/ui/platform/AwtPlatformClipboard
instanceKlass androidx/compose/ui/platform/PlatformClipboard_desktopKt
instanceKlass org/jetbrains/skiko/ClipboardManager
instanceKlass androidx/compose/ui/platform/PlatformClipboardManager
instanceKlass androidx/compose/ui/platform/DefaultHapticFeedback
instanceKlass androidx/compose/ui/graphics/drawscope/CanvasDrawScopeKt$asDrawTransform$1
instanceKlass androidx/compose/ui/graphics/drawscope/DrawTransform
instanceKlass androidx/compose/ui/graphics/drawscope/CanvasDrawScopeKt
instanceKlass androidx/compose/ui/graphics/drawscope/CanvasDrawScope$drawContext$1
instanceKlass androidx/compose/ui/graphics/drawscope/DrawContext
instanceKlass androidx/compose/ui/graphics/drawscope/EmptyCanvas
instanceKlass androidx/compose/ui/graphics/Canvas
instanceKlass androidx/compose/ui/graphics/drawscope/DrawContextKt
instanceKlass androidx/compose/ui/graphics/drawscope/CanvasDrawScope$DrawParams
instanceKlass androidx/compose/ui/graphics/drawscope/CanvasDrawScope
instanceKlass androidx/compose/ui/graphics/drawscope/DrawScope$Companion
instanceKlass androidx/compose/ui/node/LayoutNodeDrawScope
instanceKlass androidx/compose/ui/graphics/drawscope/ContentDrawScope
instanceKlass androidx/compose/ui/graphics/drawscope/DrawScope
instanceKlass  @bci androidx/compose/ui/node/MeasurePassDelegate <init> (Landroidx/compose/ui/node/LayoutNodeLayoutDelegate;)V 139 <appendix> member <vmtarget> ; # androidx/compose/ui/node/MeasurePassDelegate$$Lambda+0x000001441d2343a8
instanceKlass  @bci androidx/compose/ui/node/MeasurePassDelegate <init> (Landroidx/compose/ui/node/LayoutNodeLayoutDelegate;)V 119 <appendix> member <vmtarget> ; # androidx/compose/ui/node/MeasurePassDelegate$$Lambda+0x000001441d234170
instanceKlass  @bci androidx/compose/ui/node/MeasurePassDelegate <init> (Landroidx/compose/ui/node/LayoutNodeLayoutDelegate;)V 109 <appendix> member <vmtarget> ; # androidx/compose/ui/node/MeasurePassDelegate$$Lambda+0x000001441d233f38
instanceKlass androidx/compose/ui/node/AlignmentLines
instanceKlass androidx/compose/ui/node/AlignmentLinesOwner
instanceKlass androidx/compose/ui/node/LayoutNodeLayoutDelegate
instanceKlass  @bci androidx/compose/ui/node/NodeCoordinator <init> (Landroidx/compose/ui/node/LayoutNode;)V 62 <appendix> member <vmtarget> ; # androidx/compose/ui/node/NodeCoordinator$$Lambda+0x000001441d2319c8
instanceKlass androidx/compose/ui/layout/Placeable$PlacementScope
instanceKlass androidx/compose/ui/unit/Constraints$Companion
instanceKlass androidx/compose/ui/unit/Constraints
instanceKlass androidx/compose/ui/unit/ConstraintsKt
instanceKlass  @bci androidx/compose/ui/layout/PlaceableKt <clinit> ()V 0 <appendix> argL0 ; # androidx/compose/ui/layout/PlaceableKt$$Lambda+0x000001441d230aa8
instanceKlass androidx/compose/ui/layout/PlaceableKt
instanceKlass org/jetbrains/skia/impl/Native_jvmKt
instanceKlass androidx/collection/IntObjectMapKt
instanceKlass androidx/compose/ui/graphics/colorspace/Connector$Companion
instanceKlass androidx/compose/ui/graphics/colorspace/Connector
instanceKlass androidx/compose/ui/graphics/colorspace/ConnectorKt
instanceKlass androidx/compose/ui/graphics/colorspace/RenderIntent$Companion
instanceKlass androidx/compose/ui/graphics/colorspace/RenderIntent
instanceKlass androidx/compose/ui/graphics/FilterQuality$Companion
instanceKlass androidx/compose/ui/graphics/FilterQuality
instanceKlass androidx/compose/ui/graphics/StrokeJoin$Companion
instanceKlass androidx/compose/ui/graphics/StrokeJoin
instanceKlass androidx/compose/ui/graphics/StrokeCap$Companion
instanceKlass androidx/compose/ui/graphics/StrokeCap
instanceKlass androidx/compose/ui/graphics/PaintingStyle$Companion
instanceKlass androidx/compose/ui/graphics/PaintingStyle
instanceKlass org/jetbrains/skia/Paint$_FinalizerHolder
instanceKlass org/jetbrains/skia/PaintKt
instanceKlass org/jetbrains/skia/Paint$Companion
instanceKlass androidx/compose/ui/graphics/SkiaBackedPaint
instanceKlass androidx/compose/ui/graphics/Paint
instanceKlass androidx/compose/ui/graphics/SkiaBackedPaint_skikoKt
instanceKlass androidx/compose/ui/node/InnerNodeCoordinator$Companion
instanceKlass androidx/compose/ui/node/NodeCoordinator$Companion$SemanticsSource$1
instanceKlass androidx/compose/ui/node/NodeCoordinator$Companion$PointerInputSource$1
instanceKlass androidx/compose/ui/node/NodeCoordinator$HitTestSource
instanceKlass androidx/compose/ui/graphics/Matrix$Companion
instanceKlass androidx/compose/ui/graphics/Matrix
instanceKlass androidx/compose/ui/node/LayerPositionalProperties
instanceKlass androidx/compose/ui/graphics/BlendMode$Companion
instanceKlass androidx/compose/ui/graphics/BlendMode
instanceKlass androidx/compose/ui/graphics/CompositingStrategy$Companion
instanceKlass androidx/compose/ui/graphics/CompositingStrategy
instanceKlass androidx/compose/ui/graphics/RectangleShapeKt$RectangleShape$1
instanceKlass androidx/compose/ui/graphics/RectangleShapeKt
instanceKlass androidx/compose/ui/graphics/TransformOriginKt
instanceKlass androidx/compose/ui/graphics/TransformOrigin$Companion
instanceKlass androidx/compose/ui/graphics/TransformOrigin
instanceKlass androidx/compose/ui/graphics/colorspace/Adaptation$Companion
instanceKlass androidx/compose/ui/graphics/colorspace/Adaptation
instanceKlass androidx/compose/ui/graphics/colorspace/Oklab$Companion
instanceKlass  @bci androidx/compose/ui/graphics/colorspace/ColorSpaces <clinit> ()V 1315 <appendix> argL0 ; # androidx/compose/ui/graphics/colorspace/ColorSpaces$$Lambda+0x000001441d22c460
instanceKlass  @bci androidx/compose/ui/graphics/colorspace/ColorSpaces <clinit> ()V 1310 <appendix> argL0 ; # androidx/compose/ui/graphics/colorspace/ColorSpaces$$Lambda+0x000001441d22c230
instanceKlass  @bci androidx/compose/ui/graphics/colorspace/ColorSpaces <clinit> ()V 1267 <appendix> argL0 ; # androidx/compose/ui/graphics/colorspace/ColorSpaces$$Lambda+0x000001441d22c000
instanceKlass  @bci androidx/compose/ui/graphics/colorspace/ColorSpaces <clinit> ()V 1262 <appendix> argL0 ; # androidx/compose/ui/graphics/colorspace/ColorSpaces$$Lambda+0x000001441d227ca0
instanceKlass androidx/compose/ui/graphics/colorspace/Lab$Companion
instanceKlass  @bci androidx/compose/ui/graphics/colorspace/Rgb <init> (Ljava/lang/String;[FLandroidx/compose/ui/graphics/colorspace/WhitePoint;DFFI)V 74 <appendix> member <vmtarget> ; # androidx/compose/ui/graphics/colorspace/Rgb$$Lambda+0x000001441d227388
instanceKlass  @bci androidx/compose/ui/graphics/colorspace/Rgb <init> (Ljava/lang/String;[FLandroidx/compose/ui/graphics/colorspace/WhitePoint;DFFI)V 46 <appendix> form vmentry <vmtarget> ; # java/lang/invoke/LambdaForm$DMH+0x000001441d229000
instanceKlass  @bci androidx/compose/ui/graphics/colorspace/Rgb <init> (Ljava/lang/String;[FLandroidx/compose/ui/graphics/colorspace/WhitePoint;DFFI)V 46 <appendix> member <vmtarget> ; # androidx/compose/ui/graphics/colorspace/Rgb$$Lambda+0x000001441d227158
instanceKlass  @cpi androidx/compose/ui/graphics/colorspace/Rgb 298 form vmentry <vmtarget> ; # java/lang/invoke/LambdaForm$DMH+0x000001441d228c00
instanceKlass  @bci androidx/compose/ui/graphics/colorspace/ColorSpaces <clinit> ()V 357 <appendix> argL0 ; # androidx/compose/ui/graphics/colorspace/ColorSpaces$$Lambda+0x000001441d226f28
instanceKlass  @bci androidx/compose/ui/graphics/colorspace/ColorSpaces <clinit> ()V 352 <appendix> argL0 ; # androidx/compose/ui/graphics/colorspace/ColorSpaces$$Lambda+0x000001441d226cf8
instanceKlass androidx/compose/ui/graphics/colorspace/ColorSpaceKt
instanceKlass  @bci androidx/compose/ui/graphics/colorspace/Rgb <init> (Ljava/lang/String;[FLandroidx/compose/ui/graphics/colorspace/WhitePoint;[FLandroidx/compose/ui/graphics/colorspace/DoubleFunction;Landroidx/compose/ui/graphics/colorspace/DoubleFunction;FFLandroidx/compose/ui/graphics/colorspace/TransferParameters;I)V 113 <appendix> member <vmtarget> ; # androidx/compose/ui/graphics/colorspace/Rgb$$Lambda+0x000001441d2268a8
instanceKlass  @bci androidx/compose/ui/graphics/colorspace/Rgb <init> (Ljava/lang/String;[FLandroidx/compose/ui/graphics/colorspace/WhitePoint;[FLandroidx/compose/ui/graphics/colorspace/DoubleFunction;Landroidx/compose/ui/graphics/colorspace/DoubleFunction;FFLandroidx/compose/ui/graphics/colorspace/TransferParameters;I)V 103 <appendix> member <vmtarget> ; # androidx/compose/ui/graphics/colorspace/Rgb$$Lambda+0x000001441d226670
instanceKlass  @bci androidx/compose/ui/graphics/colorspace/Rgb <init> (Ljava/lang/String;[FLandroidx/compose/ui/graphics/colorspace/WhitePoint;[FLandroidx/compose/ui/graphics/colorspace/DoubleFunction;Landroidx/compose/ui/graphics/colorspace/DoubleFunction;FFLandroidx/compose/ui/graphics/colorspace/TransferParameters;I)V 87 <appendix> member <vmtarget> ; # androidx/compose/ui/graphics/colorspace/Rgb$$Lambda+0x000001441d226438
instanceKlass  @bci androidx/compose/ui/graphics/colorspace/Rgb <init> (Ljava/lang/String;[FLandroidx/compose/ui/graphics/colorspace/WhitePoint;[FLandroidx/compose/ui/graphics/colorspace/DoubleFunction;Landroidx/compose/ui/graphics/colorspace/DoubleFunction;FFLandroidx/compose/ui/graphics/colorspace/TransferParameters;I)V 77 <appendix> member <vmtarget> ; # androidx/compose/ui/graphics/colorspace/Rgb$$Lambda+0x000001441d226200
instanceKlass androidx/compose/ui/graphics/colorspace/ColorModel$Companion
instanceKlass androidx/compose/ui/graphics/colorspace/ColorModel
instanceKlass  @bci androidx/compose/ui/graphics/colorspace/Rgb$Companion generateEotf (Landroidx/compose/ui/graphics/colorspace/TransferParameters;)Landroidx/compose/ui/graphics/colorspace/DoubleFunction; 67 <appendix> member <vmtarget> ; # androidx/compose/ui/graphics/colorspace/Rgb$Companion$$Lambda+0x000001441d225b98
instanceKlass  @bci androidx/compose/ui/graphics/colorspace/Rgb$Companion generateOetf (Landroidx/compose/ui/graphics/colorspace/TransferParameters;)Landroidx/compose/ui/graphics/colorspace/DoubleFunction; 67 <appendix> member <vmtarget> ; # androidx/compose/ui/graphics/colorspace/Rgb$Companion$$Lambda+0x000001441d225960
instanceKlass  @cpi androidx/compose/ui/graphics/colorspace/Rgb$Companion 232 form vmentry <vmtarget> ; # java/lang/invoke/LambdaForm$DMH+0x000001441d228800
instanceKlass androidx/compose/ui/graphics/colorspace/WhitePoint
instanceKlass androidx/compose/ui/graphics/colorspace/Illuminant
instanceKlass  @bci androidx/compose/ui/graphics/colorspace/Rgb <clinit> ()V 11 <appendix> argL0 ; # androidx/compose/ui/graphics/colorspace/Rgb$$Lambda+0x000001441d225300
instanceKlass  @cpi androidx/compose/ui/graphics/colorspace/Rgb 472 form vmentry <vmtarget> ; # java/lang/invoke/LambdaForm$DMH+0x000001441d228400
instanceKlass androidx/compose/ui/graphics/colorspace/DoubleFunction
instanceKlass androidx/compose/ui/graphics/colorspace/Rgb$Companion
instanceKlass androidx/compose/ui/graphics/colorspace/ColorSpace$Companion
instanceKlass androidx/compose/ui/graphics/colorspace/ColorSpace
instanceKlass androidx/compose/ui/graphics/colorspace/TransferParametersKt
instanceKlass androidx/compose/ui/graphics/colorspace/TransferParameters
instanceKlass androidx/compose/ui/graphics/colorspace/ColorSpaces
instanceKlass kotlin/ULong$Companion
instanceKlass kotlin/ULong
instanceKlass androidx/compose/ui/graphics/ColorKt
instanceKlass androidx/compose/ui/graphics/Color$Companion
instanceKlass androidx/compose/ui/graphics/Color
instanceKlass androidx/compose/ui/graphics/GraphicsLayerScopeKt
instanceKlass androidx/compose/ui/graphics/ReusableGraphicsLayerScope
instanceKlass androidx/compose/ui/graphics/GraphicsLayerScope
instanceKlass  @bci androidx/compose/ui/node/NodeCoordinator <clinit> ()V 19 <appendix> argL0 ; # androidx/compose/ui/node/NodeCoordinator$$Lambda+0x000001441d222c38
instanceKlass  @bci androidx/compose/ui/node/NodeCoordinator <clinit> ()V 11 <appendix> argL0 ; # androidx/compose/ui/node/NodeCoordinator$$Lambda+0x000001441d222a08
instanceKlass androidx/compose/ui/node/NodeCoordinator$Companion
instanceKlass  @bci androidx/compose/ui/node/LookaheadCapablePlaceable <clinit> ()V 11 <appendix> argL0 ; # androidx/compose/ui/node/LookaheadCapablePlaceable$$Lambda+0x000001441d2225c0
instanceKlass androidx/compose/ui/node/PlaceableResult
instanceKlass androidx/compose/ui/node/LookaheadCapablePlaceable$Companion
instanceKlass androidx/compose/ui/layout/Placeable
instanceKlass androidx/compose/ui/layout/Measured
instanceKlass androidx/compose/ui/node/MotionReferencePlacementDelegate
instanceKlass androidx/compose/ui/node/MeasureScopeWithLayoutNode
instanceKlass androidx/compose/ui/layout/MeasureScope
instanceKlass androidx/compose/ui/layout/IntrinsicMeasureScope
instanceKlass androidx/compose/ui/layout/LayoutCoordinates
instanceKlass androidx/compose/ui/layout/Measurable
instanceKlass androidx/compose/ui/layout/IntrinsicMeasurable
instanceKlass androidx/compose/ui/node/NodeChain
instanceKlass androidx/compose/runtime/CompositionLocalMap$Companion
instanceKlass androidx/compose/ui/node/LayoutNodeKt
instanceKlass  @bci androidx/compose/ui/node/LayoutNode <init> (ZI)V 79 <appendix> member <vmtarget> ; # androidx/compose/ui/node/LayoutNode$$Lambda+0x000001441d21ea68
instanceKlass androidx/compose/ui/node/MutableVectorWithMutationTracking
instanceKlass androidx/compose/ui/unit/IntOffset$Companion
instanceKlass androidx/compose/ui/unit/IntOffset
instanceKlass  @bci androidx/compose/ui/node/LayoutNode <clinit> ()V 50 <appendix> argL0 ; # androidx/compose/ui/node/LayoutNode$$Lambda+0x000001441d21cf28
instanceKlass androidx/compose/ui/node/LayoutNode$Companion$DummyViewConfiguration$1
instanceKlass  @bci androidx/compose/ui/node/LayoutNode <clinit> ()V 29 <appendix> argL0 ; # androidx/compose/ui/node/LayoutNode$$Lambda+0x000001441d21ca68
instanceKlass androidx/compose/ui/node/LayoutNode$NoIntrinsicsMeasurePolicy
instanceKlass androidx/compose/ui/layout/MeasurePolicy
instanceKlass androidx/compose/ui/node/LayoutNode$Companion
instanceKlass androidx/compose/ui/semantics/SemanticsModifier
instanceKlass androidx/compose/ui/semantics/SemanticsModifierKt
instanceKlass  @bci androidx/compose/ui/node/RootNodeOwner$OwnerImpl <init> (Landroidx/compose/ui/node/RootNodeOwner;Landroidx/compose/ui/unit/LayoutDirection;Lkotlin/coroutines/CoroutineContext;)V 168 <appendix> argL0 ; # androidx/compose/ui/node/RootNodeOwner$OwnerImpl$$Lambda+0x000001441d21b788
instanceKlass androidx/compose/ui/focus/FocusPropertiesKt$sam$androidx_compose_ui_focus_FocusPropertiesScope$0
instanceKlass androidx/compose/ui/focus/FocusPropertiesScope
instanceKlass androidx/compose/ui/focus/FocusPropertiesKt
instanceKlass  @bci androidx/compose/ui/node/RootNodeOwner$OwnerImpl <init> (Landroidx/compose/ui/node/RootNodeOwner;Landroidx/compose/ui/unit/LayoutDirection;Lkotlin/coroutines/CoroutineContext;)V 130 <appendix> member <vmtarget> ; # androidx/compose/ui/node/RootNodeOwner$OwnerImpl$$Lambda+0x000001441d21abe8
instanceKlass androidx/compose/ui/focus/FocusProperties
instanceKlass androidx/compose/ui/CombinedModifier
instanceKlass androidx/compose/ui/platform/EmptyPlatformWindowInsets
instanceKlass androidx/compose/ui/platform/PlatformWindowInsets
instanceKlass androidx/compose/ui/ComposeUiFlags
instanceKlass androidx/compose/ui/focus/FocusInvalidationManager
instanceKlass androidx/compose/ui/focus/Focusability$Companion
instanceKlass androidx/compose/ui/focus/Focusability
instanceKlass androidx/compose/ui/modifier/ModifierLocalModifierNode
instanceKlass androidx/compose/ui/modifier/ModifierLocalReadScope
instanceKlass androidx/compose/ui/node/ObserverModifierNode
instanceKlass androidx/compose/ui/focus/FocusTargetModifierNode
instanceKlass androidx/compose/ui/node/CompositionLocalConsumerModifierNode
instanceKlass androidx/compose/ui/focus/FocusOwnerImpl
instanceKlass androidx/compose/ui/focus/FocusOwner
instanceKlass androidx/compose/ui/node/RootNodeOwner$OwnerImpl$platformFocusOwner$1
instanceKlass androidx/compose/ui/focus/PlatformFocusOwner
instanceKlass androidx/compose/ui/node/Owner$Companion
instanceKlass androidx/compose/ui/node/RootNodeOwner$OwnerImpl
instanceKlass androidx/compose/ui/node/Owner
instanceKlass androidx/compose/ui/input/pointer/PositionCalculator
instanceKlass org/jetbrains/skia/impl/Managed$CleanerThunk
instanceKlass org/jetbrains/skia/impl/Stats
instanceKlass kotlin/_Assertions
instanceKlass org/jetbrains/skia/impl/RefCnt$_FinalizerHolder
instanceKlass org/jetbrains/skiko/node/RenderNodeContextKt
instanceKlass org/jetbrains/skiko/node/RenderNodeContext$Companion
instanceKlass androidx/compose/ui/graphics/SkiaGraphicsContext
instanceKlass  @bci androidx/compose/ui/node/OwnerSnapshotObserver <init> (Lkotlin/jvm/functions/Function1;)V 77 <appendix> argL0 ; # androidx/compose/ui/node/OwnerSnapshotObserver$$Lambda+0x000001441d2156d8
instanceKlass  @bci androidx/compose/ui/node/OwnerSnapshotObserver <init> (Lkotlin/jvm/functions/Function1;)V 68 <appendix> argL0 ; # androidx/compose/ui/node/OwnerSnapshotObserver$$Lambda+0x000001441d2154a8
instanceKlass  @bci androidx/compose/ui/node/OwnerSnapshotObserver <init> (Lkotlin/jvm/functions/Function1;)V 59 <appendix> argL0 ; # androidx/compose/ui/node/OwnerSnapshotObserver$$Lambda+0x000001441d215278
instanceKlass  @bci androidx/compose/ui/node/OwnerSnapshotObserver <init> (Lkotlin/jvm/functions/Function1;)V 50 <appendix> argL0 ; # androidx/compose/ui/node/OwnerSnapshotObserver$$Lambda+0x000001441d215048
instanceKlass  @bci androidx/compose/ui/node/OwnerSnapshotObserver <init> (Lkotlin/jvm/functions/Function1;)V 41 <appendix> argL0 ; # androidx/compose/ui/node/OwnerSnapshotObserver$$Lambda+0x000001441d214e18
instanceKlass  @bci androidx/compose/ui/node/OwnerSnapshotObserver <init> (Lkotlin/jvm/functions/Function1;)V 32 <appendix> argL0 ; # androidx/compose/ui/node/OwnerSnapshotObserver$$Lambda+0x000001441d214be8
instanceKlass  @bci androidx/compose/ui/node/OwnerSnapshotObserver <init> (Lkotlin/jvm/functions/Function1;)V 23 <appendix> argL0 ; # androidx/compose/ui/node/OwnerSnapshotObserver$$Lambda+0x000001441d2149b8
instanceKlass androidx/compose/ui/node/LayoutNode
instanceKlass androidx/compose/ui/node/Owner$OnLayoutCompletedListener
instanceKlass androidx/compose/ui/node/InteroperableComposeUiNode
instanceKlass androidx/compose/ui/node/ComposeUiNode
instanceKlass androidx/compose/ui/semantics/SemanticsInfo
instanceKlass androidx/compose/ui/layout/LayoutInfo
instanceKlass androidx/compose/ui/node/OwnerScope
instanceKlass androidx/compose/ui/layout/Remeasurement
instanceKlass androidx/compose/runtime/ComposeNodeLifecycleCallback
instanceKlass  @bci androidx/compose/ui/node/SnapshotInvalidationTracker snapshotObserver ()Landroidx/compose/ui/node/OwnerSnapshotObserver; 5 <appendix> member <vmtarget> ; # androidx/compose/ui/node/SnapshotInvalidationTracker$$Lambda+0x000001441d2132e0
instanceKlass androidx/compose/ui/node/OwnerSnapshotObserver
instanceKlass androidx/compose/ui/node/SemanticsModifierNode
instanceKlass androidx/compose/ui/Modifier$Companion
instanceKlass androidx/compose/ui/node/ModifierNodeElement
instanceKlass androidx/compose/ui/Modifier$Element
instanceKlass androidx/collection/ArraySet
instanceKlass androidx/compose/ui/draganddrop/DragAndDropNode$Companion$DragAndDropTraversableKey
instanceKlass androidx/compose/ui/draganddrop/DragAndDropNode$Companion
instanceKlass androidx/compose/ui/Modifier$Node
instanceKlass androidx/compose/ui/draganddrop/DragAndDropTargetModifierNode
instanceKlass androidx/compose/ui/draganddrop/DragAndDropSourceModifierNode
instanceKlass androidx/compose/ui/node/LayoutAwareModifierNode
instanceKlass androidx/compose/ui/draganddrop/DragAndDropModifierNode
instanceKlass androidx/compose/ui/node/TraversableNode
instanceKlass androidx/compose/ui/node/DelegatableNode
instanceKlass androidx/compose/ui/node/DragAndDropOwner
instanceKlass androidx/compose/ui/draganddrop/DragAndDropManager
instanceKlass androidx/compose/ui/node/RootNodeOwner
instanceKlass androidx/compose/ui/scene/ComposeSceneRecomposer
instanceKlass androidx/compose/ui/input/pointer/SyntheticEventSender
instanceKlass androidx/compose/runtime/snapshots/SnapshotMapSet
instanceKlass androidx/compose/runtime/snapshots/SnapshotStateMap
instanceKlass androidx/compose/ui/input/pointer/PointerButtons
instanceKlass androidx/compose/ui/scene/DefaultPointerStateTracker
instanceKlass androidx/compose/ui/scene/ComposeSceneInputHandler
instanceKlass androidx/compose/ui/platform/SynchronizedObject
instanceKlass androidx/compose/ui/node/CommandList
instanceKlass androidx/compose/ui/node/SnapshotInvalidationTracker
instanceKlass androidx/compose/ui/scene/BaseComposeScene
instanceKlass androidx/compose/ui/scene/CanvasLayersComposeScene_skikoKt
instanceKlass java/awt/event/WindowAdapter
instanceKlass androidx/lifecycle/viewmodel/internal/ViewModelImpl
instanceKlass androidx/lifecycle/viewmodel/ViewModelProviderImpl_desktopKt
instanceKlass androidx/lifecycle/viewmodel/internal/SynchronizedObject
instanceKlass androidx/lifecycle/viewmodel/ViewModelProviderImpl
instanceKlass androidx/lifecycle/viewmodel/internal/ViewModelProviders
instanceKlass androidx/lifecycle/SavedStateHandleSupport$savedStateHandlesVM$1
instanceKlass androidx/lifecycle/ViewModelProvider$special$$inlined$Key$1
instanceKlass androidx/lifecycle/ViewModelProvider$Companion
instanceKlass androidx/lifecycle/ViewModelProvider
instanceKlass androidx/savedstate/SavedStateWriter
instanceKlass java/util/WeakHashMap$HashIterator
instanceKlass androidx/lifecycle/Lifecycle$Event$WhenMappings
instanceKlass androidx/lifecycle/Lifecycle$Event$Companion$WhenMappings
instanceKlass androidx/lifecycle/Lifecycle$Event$Companion
instanceKlass androidx/arch/core/internal/SafeIterableMap$SupportRemove
instanceKlass androidx/lifecycle/LifecycleRegistryKt
instanceKlass androidx/lifecycle/SavedStateHandleAttacher
instanceKlass  @bci androidx/lifecycle/SavedStateHandlesProvider <init> (Landroidx/savedstate/SavedStateRegistry;Landroidx/lifecycle/ViewModelStoreOwner;)V 23 <appendix> member <vmtarget> ; # androidx/lifecycle/SavedStateHandlesProvider$$Lambda+0x000001441d207398
instanceKlass androidx/lifecycle/ViewModel
instanceKlass androidx/lifecycle/SavedStateHandlesProvider
instanceKlass androidx/savedstate/SavedStateRegistry$SavedStateProvider
instanceKlass androidx/compose/ui/scene/ComposeSceneMediator$onKeyEvent$2
instanceKlass androidx/compose/ui/scene/ComposeSceneMediator$onPreviewKeyEvent$1
instanceKlass androidx/compose/ui/scene/ComposeSceneMediator_desktopKt
instanceKlass  @bci androidx/compose/ui/scene/skia/WindowSkiaLayerComponent onRenderApiChanged (Lkotlin/jvm/functions/Function0;)V 14 <appendix> member <vmtarget> ; # androidx/compose/ui/scene/skia/WindowSkiaLayerComponent$$Lambda+0x000001441d205d50
instanceKlass  @bci androidx/compose/ui/scene/ComposeSceneMediator <init> (Ljavax/swing/JComponent;Landroidx/compose/ui/platform/PlatformWindowContext;Landroidx/compose/ui/window/WindowExceptionHandler;Landroidx/compose/ui/awt/AwtEventListener;ZLandroidx/compose/ui/platform/PlatformArchitectureComponentsOwner;Lkotlin/coroutines/CoroutineContext;Lkotlin/jvm/functions/Function1;Lkotlin/jvm/functions/Function1;)V 522 <appendix> member <vmtarget> ; # androidx/compose/ui/scene/ComposeSceneMediator$$Lambda+0x000001441d205910
instanceKlass androidx/compose/ui/awt/DebouncingEdtExecutor
instanceKlass java/awt/datatransfer/SystemFlavorMap$SoftCache
instanceKlass  @bci java/awt/datatransfer/SystemFlavorMap getDefaultFlavorMap ()Ljava/awt/datatransfer/FlavorMap; 3 <appendix> argL0 ; # java/awt/datatransfer/SystemFlavorMap$$Lambda+0x000001441d1f9c98
instanceKlass java/awt/datatransfer/DataFlavor
instanceKlass sun/awt/datatransfer/DesktopDatatransferServiceImpl
instanceKlass sun/datatransfer/DataFlavorUtil$DefaultDesktopDatatransferService
instanceKlass sun/datatransfer/DesktopDatatransferService
instanceKlass sun/datatransfer/DataFlavorUtil
instanceKlass java/awt/datatransfer/SystemFlavorMap
instanceKlass java/awt/datatransfer/FlavorTable
instanceKlass java/awt/datatransfer/FlavorMap
instanceKlass java/awt/dnd/DropTargetContext$1
instanceKlass sun/awt/AWTAccessor$DropTargetContextAccessor
instanceKlass java/awt/dnd/DropTargetContext
instanceKlass java/awt/dnd/DropTarget
instanceKlass sun/swing/UIAction
instanceKlass javax/swing/Action
instanceKlass javax/swing/TransferHandler
instanceKlass androidx/compose/ui/platform/AwtDragAndDropManager$dropTargetListener$1
instanceKlass java/awt/dnd/DropTargetListener
instanceKlass  @bci androidx/compose/ui/scene/ComposeSceneMediator <init> (Ljavax/swing/JComponent;Landroidx/compose/ui/platform/PlatformWindowContext;Landroidx/compose/ui/window/WindowExceptionHandler;Landroidx/compose/ui/awt/AwtEventListener;ZLandroidx/compose/ui/platform/PlatformArchitectureComponentsOwner;Lkotlin/coroutines/CoroutineContext;Lkotlin/jvm/functions/Function1;Lkotlin/jvm/functions/Function1;)V 437 <appendix> member <vmtarget> ; # androidx/compose/ui/scene/ComposeSceneMediator$$Lambda+0x000001441d204fd0
instanceKlass androidx/compose/ui/scene/ComposeSceneDragAndDropNode
instanceKlass androidx/compose/ui/draganddrop/DragAndDropTarget
instanceKlass androidx/compose/ui/platform/AwtDragAndDropManager
instanceKlass androidx/compose/ui/platform/PlatformDragAndDropManager
instanceKlass  @bci androidx/compose/ui/scene/ComposeSceneMediator <init> (Ljavax/swing/JComponent;Landroidx/compose/ui/platform/PlatformWindowContext;Landroidx/compose/ui/window/WindowExceptionHandler;Landroidx/compose/ui/awt/AwtEventListener;ZLandroidx/compose/ui/platform/PlatformArchitectureComponentsOwner;Lkotlin/coroutines/CoroutineContext;Lkotlin/jvm/functions/Function1;Lkotlin/jvm/functions/Function1;)V 416 <appendix> member <vmtarget> ; # androidx/compose/ui/scene/ComposeSceneMediator$$Lambda+0x000001441d2044d0
instanceKlass androidx/compose/ui/scene/ComposeScene
instanceKlass java/awt/event/KeyAdapter
instanceKlass java/awt/event/MouseAdapter
instanceKlass androidx/compose/ui/scene/ComposeSceneMediator$focusListener$1
instanceKlass androidx/compose/ui/scene/ComposeSceneMediator$inputMethodListener$1
instanceKlass androidx/compose/ui/scene/ComposeSceneMediator$interopContainerListener$1
instanceKlass androidx/compose/ui/viewinterop/ScheduledUpdatesSwapchain
instanceKlass androidx/compose/runtime/snapshots/SnapshotStateObserver$ObservedScopeMap
instanceKlass  @bci androidx/compose/runtime/snapshots/SnapshotStateObserver <init> (Lkotlin/jvm/functions/Function1;)V 33 <appendix> member <vmtarget> ; # androidx/compose/runtime/snapshots/SnapshotStateObserver$$Lambda+0x000001441d202c08
instanceKlass  @bci androidx/compose/runtime/snapshots/SnapshotStateObserver <init> (Lkotlin/jvm/functions/Function1;)V 23 <appendix> member <vmtarget> ; # androidx/compose/runtime/snapshots/SnapshotStateObserver$$Lambda+0x000001441d2029d0
instanceKlass  @bci androidx/compose/ui/viewinterop/SwingInteropContainer <init> (Ljava/awt/Container;ZLkotlin/jvm/functions/Function0;)V 45 <appendix> argL0 ; # androidx/compose/ui/viewinterop/SwingInteropContainer$$Lambda+0x000001441d2027a0
instanceKlass androidx/compose/runtime/snapshots/SnapshotStateObserver
instanceKlass androidx/compose/ui/viewinterop/SwingInteropContainer
instanceKlass androidx/compose/ui/viewinterop/InteropContainer
instanceKlass androidx/compose/ui/scene/skia/WindowSkiaLayerComponent$contentComponent$1$1
instanceKlass org/jetbrains/skiko/SkiaLayer_awtKt
instanceKlass  @bci org/jetbrains/skiko/SkiaLayer <init> (Lkotlin/jvm/functions/Function1;Lorg/jetbrains/skiko/SkiaLayerProperties;Lorg/jetbrains/skiko/RenderFactory;Lorg/jetbrains/skiko/SkiaLayerAnalytics;Lorg/jetbrains/skia/PixelGeometry;)V 180 <appendix> member <vmtarget> ; # org/jetbrains/skiko/SkiaLayer$$Lambda+0x000001441d2016a0
instanceKlass  @bci org/jetbrains/skiko/SkiaLayer <init> (Lkotlin/jvm/functions/Function1;Lorg/jetbrains/skiko/SkiaLayerProperties;Lorg/jetbrains/skiko/RenderFactory;Lorg/jetbrains/skiko/SkiaLayerAnalytics;Lorg/jetbrains/skia/PixelGeometry;)V 174 <appendix> member <vmtarget> ; # org/jetbrains/skiko/SkiaLayer$$Lambda+0x000001441d201468
instanceKlass java/awt/event/ComponentAdapter
instanceKlass  @bci org/jetbrains/skiko/SkiaLayer <init> (Lkotlin/jvm/functions/Function1;Lorg/jetbrains/skiko/SkiaLayerProperties;Lorg/jetbrains/skiko/RenderFactory;Lorg/jetbrains/skiko/SkiaLayerAnalytics;Lorg/jetbrains/skia/PixelGeometry;)V 123 <appendix> member <vmtarget> ; # org/jetbrains/skiko/SkiaLayer$$Lambda+0x000001441d200fc0
instanceKlass  @bci org/jetbrains/skiko/SkiaLayer <init> (Lkotlin/jvm/functions/Function1;Lorg/jetbrains/skiko/SkiaLayerProperties;Lorg/jetbrains/skiko/RenderFactory;Lorg/jetbrains/skiko/SkiaLayerAnalytics;Lorg/jetbrains/skia/PixelGeometry;)V 111 <appendix> member <vmtarget> ; # org/jetbrains/skiko/SkiaLayer$$Lambda+0x000001441d200d88
instanceKlass javax/swing/AncestorNotifier
instanceKlass javax/swing/ClientPropertyKey$1
instanceKlass sun/awt/AWTAccessor$ClientPropertyKeyAccessor
instanceKlass org/jetbrains/skiko/SkiaLayer$2
instanceKlass org/jetbrains/skiko/NativeAccessibleFocusHelper
instanceKlass org/jetbrains/skiko/HardwareLayer$Companion
instanceKlass java/awt/im/InputContext
instanceKlass java/awt/im/InputMethodRequests
instanceKlass org/jetbrains/skiko/redrawer/RedrawerManager
instanceKlass org/jetbrains/skiko/redrawer/Redrawer
instanceKlass org/jetbrains/skiko/FPSCounter
instanceKlass org/jetbrains/skiko/PictureHolder
instanceKlass org/jetbrains/skia/IHasImageInfo
instanceKlass javax/swing/event/AncestorListener
instanceKlass org/jetbrains/skiko/Actuals_awtKt$makeDefaultRenderFactory$1
instanceKlass  @bci org/jetbrains/skiko/Actuals_awtKt <clinit> ()V 0 <appendix> argL0 ; # org/jetbrains/skiko/Actuals_awtKt$$Lambda+0x000001441d1bdb98
instanceKlass java/awt/datatransfer/Clipboard
instanceKlass org/jetbrains/skiko/Actuals_awtKt
instanceKlass org/jetbrains/skiko/RenderFactory$Companion
instanceKlass org/jetbrains/skiko/RenderFactory
instanceKlass org/jetbrains/skiko/GpuPriority$Companion
instanceKlass org/jetbrains/skiko/SkikoProperties$WhenMappings
instanceKlass org/jetbrains/skiko/SkiaLayerProperties
instanceKlass org/jetbrains/skia/svg/SVGPreserveAspectRatio$Companion
instanceKlass org/jetbrains/skia/svg/SVGPreserveAspectRatio
instanceKlass org/jetbrains/skia/svg/SVGLength$Companion
instanceKlass org/jetbrains/skia/svg/SVGLength
instanceKlass org/jetbrains/skia/paragraph/Shadow$Companion
instanceKlass org/jetbrains/skia/paragraph/Shadow
instanceKlass org/jetbrains/skia/paragraph/DecorationStyle$Companion
instanceKlass org/jetbrains/skia/paragraph/DecorationStyle
instanceKlass org/jetbrains/skia/paragraph/TextBox$Companion
instanceKlass org/jetbrains/skia/paragraph/TextBox
instanceKlass org/jetbrains/skia/paragraph/LineMetrics$Companion
instanceKlass org/jetbrains/skia/impl/ArrayInteropDecoder
instanceKlass org/jetbrains/skia/paragraph/LineMetrics
instanceKlass org/jetbrains/skia/skottie/Logger$Companion
instanceKlass org/jetbrains/skia/impl/RefCnt$Companion
instanceKlass org/jetbrains/skia/shaper/TextBlobBuilderRunHandler$Companion
instanceKlass org/jetbrains/skia/shaper/ShapingOptions$Companion
instanceKlass org/jetbrains/skia/shaper/ShapingOptions
instanceKlass org/jetbrains/skia/shaper/ScriptRun
instanceKlass org/jetbrains/skia/shaper/RunInfo
instanceKlass org/jetbrains/skia/shaper/RunHandler
instanceKlass org/jetbrains/skia/shaper/LanguageRun
instanceKlass org/jetbrains/skia/shaper/IcuBidiRunIterator$Companion
instanceKlass org/jetbrains/skia/shaper/HbIcuScriptRunIterator$Companion
instanceKlass org/jetbrains/skia/shaper/FontRun
instanceKlass org/jetbrains/skia/shaper/FontMgrRunIterator$Companion
instanceKlass org/jetbrains/skia/shaper/ManagedRunIterator$Companion
instanceKlass org/jetbrains/skia/shaper/BidiRun
instanceKlass org/jetbrains/skia/RSXform$Companion
instanceKlass org/jetbrains/skia/RSXform
instanceKlass org/jetbrains/skia/RRect$Companion
instanceKlass org/jetbrains/skia/Rect$Companion
instanceKlass org/jetbrains/skia/Rect
instanceKlass org/jetbrains/skia/PaintFilterCanvas$Companion
instanceKlass org/jetbrains/skia/Canvas$Companion
instanceKlass org/jetbrains/skia/Point$Companion
instanceKlass org/jetbrains/skia/Point
instanceKlass org/jetbrains/skia/PathSegment
instanceKlass org/jetbrains/skia/Path$Companion
instanceKlass org/jetbrains/skia/IRect$Companion
instanceKlass org/jetbrains/skia/IRect
instanceKlass org/jetbrains/skia/IPoint$Companion
instanceKlass org/jetbrains/skia/IPoint
instanceKlass org/jetbrains/skia/ColorType$Companion
instanceKlass org/jetbrains/skia/ColorInfo$Companion
instanceKlass org/jetbrains/skia/ColorInfo
instanceKlass org/jetbrains/skia/ImageInfo$Companion
instanceKlass org/jetbrains/skia/ImageInfo
instanceKlass org/jetbrains/skia/FontVariationAxis
instanceKlass org/jetbrains/skia/FontVariation$Companion
instanceKlass org/jetbrains/skia/FontVariation
instanceKlass org/jetbrains/skia/FontMetrics$Companion
instanceKlass org/jetbrains/skia/FontMetrics
instanceKlass  @bci java/util/regex/CharPredicates ASCII_SPACE ()Ljava/util/regex/Pattern$BmpCharPredicate; 0 <appendix> argL0 ; # java/util/regex/CharPredicates$$Lambda+0x800000026
instanceKlass org/jetbrains/skia/Actuals_jvmKt
instanceKlass org/jetbrains/skia/FontFeature$Companion
instanceKlass org/jetbrains/skia/FontFeature
instanceKlass org/jetbrains/skia/FontFamilyName
instanceKlass org/jetbrains/skia/Drawable$Companion
instanceKlass  @bci org/jetbrains/skia/impl/Cleaner <init> ()V 37 <appendix> member <vmtarget> ; # org/jetbrains/skia/impl/Cleaner$$Lambda+0x000001441d1b0000
instanceKlass org/jetbrains/skia/impl/Cleaner$list$1
instanceKlass org/jetbrains/skia/impl/Cleanable
instanceKlass org/jetbrains/skia/impl/Cleaner
instanceKlass org/jetbrains/skia/impl/Managed$Companion
instanceKlass org/jetbrains/skia/impl/Native$Companion
instanceKlass org/jetbrains/skia/impl/Native
instanceKlass kotlinx/coroutines/DisposeOnCancel
instanceKlass kotlinx/coroutines/internal/ThreadSafeHeap
instanceKlass org/jetbrains/skia/Color4f$Companion
instanceKlass org/jetbrains/skia/Color4f
instanceKlass kotlinx/coroutines/EventLoopImplBase$DelayedTask
instanceKlass kotlinx/coroutines/internal/ThreadSafeHeapNode
instanceKlass org/jetbrains/skia/AnimationFrameInfo$Companion
instanceKlass org/jetbrains/skia/AnimationFrameInfo
instanceKlass kotlinx/coroutines/DelayKt
instanceKlass org/jetbrains/skia/impl/Library$Companion
instanceKlass org/jetbrains/skia/impl/Library
instanceKlass org/jetbrains/skiko/FrameWatcher
instanceKlass org/jetbrains/skiko/Setup
instanceKlass org/jetbrains/skiko/SkikoProperties
instanceKlass org/jetbrains/skiko/Library
instanceKlass org/jetbrains/skiko/SkiaLayer$Companion
instanceKlass  @bci androidx/compose/ui/scene/skia/WindowSkiaLayerComponent <init> (Landroidx/compose/ui/scene/ComposeSceneMediator;Landroidx/compose/ui/platform/PlatformWindowContext;Lorg/jetbrains/skiko/SkikoRenderDelegate;Lorg/jetbrains/skiko/SkiaLayerAnalytics;Landroidx/compose/ui/awt/RenderSettings$SkiaSurface;)V 54 <appendix> member <vmtarget> ; # androidx/compose/ui/scene/skia/WindowSkiaLayerComponent$$Lambda+0x000001441d1a9e20
instanceKlass sun/invoke/util/VerifyAccess$1
instanceKlass androidx/compose/ui/scene/skia/WindowSkiaLayerComponent
instanceKlass androidx/compose/ui/scene/skia/SkiaLayerComponent_desktopKt
instanceKlass androidx/compose/ui/scene/ComposeContainer$WhenMappings
instanceKlass  @bci androidx/compose/ui/scene/ComposeSceneMediator <init> (Ljavax/swing/JComponent;Landroidx/compose/ui/platform/PlatformWindowContext;Landroidx/compose/ui/window/WindowExceptionHandler;Landroidx/compose/ui/awt/AwtEventListener;ZLandroidx/compose/ui/platform/PlatformArchitectureComponentsOwner;Lkotlin/coroutines/CoroutineContext;Lkotlin/jvm/functions/Function1;Lkotlin/jvm/functions/Function1;)V 209 <appendix> member <vmtarget> ; # androidx/compose/ui/scene/ComposeSceneMediator$$Lambda+0x000001441d1a9300
instanceKlass androidx/compose/ui/scene/skia/SkiaLayerComponent
instanceKlass androidx/compose/ui/scene/ComposeSceneMediator$DesktopFocusManager
instanceKlass androidx/compose/ui/input/InputMode$Companion
instanceKlass androidx/compose/ui/input/InputMode
instanceKlass androidx/compose/ui/platform/DefaultInputModeManager
instanceKlass androidx/compose/ui/platform/PlatformContext$DefaultViewConfiguration
instanceKlass androidx/compose/ui/scene/ComposeSceneMediator$DesktopViewConfiguration
instanceKlass androidx/compose/ui/scene/ComposeSceneMediator$DesktopPlatformContext
instanceKlass androidx/compose/ui/platform/ExtraCommitEventWorkaround
instanceKlass androidx/compose/ui/platform/DesktopTextInputService2
instanceKlass androidx/compose/ui/platform/DesktopTextInputService
instanceKlass androidx/compose/ui/text/input/PlatformTextInputService
instanceKlass androidx/compose/ui/scene/ComposeSceneMediator$DesktopPlatformComponent
instanceKlass androidx/compose/ui/platform/PlatformComponent
instanceKlass androidx/navigationevent/NavigationEventInput
instanceKlass  @bci androidx/compose/ui/platform/a11y/ComposeSceneAccessible <init> (ZLkotlin/jvm/functions/Function0;)V 35 <appendix> member <vmtarget> ; # androidx/compose/ui/platform/a11y/ComposeSceneAccessible$$Lambda+0x000001441d1a6b68
instanceKlass javax/accessibility/AccessibleContext
instanceKlass javax/accessibility/AccessibleComponent
instanceKlass  @bci androidx/compose/ui/platform/a11y/ComposeSceneAccessible <init> (ZLkotlin/jvm/functions/Function0;)V 22 <appendix> member <vmtarget> ; # androidx/compose/ui/platform/a11y/ComposeSceneAccessible$$Lambda+0x000001441d1a6568
instanceKlass  @bci androidx/compose/ui/scene/ComposeSceneMediator <init> (Ljavax/swing/JComponent;Landroidx/compose/ui/platform/PlatformWindowContext;Landroidx/compose/ui/window/WindowExceptionHandler;Landroidx/compose/ui/awt/AwtEventListener;ZLandroidx/compose/ui/platform/PlatformArchitectureComponentsOwner;Lkotlin/coroutines/CoroutineContext;Lkotlin/jvm/functions/Function1;Lkotlin/jvm/functions/Function1;)V 118 <appendix> member <vmtarget> ; # androidx/compose/ui/scene/ComposeSceneMediator$$Lambda+0x000001441d1a6330
instanceKlass androidx/compose/ui/platform/a11y/ComposeSceneAccessible
instanceKlass androidx/compose/ui/platform/DelegateRootForTestListener
instanceKlass androidx/compose/runtime/snapshots/SnapshotStateSetKt
instanceKlass androidx/compose/runtime/snapshots/SnapshotStateSet
instanceKlass androidx/compose/ui/scene/ComposeSceneMediator$DesktopSemanticsOwnerListener
instanceKlass androidx/compose/ui/platform/PlatformContext$SemanticsOwnerListener
instanceKlass androidx/compose/ui/awt/AwtEventFilter
instanceKlass androidx/compose/ui/scene/ComposeContainer$DetectEventOutsideLayer
instanceKlass androidx/compose/ui/awt/AwtEventListener$Companion$Empty$1
instanceKlass androidx/compose/ui/awt/AwtEventListener$Companion
instanceKlass androidx/compose/ui/awt/AwtEventListeners
instanceKlass androidx/compose/ui/awt/AwtEventListener
instanceKlass  @bci androidx/compose/ui/scene/ComposeContainer <init> (Ljavax/swing/JLayeredPane;Lorg/jetbrains/skiko/SkiaLayerAnalytics;Ljava/awt/Window;Ljavax/swing/JLayeredPane;Landroidx/savedstate/SavedState;Landroidx/compose/ui/LayerType;Landroidx/compose/ui/awt/RenderSettings;)V 166 <appendix> member <vmtarget> ; # androidx/compose/ui/scene/ComposeContainer$$Lambda+0x000001441d1a2b80
instanceKlass kotlin/reflect/KMutableProperty$Setter
instanceKlass kotlin/reflect/KProperty$Getter
instanceKlass kotlin/reflect/KProperty$Accessor
instanceKlass androidx/compose/ui/scene/ComposeSceneMediator
instanceKlass org/jetbrains/skiko/SkikoRenderDelegate
instanceKlass androidx/arch/core/internal/SafeIterableMap$Entry
instanceKlass androidx/lifecycle/DefaultLifecycleObserver
instanceKlass androidx/lifecycle/Lifecycling
instanceKlass androidx/lifecycle/LifecycleRegistry$ObserverWithState
instanceKlass kotlinx/coroutines/IncompleteStateBox
instanceKlass androidx/lifecycle/MainDispatcherChecker
instanceKlass androidx/lifecycle/LifecycleRegistry_desktopKt
instanceKlass  @bci androidx/savedstate/internal/SavedStateRegistryImpl performAttach ()V 95 <appendix> member <vmtarget> ; # androidx/savedstate/internal/SavedStateRegistryImpl$$Lambda+0x000001441d19f2d0
instanceKlass androidx/lifecycle/LifecycleEventObserver
instanceKlass androidx/lifecycle/LifecycleObserver
instanceKlass androidx/lifecycle/SavedStateHandleSupport$special$$inlined$Key$3
instanceKlass androidx/lifecycle/SavedStateHandleSupport$special$$inlined$Key$2
instanceKlass androidx/lifecycle/SavedStateHandleSupport$special$$inlined$Key$1
instanceKlass androidx/lifecycle/viewmodel/CreationExtras$Key
instanceKlass androidx/lifecycle/SavedStateHandleSupport
instanceKlass androidx/lifecycle/viewmodel/CreationExtras$Companion
instanceKlass androidx/lifecycle/viewmodel/CreationExtras
instanceKlass androidx/compose/ui/platform/PlatformOwnerProvider_skikoKt
instanceKlass androidx/lifecycle/SavedStateViewModelFactory
instanceKlass androidx/lifecycle/ViewModelProvider$Factory
instanceKlass androidx/savedstate/SavedStateRegistry
instanceKlass androidx/savedstate/internal/SynchronizedObject
instanceKlass  @bci androidx/savedstate/internal/SavedStateRegistryImpl <init> (Landroidx/savedstate/SavedStateRegistryOwner;Lkotlin/jvm/functions/Function0;ILkotlin/jvm/internal/DefaultConstructorMarker;)V 6 <appendix> argL0 ; # androidx/savedstate/internal/SavedStateRegistryImpl$$Lambda+0x000001441d19cc98
instanceKlass androidx/savedstate/internal/SavedStateRegistryImpl$Companion
instanceKlass androidx/savedstate/internal/SavedStateRegistryImpl
instanceKlass androidx/savedstate/SavedStateRegistryController$Companion
instanceKlass androidx/savedstate/SavedStateRegistryController
instanceKlass androidx/navigationevent/NavigationEventHistory
instanceKlass kotlinx/coroutines/flow/ReadonlyStateFlow
instanceKlass kotlinx/coroutines/flow/FlowKt__ShareKt
instanceKlass androidx/navigationevent/NavigationEventTransitionState$Companion
instanceKlass androidx/navigationevent/NavigationEventTransitionState
instanceKlass androidx/navigationevent/NavigationEventProcessor
instanceKlass androidx/navigationevent/NavigationEventDispatcher$Companion
instanceKlass androidx/navigationevent/NavigationEventDispatcher
instanceKlass androidx/lifecycle/ViewModelStore
instanceKlass androidx/arch/core/internal/SafeIterableMap
instanceKlass androidx/lifecycle/AtomicReference
instanceKlass androidx/lifecycle/LifecycleRegistry$Companion
instanceKlass androidx/lifecycle/Lifecycle
instanceKlass androidx/compose/ui/platform/DefaultArchitectureComponentsOwner
instanceKlass androidx/savedstate/SavedStateRegistryOwner
instanceKlass androidx/navigationevent/NavigationEventDispatcherOwner
instanceKlass androidx/lifecycle/HasDefaultViewModelProviderFactory
instanceKlass androidx/lifecycle/ViewModelStoreOwner
instanceKlass androidx/lifecycle/LifecycleOwner
instanceKlass androidx/compose/ui/platform/PlatformArchitectureComponentsOwner
instanceKlass androidx/compose/ui/unit/IntSize$Companion
instanceKlass androidx/compose/ui/unit/IntSize
instanceKlass androidx/compose/ui/input/pointer/PointerKeyboardModifiers
instanceKlass androidx/compose/ui/input/pointer/PointerEvent_skikoKt
instanceKlass androidx/compose/ui/platform/WindowInfoImpl$Companion
instanceKlass androidx/compose/ui/platform/WindowInfoImpl
instanceKlass androidx/compose/ui/awt/RenderSettings
instanceKlass androidx/compose/ui/LayerType$Companion
instanceKlass  @bci androidx/compose/ui/ComposeFeatureFlags <clinit> ()V 59 <appendix> argL0 ; # androidx/compose/ui/ComposeFeatureFlags$$Lambda+0x000001441d1973d8
instanceKlass  @bci androidx/compose/ui/ComposeFeatureFlags <clinit> ()V 44 <appendix> argL0 ; # androidx/compose/ui/ComposeFeatureFlags$$Lambda+0x000001441d1971a8
instanceKlass  @bci androidx/compose/ui/ComposeFeatureFlags <clinit> ()V 29 <appendix> argL0 ; # androidx/compose/ui/ComposeFeatureFlags$$Lambda+0x000001441d196f78
instanceKlass  @bci androidx/compose/ui/ComposeFeatureFlags <clinit> ()V 14 <appendix> argL0 ; # androidx/compose/ui/ComposeFeatureFlags$$Lambda+0x000001441d196d48
instanceKlass androidx/compose/ui/FeatureFlag
instanceKlass androidx/compose/ui/ComposeFeatureFlags
instanceKlass androidx/compose/ui/scene/ComposeContainer
instanceKlass androidx/compose/ui/platform/PlatformWindowContext
instanceKlass androidx/compose/ui/Modifier
instanceKlass java/awt/Graphics
instanceKlass  @bci org/jetbrains/skiko/OsArch_jvmKt <clinit> ()V 55 <appendix> argL0 ; # org/jetbrains/skiko/OsArch_jvmKt$$Lambda+0x000001441d1937b8
instanceKlass  @bci org/jetbrains/skiko/OsArch_jvmKt <clinit> ()V 44 <appendix> argL0 ; # org/jetbrains/skiko/OsArch_jvmKt$$Lambda+0x000001441d193588
instanceKlass  @bci org/jetbrains/skiko/OsArch_jvmKt <clinit> ()V 33 <appendix> argL0 ; # org/jetbrains/skiko/OsArch_jvmKt$$Lambda+0x000001441d193358
instanceKlass  @bci org/jetbrains/skiko/OsArch_jvmKt <clinit> ()V 22 <appendix> argL0 ; # org/jetbrains/skiko/OsArch_jvmKt$$Lambda+0x000001441d193128
instanceKlass  @bci org/jetbrains/skiko/OsArch_jvmKt <clinit> ()V 11 <appendix> argL0 ; # org/jetbrains/skiko/OsArch_jvmKt$$Lambda+0x000001441d192ef8
instanceKlass  @bci org/jetbrains/skiko/OsArch_jvmKt <clinit> ()V 0 <appendix> argL0 ; # org/jetbrains/skiko/OsArch_jvmKt$$Lambda+0x000001441d192a70
instanceKlass org/jetbrains/skiko/OsArch_jvmKt
instanceKlass androidx/compose/ui/awt/JLayeredPaneWithTransparencyHack$Companion
instanceKlass androidx/compose/ui/window/UndecoratedWindowResizer
instanceKlass javax/swing/ActionMap
instanceKlass  @bci jdk/internal/reflect/MethodHandleIntegerFieldAccessorImpl getInt (Ljava/lang/Object;)I 11 <adapter> ; # java/lang/invoke/LambdaForm$MH+0x000001441d195c00
instanceKlass java/awt/event/KeyEvent$1
instanceKlass sun/awt/AWTAccessor$KeyEventAccessor
instanceKlass java/awt/VKCollection
instanceKlass java/util/StringTokenizer
instanceKlass javax/swing/InputMap
instanceKlass javax/swing/LayoutComparator
instanceKlass javax/swing/RepaintManager$PaintManager
instanceKlass javax/swing/JRootPane$RootLayout
instanceKlass javax/swing/ArrayTable
instanceKlass com/sun/java/swing/SwingUtilities3
instanceKlass javax/swing/RepaintManager$ProcessingRunnable
# instanceKlass java/lang/invoke/LambdaForm$MH+0x000001441d195800
instanceKlass javax/swing/plaf/ComponentUI
instanceKlass jdk/internal/foreign/MemorySessionImpl
instanceKlass java/lang/foreign/MemorySegment$Scope
instanceKlass sun/util/ResourceBundleEnumeration
instanceKlass javax/swing/UIDefaults$1
instanceKlass java/util/LinkedList$Node
instanceKlass javax/swing/UIManager$2
instanceKlass sun/awt/PaintEventDispatcher
instanceKlass javax/swing/RepaintManager$1
instanceKlass sun/swing/SwingAccessor$RepaintManagerAccessor
instanceKlass javax/swing/RepaintManager$DisplayChangedHandler
instanceKlass javax/swing/RepaintManager
instanceKlass javax/swing/plaf/metal/OceanTheme$6
instanceKlass javax/swing/plaf/metal/OceanTheme$5
instanceKlass javax/swing/plaf/metal/OceanTheme$4
instanceKlass javax/swing/plaf/metal/OceanTheme$3
instanceKlass javax/swing/plaf/metal/OceanTheme$2
instanceKlass javax/swing/plaf/metal/OceanTheme$1
instanceKlass  @bci javax/swing/plaf/metal/OceanTheme addCustomEntriesToTable (Ljavax/swing/UIDefaults;)V 1 <appendix> member <vmtarget> ; # javax/swing/plaf/metal/OceanTheme$$Lambda+0x000001441d1ea428
instanceKlass java/util/EventListenerProxy
instanceKlass  @bci javax/swing/plaf/metal/MetalLookAndFeel initComponentDefaults (Ljavax/swing/UIDefaults;)V 12018 <appendix> argL0 ; # javax/swing/plaf/metal/MetalLookAndFeel$$Lambda+0x000001441d1e9af0
instanceKlass  @bci javax/swing/plaf/metal/MetalLookAndFeel initComponentDefaults (Ljavax/swing/UIDefaults;)V 11955 <appendix> argL0 ; # javax/swing/plaf/metal/MetalLookAndFeel$$Lambda+0x000001441d1e98c0
instanceKlass  @bci javax/swing/plaf/metal/MetalLookAndFeel initComponentDefaults (Ljavax/swing/UIDefaults;)V 11907 <appendix> argL0 ; # javax/swing/plaf/metal/MetalLookAndFeel$$Lambda+0x000001441d1e9690
instanceKlass  @bci javax/swing/plaf/metal/MetalLookAndFeel initComponentDefaults (Ljavax/swing/UIDefaults;)V 11758 <appendix> argL0 ; # javax/swing/plaf/metal/MetalLookAndFeel$$Lambda+0x000001441d1e9460
instanceKlass  @bci javax/swing/plaf/metal/MetalLookAndFeel initComponentDefaults (Ljavax/swing/UIDefaults;)V 11740 <appendix> argL0 ; # javax/swing/plaf/metal/MetalLookAndFeel$$Lambda+0x000001441d1e9230
instanceKlass  @bci javax/swing/plaf/metal/MetalLookAndFeel initComponentDefaults (Ljavax/swing/UIDefaults;)V 10675 <appendix> argL0 ; # javax/swing/plaf/metal/MetalLookAndFeel$$Lambda+0x000001441d1e9000
instanceKlass  @bci javax/swing/plaf/metal/MetalLookAndFeel initComponentDefaults (Ljavax/swing/UIDefaults;)V 10657 <appendix> argL0 ; # javax/swing/plaf/metal/MetalLookAndFeel$$Lambda+0x000001441d1e8dd0
instanceKlass  @bci javax/swing/plaf/metal/MetalLookAndFeel initComponentDefaults (Ljavax/swing/UIDefaults;)V 10639 <appendix> argL0 ; # javax/swing/plaf/metal/MetalLookAndFeel$$Lambda+0x000001441d1e8ba0
instanceKlass  @bci javax/swing/plaf/metal/MetalLookAndFeel initComponentDefaults (Ljavax/swing/UIDefaults;)V 10621 <appendix> argL0 ; # javax/swing/plaf/metal/MetalLookAndFeel$$Lambda+0x000001441d1e8970
instanceKlass  @bci javax/swing/plaf/metal/MetalLookAndFeel initComponentDefaults (Ljavax/swing/UIDefaults;)V 10603 <appendix> argL0 ; # javax/swing/plaf/metal/MetalLookAndFeel$$Lambda+0x000001441d1e8740
instanceKlass  @bci javax/swing/plaf/metal/MetalLookAndFeel initComponentDefaults (Ljavax/swing/UIDefaults;)V 10124 <appendix> argL0 ; # javax/swing/plaf/metal/MetalLookAndFeel$$Lambda+0x000001441d1e8510
instanceKlass  @bci javax/swing/plaf/metal/MetalLookAndFeel initComponentDefaults (Ljavax/swing/UIDefaults;)V 10106 <appendix> argL0 ; # javax/swing/plaf/metal/MetalLookAndFeel$$Lambda+0x000001441d1e82e0
instanceKlass  @bci javax/swing/plaf/metal/MetalLookAndFeel initComponentDefaults (Ljavax/swing/UIDefaults;)V 9938 <appendix> argL0 ; # javax/swing/plaf/metal/MetalLookAndFeel$$Lambda+0x000001441d1e80b0
instanceKlass  @bci javax/swing/plaf/metal/MetalLookAndFeel initComponentDefaults (Ljavax/swing/UIDefaults;)V 9920 <appendix> argL0 ; # javax/swing/plaf/metal/MetalLookAndFeel$$Lambda+0x000001441d1e7e80
instanceKlass  @bci javax/swing/plaf/metal/MetalLookAndFeel initComponentDefaults (Ljavax/swing/UIDefaults;)V 9259 <appendix> argL0 ; # javax/swing/plaf/metal/MetalLookAndFeel$$Lambda+0x000001441d1e7c50
instanceKlass  @bci javax/swing/plaf/metal/MetalLookAndFeel initComponentDefaults (Ljavax/swing/UIDefaults;)V 9241 <appendix> argL0 ; # javax/swing/plaf/metal/MetalLookAndFeel$$Lambda+0x000001441d1e7a20
instanceKlass  @bci javax/swing/plaf/metal/MetalLookAndFeel initComponentDefaults (Ljavax/swing/UIDefaults;)V 9074 <appendix> argL0 ; # javax/swing/plaf/metal/MetalLookAndFeel$$Lambda+0x000001441d1e77f0
instanceKlass  @bci javax/swing/plaf/metal/MetalLookAndFeel initComponentDefaults (Ljavax/swing/UIDefaults;)V 9056 <appendix> argL0 ; # javax/swing/plaf/metal/MetalLookAndFeel$$Lambda+0x000001441d1e75c0
instanceKlass  @bci javax/swing/plaf/metal/MetalLookAndFeel initComponentDefaults (Ljavax/swing/UIDefaults;)V 8779 <appendix> argL0 ; # javax/swing/plaf/metal/MetalLookAndFeel$$Lambda+0x000001441d1e7390
instanceKlass  @bci javax/swing/plaf/metal/MetalLookAndFeel initComponentDefaults (Ljavax/swing/UIDefaults;)V 5003 <appendix> member <vmtarget> ; # javax/swing/plaf/metal/MetalLookAndFeel$$Lambda+0x000001441d1e7160
instanceKlass  @bci javax/swing/plaf/metal/MetalLookAndFeel initComponentDefaults (Ljavax/swing/UIDefaults;)V 4983 <appendix> member <vmtarget> ; # javax/swing/plaf/metal/MetalLookAndFeel$$Lambda+0x000001441d1e6f30
instanceKlass  @bci javax/swing/plaf/metal/MetalLookAndFeel initComponentDefaults (Ljavax/swing/UIDefaults;)V 4963 <appendix> member <vmtarget> ; # javax/swing/plaf/metal/MetalLookAndFeel$$Lambda+0x000001441d1e6d00
instanceKlass  @bci javax/swing/plaf/metal/MetalLookAndFeel initComponentDefaults (Ljavax/swing/UIDefaults;)V 4943 <appendix> member <vmtarget> ; # javax/swing/plaf/metal/MetalLookAndFeel$$Lambda+0x000001441d1e6ad0
instanceKlass  @bci javax/swing/plaf/metal/MetalLookAndFeel initComponentDefaults (Ljavax/swing/UIDefaults;)V 4923 <appendix> argL0 ; # javax/swing/plaf/metal/MetalLookAndFeel$$Lambda+0x000001441d1e68a0
instanceKlass  @bci javax/swing/plaf/metal/MetalLookAndFeel initComponentDefaults (Ljavax/swing/UIDefaults;)V 4887 <appendix> argL0 ; # javax/swing/plaf/metal/MetalLookAndFeel$$Lambda+0x000001441d1e6670
instanceKlass  @bci javax/swing/plaf/metal/MetalLookAndFeel initComponentDefaults (Ljavax/swing/UIDefaults;)V 4869 <appendix> argL0 ; # javax/swing/plaf/metal/MetalLookAndFeel$$Lambda+0x000001441d1e6440
instanceKlass  @bci javax/swing/plaf/metal/MetalLookAndFeel initComponentDefaults (Ljavax/swing/UIDefaults;)V 4851 <appendix> argL0 ; # javax/swing/plaf/metal/MetalLookAndFeel$$Lambda+0x000001441d1e6210
instanceKlass  @bci javax/swing/plaf/metal/MetalLookAndFeel initComponentDefaults (Ljavax/swing/UIDefaults;)V 4833 <appendix> argL0 ; # javax/swing/plaf/metal/MetalLookAndFeel$$Lambda+0x000001441d1e5fe0
instanceKlass  @bci javax/swing/plaf/metal/MetalLookAndFeel initComponentDefaults (Ljavax/swing/UIDefaults;)V 4204 <appendix> argL0 ; # javax/swing/plaf/metal/MetalLookAndFeel$$Lambda+0x000001441d1e5db0
instanceKlass  @bci javax/swing/plaf/metal/MetalLookAndFeel initComponentDefaults (Ljavax/swing/UIDefaults;)V 4186 <appendix> argL0 ; # javax/swing/plaf/metal/MetalLookAndFeel$$Lambda+0x000001441d1e5b80
instanceKlass  @bci javax/swing/plaf/metal/MetalLookAndFeel initComponentDefaults (Ljavax/swing/UIDefaults;)V 3874 <appendix> argL0 ; # javax/swing/plaf/metal/MetalLookAndFeel$$Lambda+0x000001441d1e5950
instanceKlass  @bci javax/swing/plaf/metal/MetalLookAndFeel initComponentDefaults (Ljavax/swing/UIDefaults;)V 3858 <appendix> argL0 ; # javax/swing/plaf/metal/MetalLookAndFeel$$Lambda+0x000001441d1e5720
instanceKlass  @bci javax/swing/plaf/metal/MetalLookAndFeel initComponentDefaults (Ljavax/swing/UIDefaults;)V 3842 <appendix> argL0 ; # javax/swing/plaf/metal/MetalLookAndFeel$$Lambda+0x000001441d1e54f0
instanceKlass  @bci javax/swing/plaf/metal/MetalLookAndFeel initComponentDefaults (Ljavax/swing/UIDefaults;)V 3826 <appendix> argL0 ; # javax/swing/plaf/metal/MetalLookAndFeel$$Lambda+0x000001441d1e52c0
instanceKlass  @bci javax/swing/plaf/metal/MetalLookAndFeel initComponentDefaults (Ljavax/swing/UIDefaults;)V 3810 <appendix> argL0 ; # javax/swing/plaf/metal/MetalLookAndFeel$$Lambda+0x000001441d1e5090
instanceKlass  @bci javax/swing/plaf/metal/MetalLookAndFeel initComponentDefaults (Ljavax/swing/UIDefaults;)V 3794 <appendix> argL0 ; # javax/swing/plaf/metal/MetalLookAndFeel$$Lambda+0x000001441d1e4e60
instanceKlass  @bci javax/swing/plaf/metal/MetalLookAndFeel initComponentDefaults (Ljavax/swing/UIDefaults;)V 3778 <appendix> argL0 ; # javax/swing/plaf/metal/MetalLookAndFeel$$Lambda+0x000001441d1e4c30
instanceKlass  @bci javax/swing/plaf/metal/MetalLookAndFeel initComponentDefaults (Ljavax/swing/UIDefaults;)V 3762 <appendix> argL0 ; # javax/swing/plaf/metal/MetalLookAndFeel$$Lambda+0x000001441d1e4a00
instanceKlass  @bci javax/swing/plaf/metal/MetalLookAndFeel initComponentDefaults (Ljavax/swing/UIDefaults;)V 3746 <appendix> argL0 ; # javax/swing/plaf/metal/MetalLookAndFeel$$Lambda+0x000001441d1e47d0
instanceKlass  @bci javax/swing/plaf/metal/MetalLookAndFeel initComponentDefaults (Ljavax/swing/UIDefaults;)V 3730 <appendix> argL0 ; # javax/swing/plaf/metal/MetalLookAndFeel$$Lambda+0x000001441d1e45a0
instanceKlass  @bci javax/swing/plaf/metal/MetalLookAndFeel initComponentDefaults (Ljavax/swing/UIDefaults;)V 3509 <appendix> argL0 ; # javax/swing/plaf/metal/MetalLookAndFeel$$Lambda+0x000001441d1e4370
instanceKlass  @bci javax/swing/plaf/metal/MetalLookAndFeel initComponentDefaults (Ljavax/swing/UIDefaults;)V 3399 <appendix> argL0 ; # javax/swing/plaf/metal/MetalLookAndFeel$$Lambda+0x000001441d1e4140
instanceKlass javax/swing/plaf/metal/MetalLookAndFeel$FontActiveValue
instanceKlass  @bci javax/swing/plaf/metal/MetalLookAndFeel initComponentDefaults (Ljavax/swing/UIDefaults;)V 2174 <appendix> member <vmtarget> ; # javax/swing/plaf/metal/MetalLookAndFeel$$Lambda+0x000001441d1e3cc8
instanceKlass  @bci javax/swing/plaf/metal/MetalLookAndFeel initComponentDefaults (Ljavax/swing/UIDefaults;)V 2165 <appendix> member <vmtarget> ; # javax/swing/plaf/metal/MetalLookAndFeel$$Lambda+0x000001441d1e3a90
instanceKlass  @bci javax/swing/plaf/metal/MetalLookAndFeel initComponentDefaults (Ljavax/swing/UIDefaults;)V 2156 <appendix> member <vmtarget> ; # javax/swing/plaf/metal/MetalLookAndFeel$$Lambda+0x000001441d1e3858
instanceKlass  @bci javax/swing/plaf/metal/MetalLookAndFeel initComponentDefaults (Ljavax/swing/UIDefaults;)V 2147 <appendix> member <vmtarget> ; # javax/swing/plaf/metal/MetalLookAndFeel$$Lambda+0x000001441d1e3620
instanceKlass  @bci javax/swing/plaf/metal/MetalLookAndFeel initComponentDefaults (Ljavax/swing/UIDefaults;)V 2138 <appendix> argL0 ; # javax/swing/plaf/metal/MetalLookAndFeel$$Lambda+0x000001441d1e33f0
instanceKlass  @bci javax/swing/plaf/metal/MetalLookAndFeel initComponentDefaults (Ljavax/swing/UIDefaults;)V 2126 <appendix> argL0 ; # javax/swing/plaf/metal/MetalLookAndFeel$$Lambda+0x000001441d1e31c0
instanceKlass  @bci javax/swing/plaf/metal/MetalLookAndFeel initComponentDefaults (Ljavax/swing/UIDefaults;)V 2119 <appendix> argL0 ; # javax/swing/plaf/metal/MetalLookAndFeel$$Lambda+0x000001441d1e2f90
instanceKlass  @bci javax/swing/plaf/metal/MetalLookAndFeel initComponentDefaults (Ljavax/swing/UIDefaults;)V 2112 <appendix> argL0 ; # javax/swing/plaf/metal/MetalLookAndFeel$$Lambda+0x000001441d1e2d60
instanceKlass  @bci javax/swing/plaf/metal/MetalLookAndFeel initComponentDefaults (Ljavax/swing/UIDefaults;)V 2105 <appendix> argL0 ; # javax/swing/plaf/metal/MetalLookAndFeel$$Lambda+0x000001441d1e2b30
instanceKlass  @bci javax/swing/plaf/metal/MetalLookAndFeel initComponentDefaults (Ljavax/swing/UIDefaults;)V 2098 <appendix> member <vmtarget> ; # javax/swing/plaf/metal/MetalLookAndFeel$$Lambda+0x000001441d1e28f8
instanceKlass  @bci javax/swing/plaf/metal/MetalLookAndFeel initComponentDefaults (Ljavax/swing/UIDefaults;)V 2089 <appendix> argL0 ; # javax/swing/plaf/metal/MetalLookAndFeel$$Lambda+0x000001441d1e26c8
instanceKlass  @bci javax/swing/plaf/metal/MetalLookAndFeel initComponentDefaults (Ljavax/swing/UIDefaults;)V 2082 <appendix> argL0 ; # javax/swing/plaf/metal/MetalLookAndFeel$$Lambda+0x000001441d1e2498
instanceKlass  @bci javax/swing/plaf/metal/MetalLookAndFeel initComponentDefaults (Ljavax/swing/UIDefaults;)V 2075 <appendix> argL0 ; # javax/swing/plaf/metal/MetalLookAndFeel$$Lambda+0x000001441d1e2268
instanceKlass  @bci javax/swing/plaf/metal/MetalLookAndFeel initComponentDefaults (Ljavax/swing/UIDefaults;)V 126 <appendix> argL0 ; # javax/swing/plaf/metal/MetalLookAndFeel$$Lambda+0x000001441d1e2038
instanceKlass  @bci javax/swing/plaf/metal/MetalLookAndFeel initComponentDefaults (Ljavax/swing/UIDefaults;)V 119 <appendix> argL0 ; # javax/swing/plaf/metal/MetalLookAndFeel$$Lambda+0x000001441d1e1e08
instanceKlass  @bci javax/swing/plaf/metal/MetalLookAndFeel initComponentDefaults (Ljavax/swing/UIDefaults;)V 112 <appendix> argL0 ; # javax/swing/plaf/metal/MetalLookAndFeel$$Lambda+0x000001441d1e1bd8
instanceKlass  @bci javax/swing/plaf/basic/BasicLookAndFeel initComponentDefaults (Ljavax/swing/UIDefaults;)V 10900 <appendix> argL0 ; # javax/swing/plaf/basic/BasicLookAndFeel$$Lambda+0x000001441d1e19a8
instanceKlass  @bci javax/swing/plaf/basic/BasicLookAndFeel initComponentDefaults (Ljavax/swing/UIDefaults;)V 10882 <appendix> argL0 ; # javax/swing/plaf/basic/BasicLookAndFeel$$Lambda+0x000001441d1e1778
instanceKlass  @bci javax/swing/plaf/basic/BasicLookAndFeel initComponentDefaults (Ljavax/swing/UIDefaults;)V 2622 <appendix> argL0 ; # javax/swing/plaf/basic/BasicLookAndFeel$$Lambda+0x000001441d1e1548
instanceKlass  @bci javax/swing/plaf/basic/BasicLookAndFeel initComponentDefaults (Ljavax/swing/UIDefaults;)V 2604 <appendix> argL0 ; # javax/swing/plaf/basic/BasicLookAndFeel$$Lambda+0x000001441d1e1318
instanceKlass  @bci javax/swing/plaf/basic/BasicLookAndFeel initComponentDefaults (Ljavax/swing/UIDefaults;)V 2586 <appendix> argL0 ; # javax/swing/plaf/basic/BasicLookAndFeel$$Lambda+0x000001441d1e10e8
instanceKlass  @bci javax/swing/plaf/basic/BasicLookAndFeel initComponentDefaults (Ljavax/swing/UIDefaults;)V 2568 <appendix> argL0 ; # javax/swing/plaf/basic/BasicLookAndFeel$$Lambda+0x000001441d1e0eb8
instanceKlass javax/swing/UIDefaults$LazyInputMap
instanceKlass  @bci javax/swing/plaf/basic/BasicLookAndFeel initComponentDefaults (Ljavax/swing/UIDefaults;)V 789 <appendix> argL0 ; # javax/swing/plaf/basic/BasicLookAndFeel$$Lambda+0x000001441d1e0a48
instanceKlass  @bci javax/swing/plaf/basic/BasicLookAndFeel initComponentDefaults (Ljavax/swing/UIDefaults;)V 730 <appendix> argL0 ; # javax/swing/plaf/basic/BasicLookAndFeel$$Lambda+0x000001441d1e0818
instanceKlass  @bci javax/swing/plaf/basic/BasicLookAndFeel initComponentDefaults (Ljavax/swing/UIDefaults;)V 723 <appendix> argL0 ; # javax/swing/plaf/basic/BasicLookAndFeel$$Lambda+0x000001441d1e05e8
instanceKlass  @bci javax/swing/plaf/basic/BasicLookAndFeel initComponentDefaults (Ljavax/swing/UIDefaults;)V 671 <appendix> argL0 ; # javax/swing/plaf/basic/BasicLookAndFeel$$Lambda+0x000001441d1e03b8
instanceKlass  @bci javax/swing/plaf/basic/BasicLookAndFeel initComponentDefaults (Ljavax/swing/UIDefaults;)V 664 <appendix> member <vmtarget> ; # javax/swing/plaf/basic/BasicLookAndFeel$$Lambda+0x000001441d1e0188
instanceKlass  @bci javax/swing/plaf/basic/BasicLookAndFeel initComponentDefaults (Ljavax/swing/UIDefaults;)V 655 <appendix> member <vmtarget> ; # javax/swing/plaf/basic/BasicLookAndFeel$$Lambda+0x000001441d1dff58
instanceKlass  @bci javax/swing/plaf/basic/BasicLookAndFeel initComponentDefaults (Ljavax/swing/UIDefaults;)V 642 <appendix> member <vmtarget> ; # javax/swing/plaf/basic/BasicLookAndFeel$$Lambda+0x000001441d1dfd28
instanceKlass  @bci javax/swing/plaf/basic/BasicLookAndFeel initComponentDefaults (Ljavax/swing/UIDefaults;)V 611 <appendix> argL0 ; # javax/swing/plaf/basic/BasicLookAndFeel$$Lambda+0x000001441d1df8a8
instanceKlass  @bci javax/swing/plaf/basic/BasicLookAndFeel initComponentDefaults (Ljavax/swing/UIDefaults;)V 604 <appendix> argL0 ; # javax/swing/plaf/basic/BasicLookAndFeel$$Lambda+0x000001441d1df678
instanceKlass  @bci javax/swing/plaf/basic/BasicLookAndFeel initComponentDefaults (Ljavax/swing/UIDefaults;)V 597 <appendix> argL0 ; # javax/swing/plaf/basic/BasicLookAndFeel$$Lambda+0x000001441d1df448
instanceKlass  @bci javax/swing/plaf/basic/BasicLookAndFeel initComponentDefaults (Ljavax/swing/UIDefaults;)V 590 <appendix> argL0 ; # javax/swing/plaf/basic/BasicLookAndFeel$$Lambda+0x000001441d1df218
instanceKlass  @bci javax/swing/plaf/basic/BasicLookAndFeel initComponentDefaults (Ljavax/swing/UIDefaults;)V 583 <appendix> argL0 ; # javax/swing/plaf/basic/BasicLookAndFeel$$Lambda+0x000001441d1defe8
instanceKlass  @bci javax/swing/plaf/basic/BasicLookAndFeel initComponentDefaults (Ljavax/swing/UIDefaults;)V 576 <appendix> argL0 ; # javax/swing/plaf/basic/BasicLookAndFeel$$Lambda+0x000001441d1dedb8
instanceKlass  @bci javax/swing/plaf/basic/BasicLookAndFeel initComponentDefaults (Ljavax/swing/UIDefaults;)V 569 <appendix> argL0 ; # javax/swing/plaf/basic/BasicLookAndFeel$$Lambda+0x000001441d1deb88
instanceKlass  @bci javax/swing/plaf/basic/BasicLookAndFeel initComponentDefaults (Ljavax/swing/UIDefaults;)V 562 <appendix> argL0 ; # javax/swing/plaf/basic/BasicLookAndFeel$$Lambda+0x000001441d1de958
instanceKlass javax/swing/plaf/basic/BasicLookAndFeel$2
instanceKlass  @bci javax/swing/plaf/basic/BasicLookAndFeel initComponentDefaults (Ljavax/swing/UIDefaults;)V 545 <appendix> argL0 ; # javax/swing/plaf/basic/BasicLookAndFeel$$Lambda+0x000001441d1de4f0
instanceKlass  @bci sun/swing/SwingUtilities2 makeIcon (Ljava/lang/Class;Ljava/lang/Class;Ljava/lang/String;Z)Ljava/lang/Object; 4 <adapter> ; # java/lang/invoke/LambdaForm$MH+0x000001441d195000
# instanceKlass java/lang/invoke/LambdaForm$DMH+0x000001441d194c00
instanceKlass  @bci sun/swing/SwingUtilities2 makeIcon (Ljava/lang/Class;Ljava/lang/Class;Ljava/lang/String;Z)Ljava/lang/Object; 4 <appendix> form vmentry <vmtarget> ; # java/lang/invoke/LambdaForm$DMH+0x000001441d194800
instanceKlass  @bci sun/swing/SwingUtilities2 makeIcon (Ljava/lang/Class;Ljava/lang/Class;Ljava/lang/String;Z)Ljava/lang/Object; 4 <appendix> member <vmtarget> ; # sun/swing/SwingUtilities2$$Lambda+0x000001441d1de2b8
instanceKlass  @cpi sun/swing/SwingUtilities2 1555 form vmentry <vmtarget> ; # java/lang/invoke/LambdaForm$DMH+0x000001441d194400
instanceKlass  @bci javax/swing/plaf/basic/BasicLookAndFeel initComponentDefaults (Ljavax/swing/UIDefaults;)V 398 <appendix> argL0 ; # javax/swing/plaf/basic/BasicLookAndFeel$$Lambda+0x000001441d1de088
instanceKlass  @bci javax/swing/plaf/basic/BasicLookAndFeel initComponentDefaults (Ljavax/swing/UIDefaults;)V 391 <appendix> argL0 ; # javax/swing/plaf/basic/BasicLookAndFeel$$Lambda+0x000001441d1dde58
instanceKlass  @bci javax/swing/plaf/basic/BasicLookAndFeel initComponentDefaults (Ljavax/swing/UIDefaults;)V 384 <appendix> argL0 ; # javax/swing/plaf/basic/BasicLookAndFeel$$Lambda+0x000001441d1ddc28
instanceKlass  @bci javax/swing/plaf/basic/BasicLookAndFeel initComponentDefaults (Ljavax/swing/UIDefaults;)V 377 <appendix> member <vmtarget> ; # javax/swing/plaf/basic/BasicLookAndFeel$$Lambda+0x000001441d1dd9f0
instanceKlass javax/swing/border/AbstractBorder
instanceKlass javax/swing/border/Border
instanceKlass  @bci javax/swing/plaf/basic/BasicLookAndFeel initComponentDefaults (Ljavax/swing/UIDefaults;)V 349 <appendix> member <vmtarget> ; # javax/swing/plaf/basic/BasicLookAndFeel$$Lambda+0x000001441d1dce30
instanceKlass  @bci javax/swing/plaf/basic/BasicLookAndFeel initComponentDefaults (Ljavax/swing/UIDefaults;)V 340 <appendix> argL0 ; # javax/swing/plaf/basic/BasicLookAndFeel$$Lambda+0x000001441d1dcc00
instanceKlass  @bci javax/swing/plaf/basic/BasicLookAndFeel initComponentDefaults (Ljavax/swing/UIDefaults;)V 333 <appendix> argL0 ; # javax/swing/plaf/basic/BasicLookAndFeel$$Lambda+0x000001441d1dc9d0
instanceKlass  @bci javax/swing/plaf/basic/BasicLookAndFeel initComponentDefaults (Ljavax/swing/UIDefaults;)V 326 <appendix> argL0 ; # javax/swing/plaf/basic/BasicLookAndFeel$$Lambda+0x000001441d1dc7a0
instanceKlass  @bci javax/swing/plaf/basic/BasicLookAndFeel initComponentDefaults (Ljavax/swing/UIDefaults;)V 319 <appendix> argL0 ; # javax/swing/plaf/basic/BasicLookAndFeel$$Lambda+0x000001441d1dc570
instanceKlass  @bci javax/swing/plaf/basic/BasicLookAndFeel initComponentDefaults (Ljavax/swing/UIDefaults;)V 312 <appendix> argL0 ; # javax/swing/plaf/basic/BasicLookAndFeel$$Lambda+0x000001441d1dc340
instanceKlass javax/swing/UIDefaults$ActiveValue
instanceKlass  @bci javax/swing/plaf/basic/BasicLookAndFeel initComponentDefaults (Ljavax/swing/UIDefaults;)V 47 <appendix> argL0 ; # javax/swing/plaf/basic/BasicLookAndFeel$$Lambda+0x000001441d1dbce0
instanceKlass  @bci javax/swing/plaf/basic/BasicLookAndFeel initComponentDefaults (Ljavax/swing/UIDefaults;)V 40 <appendix> argL0 ; # javax/swing/plaf/basic/BasicLookAndFeel$$Lambda+0x000001441d1dbab0
instanceKlass  @bci javax/swing/plaf/basic/BasicLookAndFeel initComponentDefaults (Ljavax/swing/UIDefaults;)V 33 <appendix> argL0 ; # javax/swing/plaf/basic/BasicLookAndFeel$$Lambda+0x000001441d1db880
instanceKlass  @bci javax/swing/plaf/basic/BasicLookAndFeel initComponentDefaults (Ljavax/swing/UIDefaults;)V 26 <appendix> argL0 ; # javax/swing/plaf/basic/BasicLookAndFeel$$Lambda+0x000001441d1db650
instanceKlass  @bci javax/swing/plaf/basic/BasicLookAndFeel initComponentDefaults (Ljavax/swing/UIDefaults;)V 19 <appendix> argL0 ; # javax/swing/plaf/basic/BasicLookAndFeel$$Lambda+0x000001441d1db420
instanceKlass javax/swing/UIDefaults$LazyValue
instanceKlass javax/swing/plaf/metal/DefaultMetalTheme$FontDelegate
instanceKlass javax/swing/plaf/UIResource
instanceKlass javax/swing/plaf/metal/MetalTheme
instanceKlass sun/swing/DefaultLookup
instanceKlass javax/swing/LookAndFeel
instanceKlass javax/swing/UIManager$1
instanceKlass  @bci javax/swing/UIDefaults <clinit> ()V 10 <appendix> argL0 ; # javax/swing/UIDefaults$$Lambda+0x000001441d1d8470
instanceKlass  @cpi javax/swing/UIDefaults 460 form vmentry <vmtarget> ; # java/lang/invoke/LambdaForm$DMH+0x000001441d194000
instanceKlass sun/swing/SwingAccessor$UIDefaultsAccessor
instanceKlass javax/swing/UIManager$LAFState
instanceKlass sun/swing/SwingUtilities2$LSBCacheEntry
instanceKlass sun/swing/StringUIClientPropertyKey
instanceKlass javax/swing/UIClientPropertyKey
instanceKlass java/awt/font/FontRenderContext
instanceKlass sun/swing/SwingUtilities2
instanceKlass java/awt/Toolkit$DesktopPropertyChangeSupport$1
instanceKlass sun/awt/SunHints$Value
instanceKlass java/awt/RenderingHints$Key
instanceKlass sun/awt/SunHints
instanceKlass java/awt/RenderingHints
instanceKlass sun/awt/windows/WDesktopProperties$WinPlaySound
instanceKlass java/awt/Color
instanceKlass java/awt/Paint
instanceKlass java/util/concurrent/locks/ReentrantReadWriteLock$WriteLock
instanceKlass java/util/concurrent/locks/ReentrantReadWriteLock$ReadLock
instanceKlass java/util/concurrent/locks/ReentrantReadWriteLock
instanceKlass java/util/concurrent/locks/ReadWriteLock
instanceKlass sun/awt/windows/ThemeReader
instanceKlass sun/awt/windows/WDesktopProperties
instanceKlass javax/swing/UIManager$LookAndFeelInfo
instanceKlass javax/swing/UIManager
instanceKlass java/awt/FlowLayout
instanceKlass javax/swing/JComponent$2
instanceKlass javax/swing/JComponent$1
instanceKlass sun/swing/SwingAccessor$JComponentAccessor
instanceKlass java/awt/AWTEventMulticaster
instanceKlass java/awt/event/HierarchyBoundsListener
instanceKlass java/awt/event/HierarchyListener
instanceKlass java/awt/event/InputMethodListener
instanceKlass java/awt/event/TextListener
instanceKlass java/awt/event/AdjustmentListener
instanceKlass java/awt/event/ItemListener
instanceKlass java/awt/event/WindowStateListener
instanceKlass java/awt/event/KeyListener
instanceKlass java/awt/event/FocusListener
instanceKlass java/awt/event/ContainerListener
instanceKlass java/awt/event/ComponentListener
instanceKlass androidx/savedstate/SavedState
instanceKlass androidx/compose/ui/awt/ComposeDialog$setContent$scope$1
instanceKlass androidx/compose/ui/window/DialogWindowScope
instanceKlass androidx/compose/ui/window/WindowScope
instanceKlass androidx/compose/ui/semantics/SemanticsPropertyReceiver
instanceKlass androidx/compose/ui/platform/PlatformContext$RootForTestListener
instanceKlass java/awt/event/MouseWheelListener
instanceKlass java/awt/event/MouseMotionListener
instanceKlass java/awt/event/MouseListener
instanceKlass java/awt/Component$3
instanceKlass sun/awt/KeyboardFocusManagerPeerImpl
instanceKlass java/awt/peer/KeyboardFocusManagerPeer
instanceKlass javax/swing/KeyStroke$1
instanceKlass sun/swing/SwingAccessor$KeyStrokeAccessor
instanceKlass sun/swing/SwingAccessor
instanceKlass java/awt/AWTKeyStroke
instanceKlass java/awt/FocusTraversalPolicy
instanceKlass java/awt/DefaultKeyboardFocusManager$2
instanceKlass java/awt/DefaultKeyboardFocusManager$1
instanceKlass sun/awt/AWTAccessor$DefaultKeyboardFocusManagerAccessor
instanceKlass java/awt/KeyboardFocusManager$1
instanceKlass sun/awt/AWTAccessor$KeyboardFocusManagerAccessor
instanceKlass java/awt/KeyboardFocusManager
instanceKlass java/awt/KeyEventPostProcessor
instanceKlass java/awt/KeyEventDispatcher
instanceKlass java/awt/Window$WindowDisposerRecord
instanceKlass java/awt/geom/RectangularShape
instanceKlass java/awt/Shape
instanceKlass java/awt/BorderLayout
instanceKlass java/awt/LayoutManager2
instanceKlass java/awt/Cursor$1
instanceKlass sun/awt/AWTAccessor$CursorAccessor
instanceKlass java/awt/Cursor
instanceKlass java/awt/Frame$1
instanceKlass sun/awt/AWTAccessor$FrameAccessor
instanceKlass java/awt/event/WindowListener
instanceKlass org/jetbrains/skiko/SkiaLayerAnalytics$Companion$Empty$1
instanceKlass org/jetbrains/skiko/SkiaLayerAnalytics$Companion
instanceKlass org/jetbrains/skiko/SkiaLayerAnalytics
instanceKlass java/awt/Window$2
instanceKlass sun/awt/AWTAccessor$WindowAccessor
instanceKlass java/awt/Container$1
instanceKlass sun/awt/AWTAccessor$ContainerAccessor
instanceKlass java/awt/LightweightDispatcher
instanceKlass java/awt/event/AWTEventListener
instanceKlass java/awt/LayoutManager
instanceKlass androidx/compose/ui/window/WindowLocationTracker$focusListener$1
instanceKlass java/awt/event/WindowFocusListener
instanceKlass java/awt/geom/Point2D
instanceKlass androidx/compose/ui/window/WindowLocationTracker
instanceKlass  @bci org/jetbrains/compose/devtools/errorOverlay/DevToolingErrorOverlayKt DevToolingErrorOverlay-W7C6acU (Ljava/lang/String;Landroidx/compose/ui/window/WindowState;Landroidx/compose/runtime/Composer;I)V 505 <appendix> member <vmtarget> ; # org/jetbrains/compose/devtools/errorOverlay/DevToolingErrorOverlayKt$$Lambda+0x000001441d18ac50
instanceKlass org/jetbrains/compose/devtools/errorOverlay/DevToolingErrorOverlayKt$DevToolingErrorOverlay-W7C6acU$$inlined$map$1
instanceKlass org/jetbrains/compose/devtools/errorOverlay/DevToolingErrorOverlayKt
instanceKlass  @bci org/jetbrains/compose/devtools/sidecar/DtAnimatedWindowKt DtAnimatedWindow-GeEAQLM (Ljava/lang/String;Landroidx/compose/ui/window/WindowState;Lkotlin/jvm/functions/Function0;JZLjava/lang/String;Landroidx/compose/ui/graphics/painter/Painter;ZZZZZZLkotlin/jvm/functions/Function1;Lkotlin/jvm/functions/Function1;Lkotlin/jvm/functions/Function3;Landroidx/compose/runtime/Composer;III)V 1652 <adapter> ; # java/lang/invoke/LambdaForm$MH+0x000001441d18e400
# instanceKlass java/lang/invoke/LambdaForm$DMH+0x000001441d18e000
instanceKlass  @bci org/jetbrains/compose/devtools/sidecar/DtAnimatedWindowKt DtAnimatedWindow-GeEAQLM (Ljava/lang/String;Landroidx/compose/ui/window/WindowState;Lkotlin/jvm/functions/Function0;JZLjava/lang/String;Landroidx/compose/ui/graphics/painter/Painter;ZZZZZZLkotlin/jvm/functions/Function1;Lkotlin/jvm/functions/Function1;Lkotlin/jvm/functions/Function3;Landroidx/compose/runtime/Composer;III)V 1652 <appendix> form vmentry <vmtarget> ; # java/lang/invoke/LambdaForm$DMH+0x000001441d18dc00
instanceKlass  @bci org/jetbrains/compose/devtools/sidecar/DtAnimatedWindowKt DtAnimatedWindow-GeEAQLM (Ljava/lang/String;Landroidx/compose/ui/window/WindowState;Lkotlin/jvm/functions/Function0;JZLjava/lang/String;Landroidx/compose/ui/graphics/painter/Painter;ZZZZZZLkotlin/jvm/functions/Function1;Lkotlin/jvm/functions/Function1;Lkotlin/jvm/functions/Function3;Landroidx/compose/runtime/Composer;III)V 1652 <appendix> member <vmtarget> ; # org/jetbrains/compose/devtools/sidecar/DtAnimatedWindowKt$$Lambda+0x000001441d18a5c8
instanceKlass  @cpi org/jetbrains/compose/devtools/sidecar/DtAnimatedWindowKt 263 form vmentry <vmtarget> ; # java/lang/invoke/LambdaForm$DMH+0x000001441d18d800
instanceKlass androidx/compose/ui/graphics/painter/Painter
instanceKlass  @bci androidx/compose/ui/awt/SwingDialog_desktopKt SwingDialog (ZLkotlin/jvm/functions/Function1;Lkotlin/jvm/functions/Function1;Lkotlin/jvm/functions/Function0;Lkotlin/jvm/functions/Function1;Lkotlin/jvm/functions/Function1;Lkotlin/jvm/functions/Function3;Landroidx/compose/runtime/Composer;II)V 1386 <adapter> ; # java/lang/invoke/LambdaForm$MH+0x000001441d18d400
# instanceKlass java/lang/invoke/LambdaForm$DMH+0x000001441d18d000
instanceKlass  @bci androidx/compose/ui/awt/SwingDialog_desktopKt SwingDialog (ZLkotlin/jvm/functions/Function1;Lkotlin/jvm/functions/Function1;Lkotlin/jvm/functions/Function0;Lkotlin/jvm/functions/Function1;Lkotlin/jvm/functions/Function1;Lkotlin/jvm/functions/Function3;Landroidx/compose/runtime/Composer;II)V 1386 <appendix> form vmentry <vmtarget> ; # java/lang/invoke/LambdaForm$DMH+0x000001441d18cc00
instanceKlass  @bci androidx/compose/ui/awt/SwingDialog_desktopKt SwingDialog (ZLkotlin/jvm/functions/Function1;Lkotlin/jvm/functions/Function1;Lkotlin/jvm/functions/Function0;Lkotlin/jvm/functions/Function1;Lkotlin/jvm/functions/Function1;Lkotlin/jvm/functions/Function3;Landroidx/compose/runtime/Composer;II)V 1386 <appendix> member <vmtarget> ; # androidx/compose/ui/awt/SwingDialog_desktopKt$$Lambda+0x000001441d18a148
instanceKlass  @cpi androidx/compose/ui/awt/SwingDialog_desktopKt 247 form vmentry <vmtarget> ; # java/lang/invoke/LambdaForm$DMH+0x000001441d18c800
instanceKlass  @bci androidx/compose/ui/awt/AwtWindow_desktopKt AwtWindow (ZLkotlin/jvm/functions/Function0;Lkotlin/jvm/functions/Function1;Lkotlin/jvm/functions/Function1;Landroidx/compose/runtime/Composer;II)V 783 <appendix> form vmentry <vmtarget> ; # java/lang/invoke/LambdaForm$DMH+0x000001441d18c400
instanceKlass  @bci androidx/compose/ui/awt/AwtWindow_desktopKt AwtWindow (ZLkotlin/jvm/functions/Function0;Lkotlin/jvm/functions/Function1;Lkotlin/jvm/functions/Function1;Landroidx/compose/runtime/Composer;II)V 783 <appendix> member <vmtarget> ; # androidx/compose/ui/awt/AwtWindow_desktopKt$$Lambda+0x000001441d189f10
instanceKlass  @cpi androidx/compose/ui/platform/DisposableSaveableStateRegistry_skikoKt 111 form vmentry <vmtarget> ; # java/lang/invoke/LambdaForm$DMH+0x000001441d18c000
instanceKlass  @bci androidx/compose/ui/util/UpdateEffect_desktopKt UpdateEffect (Lkotlin/jvm/functions/Function0;Landroidx/compose/runtime/Composer;I)V 369 <appendix> member <vmtarget> ; # androidx/compose/ui/util/UpdateEffect_desktopKt$$Lambda+0x000001441d189cd8
instanceKlass androidx/compose/ui/util/UpdateEffect_desktopKt
instanceKlass  @bci androidx/compose/ui/awt/AwtWindow_desktopKt AwtWindow (ZLkotlin/jvm/functions/Function0;Lkotlin/jvm/functions/Function1;Lkotlin/jvm/functions/Function1;Landroidx/compose/runtime/Composer;II)V 658 <appendix> member <vmtarget> ; # androidx/compose/ui/awt/AwtWindow_desktopKt$$Lambda+0x000001441d1895b0
instanceKlass androidx/compose/runtime/DisposableEffectImpl
instanceKlass  @bci androidx/compose/ui/awt/AwtWindow_desktopKt AwtWindow (ZLkotlin/jvm/functions/Function0;Lkotlin/jvm/functions/Function1;Lkotlin/jvm/functions/Function1;Landroidx/compose/runtime/Composer;II)V 532 <appendix> member <vmtarget> ; # androidx/compose/ui/awt/AwtWindow_desktopKt$$Lambda+0x000001441d189130
instanceKlass androidx/compose/runtime/DisposableEffectResult
instanceKlass androidx/compose/ui/node/Ref
instanceKlass androidx/compose/ui/awt/AwtWindow_desktopKt
instanceKlass  @bci androidx/compose/ui/awt/SwingDialog_desktopKt SwingDialog (ZLkotlin/jvm/functions/Function1;Lkotlin/jvm/functions/Function1;Lkotlin/jvm/functions/Function0;Lkotlin/jvm/functions/Function1;Lkotlin/jvm/functions/Function1;Lkotlin/jvm/functions/Function3;Landroidx/compose/runtime/Composer;II)V 1284 <appendix> member <vmtarget> ; # androidx/compose/ui/awt/SwingDialog_desktopKt$$Lambda+0x000001441d1888b0
instanceKlass  @bci androidx/compose/ui/awt/SwingDialog_desktopKt SwingDialog (ZLkotlin/jvm/functions/Function1;Lkotlin/jvm/functions/Function1;Lkotlin/jvm/functions/Function0;Lkotlin/jvm/functions/Function1;Lkotlin/jvm/functions/Function1;Lkotlin/jvm/functions/Function3;Landroidx/compose/runtime/Composer;II)V 1125 <appendix> member <vmtarget> ; # androidx/compose/ui/awt/SwingDialog_desktopKt$$Lambda+0x000001441d188678
instanceKlass  @bci androidx/compose/ui/awt/SwingDialog_desktopKt SwingDialog (ZLkotlin/jvm/functions/Function1;Lkotlin/jvm/functions/Function1;Lkotlin/jvm/functions/Function0;Lkotlin/jvm/functions/Function1;Lkotlin/jvm/functions/Function1;Lkotlin/jvm/functions/Function3;Landroidx/compose/runtime/Composer;II)V 1011 <appendix> member <vmtarget> ; # androidx/compose/ui/awt/SwingDialog_desktopKt$$Lambda+0x000001441d188440
instanceKlass androidx/compose/ui/platform/PlatformContext
instanceKlass  @bci androidx/compose/ui/scene/ComposeSceneContext_skikoKt <clinit> ()V 0 <appendix> argL0 ; # androidx/compose/ui/scene/ComposeSceneContext_skikoKt$$Lambda+0x000001441d188000
instanceKlass androidx/compose/ui/scene/ComposeSceneContext
instanceKlass androidx/compose/ui/scene/ComposeSceneContext_skikoKt
instanceKlass androidx/compose/runtime/ReferentialEqualityPolicy
instanceKlass androidx/compose/runtime/ComposerImpl$CompositionContextHolder
instanceKlass androidx/collection/IntList
instanceKlass androidx/compose/runtime/PrioritySet
instanceKlass androidx/compose/runtime/CompositionLocalContext
instanceKlass  @bci androidx/compose/ui/awt/SwingDialog_desktopKt SwingDialog (Lkotlin/jvm/functions/Function0;Landroidx/compose/ui/window/DialogState;ZLjava/lang/String;Landroidx/compose/ui/graphics/painter/Painter;Landroidx/compose/ui/window/WindowDecoration;ZZZZZLkotlin/jvm/functions/Function1;Lkotlin/jvm/functions/Function1;Ljava/awt/Dialog$ModalityType;Lkotlin/jvm/functions/Function1;Lkotlin/jvm/functions/Function3;Landroidx/compose/runtime/Composer;III)V 2387 <adapter> ; # java/lang/invoke/LambdaForm$MH+0x000001441d181400
# instanceKlass java/lang/invoke/LambdaForm$DMH+0x000001441d181000
instanceKlass  @bci androidx/compose/ui/awt/SwingDialog_desktopKt SwingDialog (Lkotlin/jvm/functions/Function0;Landroidx/compose/ui/window/DialogState;ZLjava/lang/String;Landroidx/compose/ui/graphics/painter/Painter;Landroidx/compose/ui/window/WindowDecoration;ZZZZZLkotlin/jvm/functions/Function1;Lkotlin/jvm/functions/Function1;Ljava/awt/Dialog$ModalityType;Lkotlin/jvm/functions/Function1;Lkotlin/jvm/functions/Function3;Landroidx/compose/runtime/Composer;III)V 2387 <appendix> form vmentry <vmtarget> ; # java/lang/invoke/LambdaForm$DMH+0x000001441d180c00
instanceKlass  @bci androidx/compose/ui/awt/SwingDialog_desktopKt SwingDialog (Lkotlin/jvm/functions/Function0;Landroidx/compose/ui/window/DialogState;ZLjava/lang/String;Landroidx/compose/ui/graphics/painter/Painter;Landroidx/compose/ui/window/WindowDecoration;ZZZZZLkotlin/jvm/functions/Function1;Lkotlin/jvm/functions/Function1;Ljava/awt/Dialog$ModalityType;Lkotlin/jvm/functions/Function1;Lkotlin/jvm/functions/Function3;Landroidx/compose/runtime/Composer;III)V 2387 <appendix> member <vmtarget> ; # androidx/compose/ui/awt/SwingDialog_desktopKt$$Lambda+0x000001441d182d90
instanceKlass  @cpi androidx/compose/ui/awt/SwingDialog_desktopKt 423 form vmentry <vmtarget> ; # java/lang/invoke/LambdaForm$DMH+0x000001441d180800
instanceKlass  @bci androidx/compose/ui/awt/SwingDialog_desktopKt SwingDialog (Lkotlin/jvm/functions/Function0;Landroidx/compose/ui/window/DialogState;ZLjava/lang/String;Landroidx/compose/ui/graphics/painter/Painter;Landroidx/compose/ui/window/WindowDecoration;ZZZZZLkotlin/jvm/functions/Function1;Lkotlin/jvm/functions/Function1;Ljava/awt/Dialog$ModalityType;Lkotlin/jvm/functions/Function1;Lkotlin/jvm/functions/Function3;Landroidx/compose/runtime/Composer;III)V 2106 <appendix> member <vmtarget> ; # androidx/compose/ui/awt/SwingDialog_desktopKt$$Lambda+0x000001441d182b58
instanceKlass  @bci androidx/compose/ui/awt/SwingDialog_desktopKt SwingDialog (ZLkotlin/jvm/functions/Function1;Lkotlin/jvm/functions/Function1;Lkotlin/jvm/functions/Function0;Lkotlin/jvm/functions/Function1;Lkotlin/jvm/functions/Function1;Lkotlin/jvm/functions/Function3;Landroidx/compose/runtime/Composer;II)V 1011 <appendix> form vmentry <vmtarget> ; # java/lang/invoke/LambdaForm$DMH+0x000001441d180400
instanceKlass  @bci androidx/compose/ui/awt/SwingDialog_desktopKt SwingDialog (Lkotlin/jvm/functions/Function0;Landroidx/compose/ui/window/DialogState;ZLjava/lang/String;Landroidx/compose/ui/graphics/painter/Painter;Landroidx/compose/ui/window/WindowDecoration;ZZZZZLkotlin/jvm/functions/Function1;Lkotlin/jvm/functions/Function1;Ljava/awt/Dialog$ModalityType;Lkotlin/jvm/functions/Function1;Lkotlin/jvm/functions/Function3;Landroidx/compose/runtime/Composer;III)V 1990 <appendix> member <vmtarget> ; # androidx/compose/ui/awt/SwingDialog_desktopKt$$Lambda+0x000001441d187d60
instanceKlass androidx/compose/ui/util/ListenerOnWindowRef
instanceKlass androidx/compose/ui/geometry/Size$Companion
instanceKlass androidx/compose/ui/geometry/Size
instanceKlass androidx/compose/ui/util/Windows_desktopKt
instanceKlass androidx/compose/ui/awt/SwingDialog_desktopKt$SwingDialog$listeners$1$1
instanceKlass androidx/compose/ui/awt/SwingDialog_desktopKt$SwingDialog$appliedState$1$1
instanceKlass androidx/compose/ui/util/ComponentUpdater
instanceKlass  @bci androidx/compose/ui/window/LocalWindowKt <clinit> ()V 1 <appendix> argL0 ; # androidx/compose/ui/window/LocalWindowKt$$Lambda+0x000001441d1868a0
instanceKlass androidx/compose/ui/window/LocalWindowKt
instanceKlass  @bci androidx/compose/ui/window/Dialog_desktopKt DialogWindow (Lkotlin/jvm/functions/Function0;Landroidx/compose/ui/window/DialogState;ZLjava/lang/String;Landroidx/compose/ui/graphics/painter/Painter;Landroidx/compose/ui/window/WindowDecoration;ZZZZZLandroidx/compose/ui/window/DialogModalityType;Lkotlin/jvm/functions/Function1;Lkotlin/jvm/functions/Function1;Lkotlin/jvm/functions/Function3;Landroidx/compose/runtime/Composer;III)V 1342 <appendix> argL0 ; # androidx/compose/ui/window/Dialog_desktopKt$$Lambda+0x000001441d186458
instanceKlass javax/swing/TransferHandler$HasGetTransferHandler
instanceKlass javax/swing/RootPaneContainer
instanceKlass javax/swing/WindowConstants
instanceKlass androidx/compose/ui/awt/SwingDialog_desktopKt
instanceKlass androidx/compose/ui/window/DialogModalityType$Companion
instanceKlass androidx/compose/ui/window/DialogModalityType
instanceKlass androidx/compose/ui/window/UndecoratedWindowDecoration
instanceKlass androidx/compose/ui/window/WindowDecorationDefaults
instanceKlass androidx/compose/ui/window/WindowDecoration$Companion
instanceKlass androidx/compose/ui/window/WindowDecoration
instanceKlass androidx/compose/ui/window/WindowDecoration_desktopKt
instanceKlass androidx/compose/ui/window/Dialog_desktopKt
instanceKlass org/jetbrains/compose/devtools/sidecar/DtAnimatedWindowKt$DtAnimatedWindow$4
instanceKlass  @bci androidx/compose/runtime/saveable/RememberSaveableKt rememberSaveable ([Ljava/lang/Object;Landroidx/compose/runtime/saveable/Saver;Ljava/lang/String;Lkotlin/jvm/functions/Function0;Landroidx/compose/runtime/Composer;II)Ljava/lang/Object; 488 <appendix> form vmentry <vmtarget> ; # java/lang/invoke/LambdaForm$DMH+0x000001441d180000
instanceKlass  @bci androidx/compose/runtime/saveable/RememberSaveableKt rememberSaveable ([Ljava/lang/Object;Landroidx/compose/runtime/saveable/Saver;Ljava/lang/String;Lkotlin/jvm/functions/Function0;Landroidx/compose/runtime/Composer;II)Ljava/lang/Object; 488 <appendix> member <vmtarget> ; # androidx/compose/runtime/saveable/RememberSaveableKt$$Lambda+0x000001441d1698d8
instanceKlass  @bci androidx/compose/runtime/saveable/SaveableHolder <init> (Landroidx/compose/runtime/saveable/Saver;Landroidx/compose/runtime/saveable/SaveableStateRegistry;Ljava/lang/String;Ljava/lang/Object;[Ljava/lang/Object;)V 33 <appendix> member <vmtarget> ; # androidx/compose/runtime/saveable/SaveableHolder$$Lambda+0x000001441d1696a0
instanceKlass androidx/compose/runtime/saveable/SaveableHolder
instanceKlass  @bci androidx/compose/runtime/saveable/SaveableStateRegistryKt <clinit> ()V 0 <appendix> argL0 ; # androidx/compose/runtime/saveable/SaveableStateRegistryKt$$Lambda+0x000001441d169210
instanceKlass androidx/compose/runtime/saveable/SaveableStateRegistry
instanceKlass androidx/compose/runtime/saveable/SaveableStateRegistryKt
instanceKlass androidx/compose/runtime/ComposablesKt
instanceKlass androidx/compose/runtime/saveable/RememberSaveableKt
instanceKlass  @bci androidx/compose/ui/window/DialogState_desktopKt rememberDialogState-eVKgIn8 (Landroidx/compose/ui/window/WindowPosition;JLandroidx/compose/runtime/Composer;II)Landroidx/compose/ui/window/DialogState; 222 <appendix> member <vmtarget> ; # androidx/compose/ui/window/DialogState_desktopKt$$Lambda+0x000001441d16b590
instanceKlass androidx/compose/runtime/saveable/SaverKt$Saver$1
instanceKlass androidx/compose/runtime/saveable/Saver
instanceKlass  @bci androidx/compose/runtime/saveable/SaverKt <clinit> ()V 5 <appendix> argL0 ; # androidx/compose/runtime/saveable/SaverKt$$Lambda+0x000001441d16af10
instanceKlass  @bci androidx/compose/runtime/saveable/SaverKt <clinit> ()V 0 <appendix> argL0 ; # androidx/compose/runtime/saveable/SaverKt$$Lambda+0x000001441d16ace0
instanceKlass androidx/compose/runtime/saveable/SaverKt
instanceKlass  @bci androidx/compose/runtime/saveable/ListSaverKt listSaver (Lkotlin/jvm/functions/Function2;Lkotlin/jvm/functions/Function1;)Landroidx/compose/runtime/saveable/Saver; 1 <appendix> member <vmtarget> ; # androidx/compose/runtime/saveable/ListSaverKt$$Lambda+0x000001441d16a890
instanceKlass androidx/compose/runtime/saveable/ListSaverKt
instanceKlass  @bci androidx/compose/ui/window/DialogStateImpl$Companion Saver (Landroidx/compose/ui/window/WindowPosition;)Landroidx/compose/runtime/saveable/Saver; 12 <appendix> member <vmtarget> ; # androidx/compose/ui/window/DialogStateImpl$Companion$$Lambda+0x000001441d16a440
instanceKlass  @bci androidx/compose/ui/window/DialogStateImpl$Companion Saver (Landroidx/compose/ui/window/WindowPosition;)Landroidx/compose/runtime/saveable/Saver; 6 <appendix> argL0 ; # androidx/compose/ui/window/DialogStateImpl$Companion$$Lambda+0x000001441d16a210
instanceKlass androidx/compose/runtime/saveable/SaverScope
instanceKlass androidx/compose/ui/window/DialogStateImpl$Companion
instanceKlass androidx/compose/ui/window/DialogStateImpl
instanceKlass androidx/compose/ui/window/DialogState
instanceKlass androidx/compose/ui/window/DialogState_desktopKt
instanceKlass org/jetbrains/compose/devtools/sidecar/DtAnimatedWindowKt$DtAnimatedWindow$3$1
instanceKlass org/jetbrains/compose/devtools/sidecar/DtAnimatedWindowKt$DtAnimatedWindow$2$1
instanceKlass  @bci org/jetbrains/compose/devtools/sidecar/DtAnimatedWindowKt DtAnimatedWindow-GeEAQLM (Ljava/lang/String;Landroidx/compose/ui/window/WindowState;Lkotlin/jvm/functions/Function0;JZLjava/lang/String;Landroidx/compose/ui/graphics/painter/Painter;ZZZZZZLkotlin/jvm/functions/Function1;Lkotlin/jvm/functions/Function1;Lkotlin/jvm/functions/Function3;Landroidx/compose/runtime/Composer;III)V 975 <appendix> argL0 ; # org/jetbrains/compose/devtools/sidecar/DtAnimatedWindowKt$$Lambda+0x000001441d16f020
instanceKlass org/jetbrains/compose/devtools/sidecar/ComposableSingletons$DtSidecarKt$lambda$1999324756$1
instanceKlass org/jetbrains/compose/devtools/sidecar/ComposableSingletons$DtSidecarKt$lambda$1834302237$1
instanceKlass org/jetbrains/compose/devtools/sidecar/ComposableSingletons$DtSidecarKt$lambda$-1441885987$1
instanceKlass org/jetbrains/compose/devtools/sidecar/ComposableSingletons$DtSidecarKt$lambda$-1865316368$1
instanceKlass org/jetbrains/compose/devtools/sidecar/ComposableSingletons$DtSidecarKt$lambda$-1079127079$1
instanceKlass org/jetbrains/compose/devtools/sidecar/ComposableSingletons$DtSidecarKt
instanceKlass androidx/compose/foundation/shape/DpCornerSize
instanceKlass androidx/compose/foundation/shape/CornerBasedShape
instanceKlass androidx/compose/ui/graphics/Interpolatable
instanceKlass androidx/compose/ui/graphics/Shape
instanceKlass androidx/compose/foundation/shape/PercentCornerSize
instanceKlass androidx/compose/foundation/shape/CornerSizeKt$ZeroCornerSize$1
instanceKlass androidx/compose/ui/platform/InspectableValue
instanceKlass androidx/compose/foundation/shape/CornerSize
instanceKlass androidx/compose/foundation/shape/CornerSizeKt
instanceKlass androidx/compose/foundation/shape/RoundedCornerShapeKt
instanceKlass org/jetbrains/compose/devtools/theme/DtShapes
instanceKlass androidx/compose/foundation/layout/PaddingValuesImpl
instanceKlass androidx/compose/foundation/layout/PaddingValues
instanceKlass androidx/compose/foundation/layout/PaddingKt
instanceKlass org/jetbrains/compose/reload/orchestration/OrchestrationMessage$ApplicationWindowGainedFocus$Companion
instanceKlass org/jetbrains/compose/devtools/theme/DtPadding
instanceKlass org/jetbrains/compose/devtools/theme/DtSizes
instanceKlass org/jetbrains/compose/devtools/sidecar/DtAnimatedWindowKt
instanceKlass org/jetbrains/compose/devtools/sidecar/DtSidecarKt
# instanceKlass java/lang/invoke/LambdaForm$MH+0x000001441d168000
instanceKlass org/jetbrains/compose/devtools/UiKt$DevToolsUI$2$1
instanceKlass java/io/ObjectOutputStream$ReplaceTable
instanceKlass java/io/ObjectOutputStream$HandleTable
instanceKlass androidx/compose/runtime/JoinedKey
instanceKlass androidx/compose/runtime/RecomposeScopeImplKt
instanceKlass java/io/ObjectInputStream$GetField
instanceKlass androidx/compose/runtime/MovableContent
instanceKlass java/io/ObjectStreamClass$ClassDataSlot
instanceKlass org/jetbrains/compose/reload/orchestration/OrchestrationMessage$ApplicationWindowPositioned$Companion
instanceKlass kotlinx/coroutines/YieldKt
instanceKlass  @bci androidx/compose/runtime/Recomposer$runRecomposeAndApplyChanges$2 invokeSuspend (Ljava/lang/Object;)Ljava/lang/Object; 322 <appendix> form vmentry <vmtarget> ; # java/lang/invoke/LambdaForm$DMH+0x000001441d162000
instanceKlass  @bci androidx/compose/runtime/Recomposer$runRecomposeAndApplyChanges$2 invokeSuspend (Ljava/lang/Object;)Ljava/lang/Object; 322 <appendix> member <vmtarget> ; # androidx/compose/runtime/Recomposer$runRecomposeAndApplyChanges$2$$Lambda+0x000001441d1671a0
instanceKlass  @cpi androidx/compose/runtime/Recomposer$runRecomposeAndApplyChanges$2 143 form vmentry <vmtarget> ; # java/lang/invoke/LambdaForm$DMH+0x000001441d161c00
instanceKlass androidx/compose/runtime/ScopeInvalidated
instanceKlass kotlin/jvm/internal/DefaultConstructorMarker
instanceKlass java/io/ObjectStreamClass$FieldReflector
instanceKlass java/io/ObjectStreamClass$FieldReflectorKey
instanceKlass java/util/stream/ReduceOps$AccumulatingSink
instanceKlass java/util/stream/TerminalSink
instanceKlass java/util/stream/ReduceOps$Box
instanceKlass java/util/stream/ReduceOps$ReduceOp
instanceKlass java/util/stream/TerminalOp
instanceKlass java/util/stream/ReduceOps
instanceKlass  @bci java/util/stream/Collectors joining (Ljava/lang/CharSequence;Ljava/lang/CharSequence;Ljava/lang/CharSequence;)Ljava/util/stream/Collector; 22 <appendix> argL0 ; # java/util/stream/Collectors$$Lambda+0x800000043
instanceKlass  @bci java/util/stream/Collectors joining (Ljava/lang/CharSequence;Ljava/lang/CharSequence;Ljava/lang/CharSequence;)Ljava/util/stream/Collector; 17 <appendix> argL0 ; # java/util/stream/Collectors$$Lambda+0x800000041
instanceKlass  @bci java/util/stream/Collectors joining (Ljava/lang/CharSequence;Ljava/lang/CharSequence;Ljava/lang/CharSequence;)Ljava/util/stream/Collector; 12 <appendix> argL0 ; # java/util/stream/Collectors$$Lambda+0x80000003e
instanceKlass  @bci java/util/stream/Collectors joining (Ljava/lang/CharSequence;Ljava/lang/CharSequence;Ljava/lang/CharSequence;)Ljava/util/stream/Collector; 7 <appendix> member <vmtarget> ; # java/util/stream/Collectors$$Lambda+0x800000046
instanceKlass java/util/StringJoiner
instanceKlass java/util/stream/Collector
instanceKlass java/util/stream/Collectors
instanceKlass androidx/compose/ui/window/WindowStateImpl$Companion
instanceKlass androidx/compose/ui/window/WindowStateImpl
instanceKlass  @bci java/lang/Class methodToString (Ljava/lang/String;[Ljava/lang/Class;)Ljava/lang/String; 42 <appendix> argL0 ; # java/lang/Class$$Lambda+0x000001441d1796d8
instanceKlass androidx/compose/ui/window/WindowState_desktopKt
instanceKlass java/io/ObjectOutput
instanceKlass jdk/internal/reflect/ClassDefiner$1
instanceKlass jdk/internal/reflect/ClassDefiner
instanceKlass jdk/internal/reflect/MethodAccessorGenerator$1
instanceKlass jdk/internal/reflect/Label$PatchInfo
instanceKlass jdk/internal/reflect/Label
instanceKlass androidx/compose/ui/unit/DpSize$Companion
instanceKlass jdk/internal/reflect/UTF8
instanceKlass jdk/internal/reflect/ClassFileAssembler
instanceKlass jdk/internal/reflect/ByteVectorImpl
instanceKlass jdk/internal/reflect/ByteVector
instanceKlass jdk/internal/reflect/ByteVectorFactory
instanceKlass jdk/internal/reflect/AccessorGenerator
instanceKlass jdk/internal/reflect/ClassFileConstants
instanceKlass java/util/ComparableTimSort
instanceKlass  @bci jdk/internal/reflect/MethodHandleLongFieldAccessorImpl getLong (Ljava/lang/Object;)J 11 <adapter> ; # java/lang/invoke/LambdaForm$MH+0x000001441d161400
# instanceKlass java/lang/invoke/LambdaForm$DMH+0x000001441d161000
instanceKlass java/io/ObjectStreamClass$2
instanceKlass java/io/Externalizable
instanceKlass java/lang/reflect/InvocationHandler
instanceKlass java/lang/reflect/Proxy
instanceKlass androidx/compose/ui/unit/DpSize
instanceKlass java/lang/ClassValue$Version
instanceKlass java/lang/ClassValue$Identity
instanceKlass java/lang/ClassValue
instanceKlass java/io/ClassCache
instanceKlass java/io/ObjectStreamClass$Caches
instanceKlass androidx/compose/ui/unit/DpKt
instanceKlass androidx/compose/ui/window/WindowPosition
instanceKlass androidx/compose/ui/window/WindowPosition_desktopKt
instanceKlass androidx/compose/ui/unit/Dp$Companion
instanceKlass java/io/ObjectStreamClass
instanceKlass androidx/compose/ui/unit/Dp
instanceKlass  @bci java/io/ObjectInputFilter$Config <clinit> ()V 368 <appendix> argL0 ; # java/io/ObjectInputFilter$Config$$Lambda+0x000001441d174910
instanceKlass jdk/internal/access/JavaObjectInputFilterAccess
instanceKlass java/io/ObjectInputFilter$Config$BuiltinFilterFactory
instanceKlass java/util/function/BinaryOperator
instanceKlass  @bci org/jetbrains/compose/devtools/api/ReloadStateEncoder encode$lambda$0 (Lorg/jetbrains/compose/devtools/api/ReloadState;Ljava/io/DataOutputStream;)Lkotlin/Unit; 23 <appendix> member <vmtarget> ; # org/jetbrains/compose/devtools/api/ReloadStateEncoder$$Lambda+0x000001441d1648a8
instanceKlass  @bci java/io/ObjectInputFilter$Config <clinit> ()V 80 <appendix> argL0 ; # java/io/ObjectInputFilter$Config$$Lambda+0x000001441d174278
instanceKlass  @bci java/io/ObjectInputFilter$Config <clinit> ()V 56 <appendix> argL0 ; # java/io/ObjectInputFilter$Config$$Lambda+0x000001441d174048
instanceKlass  @bci org/jetbrains/compose/devtools/api/ReloadStateEncoder encode (Lorg/jetbrains/compose/devtools/api/ReloadState;)[B 17 <appendix> member <vmtarget> ; # org/jetbrains/compose/devtools/api/ReloadStateEncoder$$Lambda+0x000001441d164670
instanceKlass  @bci org/jetbrains/compose/devtools/states/ReloadStateActorKt$launchReloadStateActor$1$2 emit (Lorg/jetbrains/compose/reload/orchestration/OrchestrationMessage;Lkotlin/coroutines/Continuation;)Ljava/lang/Object; 514 <appendix> member <vmtarget> ; # org/jetbrains/compose/devtools/states/ReloadStateActorKt$launchReloadStateActor$1$2$$Lambda+0x000001441d164438
instanceKlass java/io/ObjectInputFilter
instanceKlass java/io/ObjectInputFilter$Config
instanceKlass java/io/ObjectInputStream$ValidationList
instanceKlass java/io/ObjectInputStream$HandleTable$HandleList
instanceKlass java/io/ObjectInputStream$HandleTable
instanceKlass kotlinx/coroutines/flow/internal/FlowExceptions_commonKt
instanceKlass  @bci java/io/ObjectInputStream <clinit> ()V 100 <appendix> argL0 ; # java/io/ObjectInputStream$$Lambda+0x000001441d172a38
instanceKlass jdk/internal/access/JavaObjectInputStreamReadString
instanceKlass kotlinx/coroutines/channels/WaiterEB
instanceKlass  @bci java/io/ObjectInputStream <clinit> ()V 92 <appendix> argL0 ; # java/io/ObjectInputStream$$Lambda+0x000001441d1725f8
instanceKlass  @cpi java/io/ObjectInputStream 1214 form vmentry <vmtarget> ; # java/lang/invoke/LambdaForm$DMH+0x000001441d160c00
instanceKlass kotlinx/coroutines/internal/InlineList
instanceKlass jdk/internal/access/JavaObjectInputStreamAccess
instanceKlass kotlinx/coroutines/channels/ChannelsKt__Channels_commonKt
instanceKlass java/io/ObjectStreamConstants
instanceKlass java/io/ObjectInput
instanceKlass kotlinx/coroutines/channels/ChannelsKt
instanceKlass org/jetbrains/compose/reload/core/SerializableKt
instanceKlass  @bci org/jetbrains/compose/devtools/api/WindowsStateEncoder decode$lambda$0 (Ljava/io/DataInputStream;)Lorg/jetbrains/compose/devtools/api/WindowsState; 303 <appendix> argL0 ; # org/jetbrains/compose/devtools/api/WindowsStateEncoder$$Lambda+0x000001441d15f450
instanceKlass  @bci org/jetbrains/compose/devtools/api/WindowsStateEncoder decode$lambda$0 (Ljava/io/DataInputStream;)Lorg/jetbrains/compose/devtools/api/WindowsState; 255 <appendix> argL0 ; # org/jetbrains/compose/devtools/api/WindowsStateEncoder$$Lambda+0x000001441d15f220
instanceKlass  @bci org/jetbrains/compose/devtools/api/WindowsStateEncoder decode$lambda$0 (Ljava/io/DataInputStream;)Lorg/jetbrains/compose/devtools/api/WindowsState; 207 <appendix> argL0 ; # org/jetbrains/compose/devtools/api/WindowsStateEncoder$$Lambda+0x000001441d15eff0
instanceKlass  @bci org/jetbrains/compose/devtools/api/WindowsStateEncoder decode$lambda$0 (Ljava/io/DataInputStream;)Lorg/jetbrains/compose/devtools/api/WindowsState; 159 <appendix> argL0 ; # org/jetbrains/compose/devtools/api/WindowsStateEncoder$$Lambda+0x000001441d15edc0
instanceKlass  @bci org/jetbrains/compose/devtools/api/WindowsStateEncoder decode$lambda$0 (Ljava/io/DataInputStream;)Lorg/jetbrains/compose/devtools/api/WindowsState; 111 <appendix> argL0 ; # org/jetbrains/compose/devtools/api/WindowsStateEncoder$$Lambda+0x000001441d15eb90
instanceKlass org/jetbrains/compose/devtools/api/WindowsState$WindowState
instanceKlass  @bci org/jetbrains/compose/devtools/api/WindowsStateEncoder decode ([B)Lorg/jetbrains/compose/reload/core/Either; 7 <appendix> argL0 ; # org/jetbrains/compose/devtools/api/WindowsStateEncoder$$Lambda+0x000001441d15e748
instanceKlass  @bci org/jetbrains/compose/reload/orchestration/ReloadClassesResultEncoder encode (Lorg/jetbrains/compose/reload/orchestration/OrchestrationMessage$ReloadClassesResult;)[B 8 <appendix> member <vmtarget> ; # org/jetbrains/compose/reload/orchestration/ReloadClassesResultEncoder$$Lambda+0x000001441d15e510
instanceKlass org/jetbrains/compose/reload/orchestration/OrchestrationMessage$ReloadClassesResult$Companion
instanceKlass  @bci org/jetbrains/compose/reload/orchestration/ReloadClassesResultEncoder decode ([B)Lorg/jetbrains/compose/reload/core/Either; 7 <appendix> argL0 ; # org/jetbrains/compose/reload/orchestration/ReloadClassesResultEncoder$$Lambda+0x000001441d15e0c8
instanceKlass  @bci org/jetbrains/compose/reload/orchestration/LogMessageEncoder decode ([B)Lorg/jetbrains/compose/reload/core/Either; 7 <appendix> argL0 ; # org/jetbrains/compose/reload/orchestration/LogMessageEncoder$$Lambda+0x000001441d15de98
# instanceKlass org/jetbrains/compose/reload/orchestration/UIRenderedEncoder$$Lambda+0x000001441d15dc60
instanceKlass  @bci org/jetbrains/compose/reload/orchestration/UIRenderedEncoder encode (Lorg/jetbrains/compose/reload/orchestration/OrchestrationMessage$UIRendered;)[B 8 <appendix> member <vmtarget> ; # org/jetbrains/compose/reload/orchestration/UIRenderedEncoder$$Lambda+0x000001441d15da28
instanceKlass org/jetbrains/compose/reload/orchestration/OrchestrationMessage$UIRendered$Companion
instanceKlass  @bci org/jetbrains/compose/reload/core/EncodeUtilsKt decodeToInt ([B)I 48 <appendix> argL0 ; # org/jetbrains/compose/reload/core/EncodeUtilsKt$$Lambda+0x000001441d15d5e0
instanceKlass org/jetbrains/compose/reload/core/WindowId$Companion
instanceKlass org/jetbrains/compose/reload/core/WindowId
instanceKlass  @bci org/jetbrains/compose/reload/orchestration/UIRenderedEncoder decode ([B)Lorg/jetbrains/compose/reload/core/Either; 7 <appendix> argL0 ; # org/jetbrains/compose/reload/orchestration/UIRenderedEncoder$$Lambda+0x000001441d15cf78
# instanceKlass org/jetbrains/compose/reload/core/EncodeUtilsKt$$Lambda+0x000001441d15cd48
instanceKlass  @bci org/jetbrains/compose/reload/core/EncodeUtilsKt encodeToByteArray (I)[B 2 <appendix> member <vmtarget> ; # org/jetbrains/compose/reload/core/EncodeUtilsKt$$Lambda+0x000001441d15cb18
instanceKlass  @cpi javax/swing/plaf/basic/BasicLookAndFeel 2612 form vmentry <vmtarget> ; # java/lang/invoke/LambdaForm$DMH+0x000001441d160400
# instanceKlass org/jetbrains/compose/reload/orchestration/RecompileResultEncoder$$Lambda+0x000001441d15c8e0
instanceKlass  @bci org/jetbrains/compose/reload/orchestration/RecompileResultEncoder encode (Lorg/jetbrains/compose/reload/orchestration/OrchestrationMessage$RecompileResult;)[B 8 <appendix> member <vmtarget> ; # org/jetbrains/compose/reload/orchestration/RecompileResultEncoder$$Lambda+0x000001441d15c6a8
instanceKlass org/jetbrains/compose/reload/orchestration/OrchestrationMessage$RecompileResult$Companion
instanceKlass  @bci java/util/stream/StreamSpliterators$WrappingSpliterator initPartialTraversalState ()V 37 <appendix> member <vmtarget> ; # java/util/stream/StreamSpliterators$WrappingSpliterator$$Lambda+0x000001441d170d20
instanceKlass java/util/function/BooleanSupplier
instanceKlass java/util/stream/Sink$ChainedInt
instanceKlass java/util/stream/Sink$OfInt
instanceKlass java/util/function/IntConsumer
instanceKlass java/util/stream/Sink$ChainedReference
instanceKlass  @bci java/util/stream/StreamSpliterators$WrappingSpliterator initPartialTraversalState ()V 24 <appendix> member <vmtarget> ; # java/util/stream/StreamSpliterators$WrappingSpliterator$$Lambda+0x000001441d170000
instanceKlass java/util/stream/StreamSpliterators
instanceKlass java/util/stream/Sink
instanceKlass java/util/stream/AbstractSpinedBuffer
instanceKlass java/util/stream/StreamSpliterators$AbstractWrappingSpliterator
instanceKlass  @bci java/util/stream/AbstractPipeline spliterator ()Ljava/util/Spliterator; 103 <appendix> member <vmtarget> ; # java/util/stream/AbstractPipeline$$Lambda+0x000001441d0fef70
instanceKlass  @bci java/lang/ProcessHandleImpl children ()Ljava/util/stream/Stream; 8 <appendix> member <vmtarget> ; # java/lang/ProcessHandleImpl$$Lambda+0x000001441d0fed08
instanceKlass  @cpi java/lang/ProcessHandleImpl 420 form vmentry <vmtarget> ; # java/lang/invoke/LambdaForm$DMH+0x000001441d160000
instanceKlass  @bci java/lang/ProcessHandleImpl children (J)Ljava/util/stream/Stream; 82 <appendix> member <vmtarget> ; # java/lang/ProcessHandleImpl$$Lambda+0x000001441d0fe5c8
instanceKlass java/util/function/IntFunction
instanceKlass java/util/stream/IntStream
instanceKlass org/jetbrains/compose/reload/core/ProcessUtilsKt
instanceKlass org/jetbrains/compose/reload/core/ExitCode$Companion
instanceKlass org/jetbrains/compose/reload/core/ExitCode
instanceKlass java/util/concurrent/ForkJoinPool$DefaultForkJoinWorkerThreadFactory$1
instanceKlass  @bci org/jetbrains/compose/reload/core/FutureKt toFuture (Ljava/util/concurrent/CompletableFuture;)Lorg/jetbrains/compose/reload/core/Future; 17 <appendix> member <vmtarget> ; # org/jetbrains/compose/reload/core/FutureKt$$Lambda+0x000001441d15bc00
instanceKlass  @bci org/jetbrains/compose/reload/core/FutureKt toFuture (Ljava/util/concurrent/CompletableFuture;)Lorg/jetbrains/compose/reload/core/Future; 12 <appendix> member <vmtarget> ; # org/jetbrains/compose/reload/core/FutureKt$$Lambda+0x000001441d15b9c8
instanceKlass  @bci org/jetbrains/compose/devtools/states/ReloadStateActorKt$launchReloadStateActor$1$2 emit (Lorg/jetbrains/compose/reload/orchestration/OrchestrationMessage;Lkotlin/coroutines/Continuation;)Ljava/lang/Object; 456 <appendix> argL0 ; # org/jetbrains/compose/devtools/states/ReloadStateActorKt$launchReloadStateActor$1$2$$Lambda+0x000001441d15b798
instanceKlass org/jetbrains/compose/reload/orchestration/OrchestrationMessage$BuildFinished$Companion
instanceKlass  @bci org/jetbrains/compose/reload/orchestration/ClientDisconnectedEncoder encode (Lorg/jetbrains/compose/reload/orchestration/OrchestrationMessage$ClientDisconnected;)[B 8 <appendix> member <vmtarget> ; # org/jetbrains/compose/reload/orchestration/ClientDisconnectedEncoder$$Lambda+0x000001441d15b348
instanceKlass org/jetbrains/compose/reload/orchestration/OrchestrationMessage$ClientDisconnected$Companion
instanceKlass  @bci org/jetbrains/compose/reload/orchestration/OrchestrationServerKt$launchClient$1$4$1 invokeSuspend$lambda$1 (Lorg/jetbrains/compose/reload/orchestration/OrchestrationServerStates;Lorg/jetbrains/compose/reload/orchestration/OrchestrationMessage$ClientConnected;Lorg/jetbrains/compose/reload/core/Either;)Lkotlin/Unit; 8 <appendix> member <vmtarget> ; # org/jetbrains/compose/reload/orchestration/OrchestrationServerKt$launchClient$1$4$1$$Lambda+0x000001441d15aef8
instanceKlass  @bci org/jetbrains/compose/reload/orchestration/OrchestrationIOImpl close (Lkotlin/coroutines/Continuation;)Ljava/lang/Object; 157 <appendix> argL0 ; # org/jetbrains/compose/reload/orchestration/OrchestrationIOImpl$$Lambda+0x000001441d15acc8
instanceKlass  @bci org/jetbrains/compose/reload/orchestration/OrchestrationIOImpl close (Lkotlin/coroutines/Continuation;)Ljava/lang/Object; 144 <appendix> argL0 ; # org/jetbrains/compose/reload/orchestration/OrchestrationIOImpl$$Lambda+0x000001441d15aa98
instanceKlass  @bci org/jetbrains/compose/reload/core/TaskImpl stop (Ljava/lang/Throwable;)Z 1 <appendix> member <vmtarget> ; # org/jetbrains/compose/reload/core/TaskImpl$$Lambda+0x000001441d159b50
instanceKlass kotlin/internal/jdk7/JDK7PlatformImplementations$ReflectSdkVersion
instanceKlass kotlin/ExceptionsKt__ExceptionsKt
instanceKlass org/jetbrains/compose/devtools/states/ReloadCountStateActorKt$launchReloadCountStateActor$1$2$invokeSuspend$$inlined$filterIsInstance$1$2
instanceKlass org/jetbrains/compose/devtools/states/ReloadCountStateActorKt$launchReloadCountStateActor$1$2$invokeSuspend$$inlined$filterIsInstance$1
# instanceKlass org/jetbrains/compose/reload/orchestration/ReloadClassesRequestEncoder$$Lambda+0x000001441d158000
instanceKlass  @bci org/jetbrains/compose/devtools/states/ReloadStateActorKt$launchReloadStateActor$1$2 emit (Lorg/jetbrains/compose/reload/orchestration/OrchestrationMessage;Lkotlin/coroutines/Continuation;)Ljava/lang/Object; 368 <appendix> member <vmtarget> ; # org/jetbrains/compose/devtools/states/ReloadStateActorKt$launchReloadStateActor$1$2$$Lambda+0x000001441d1586a8
# instanceKlass org/jetbrains/compose/reload/orchestration/ReloadClassesRequestEncoder$$Lambda+0x000001441d158238
instanceKlass  @bci org/jetbrains/compose/reload/orchestration/ReloadClassesRequestEncoder encode$lambda$0 (Lorg/jetbrains/compose/reload/orchestration/OrchestrationMessage$ReloadClassesRequest;Ljava/io/DataOutputStream;)Lkotlin/Unit; 18 <appendix> member <vmtarget> ; # org/jetbrains/compose/reload/orchestration/ReloadClassesRequestEncoder$$Lambda+0x000001441d158470
# instanceKlass org/jetbrains/compose/reload/orchestration/ReloadClassesRequestEncoder$$Lambda+0x000001441d157bd0
# instanceKlass org/jetbrains/compose/reload/orchestration/ReloadClassesRequestEncoder$$Lambda+0x000001441d157998
instanceKlass  @bci org/jetbrains/compose/reload/orchestration/ReloadClassesRequestEncoder encode (Lorg/jetbrains/compose/reload/orchestration/OrchestrationMessage$ReloadClassesRequest;)[B 8 <appendix> member <vmtarget> ; # org/jetbrains/compose/reload/orchestration/ReloadClassesRequestEncoder$$Lambda+0x000001441d157760
instanceKlass org/jetbrains/compose/reload/core/Context$Key$Optional
instanceKlass org/jetbrains/compose/reload/core/Context$Key
instanceKlass  @bci org/jetbrains/compose/reload/orchestration/ReloadClassesRequestEncoder decode$lambda$0 (Ljava/io/DataInputStream;)Lorg/jetbrains/compose/reload/orchestration/OrchestrationMessage$ReloadClassesRequest; 17 <appendix> argL0 ; # org/jetbrains/compose/reload/orchestration/ReloadClassesRequestEncoder$$Lambda+0x000001441d156ec0
instanceKlass  @bci org/jetbrains/compose/reload/orchestration/ReloadClassesRequestEncoder decode ([B)Lorg/jetbrains/compose/reload/core/Either; 7 <appendix> argL0 ; # org/jetbrains/compose/reload/orchestration/ReloadClassesRequestEncoder$$Lambda+0x000001441d156c90
instanceKlass kotlinx/coroutines/internal/SegmentOrClosed
instanceKlass  @bci org/jetbrains/compose/reload/orchestration/BuildTaskResultEncoder encode$lambda$0 (Lorg/jetbrains/compose/reload/orchestration/OrchestrationMessage$BuildTaskResult;Ljava/io/DataOutputStream;)Lkotlin/Unit; 118 <appendix> member <vmtarget> ; # org/jetbrains/compose/reload/orchestration/BuildTaskResultEncoder$$Lambda+0x000001441d156470
instanceKlass  @bci org/jetbrains/compose/reload/orchestration/BuildTaskResultEncoder encode (Lorg/jetbrains/compose/reload/orchestration/OrchestrationMessage$BuildTaskResult;)[B 8 <appendix> member <vmtarget> ; # org/jetbrains/compose/reload/orchestration/BuildTaskResultEncoder$$Lambda+0x000001441d156238
instanceKlass org/jetbrains/compose/reload/orchestration/OrchestrationMessage$BuildTaskResult$Companion
instanceKlass  @bci org/jetbrains/compose/reload/orchestration/BuildTaskResultEncoder decode$lambda$0 (Ljava/io/DataInputStream;)Lorg/jetbrains/compose/reload/orchestration/OrchestrationMessage$BuildTaskResult; 17 <appendix> argL0 ; # org/jetbrains/compose/reload/orchestration/BuildTaskResultEncoder$$Lambda+0x000001441d155df0
instanceKlass  @bci org/jetbrains/compose/reload/orchestration/BuildTaskResultEncoder decode ([B)Lorg/jetbrains/compose/reload/core/Either; 7 <appendix> argL0 ; # org/jetbrains/compose/reload/orchestration/BuildTaskResultEncoder$$Lambda+0x000001441d155bc0
instanceKlass org/jetbrains/compose/reload/orchestration/OrchestrationPackage$Ack$Companion
instanceKlass org/jetbrains/compose/reload/orchestration/OrchestrationMessage$BuildStarted$Companion
instanceKlass org/jetbrains/compose/reload/orchestration/OrchestrationMessage$BuildEvent$Companion
instanceKlass org/jetbrains/compose/reload/orchestration/OrchestrationMessageKt
instanceKlass  @bci org/jetbrains/compose/reload/orchestration/OrchestrationMessageEncoderKt decodeOrchestrationMessage (Lorg/jetbrains/compose/reload/orchestration/OrchestrationFrame;Lorg/jetbrains/compose/reload/core/Logger;)Lorg/jetbrains/compose/reload/orchestration/OrchestrationPackage; 58 <appendix> member <vmtarget> ; # org/jetbrains/compose/reload/orchestration/OrchestrationMessageEncoderKt$$Lambda+0x000001441d155128
instanceKlass sun/awt/AppContext$PostShutdownEventRunnable
instanceKlass java/util/IdentityHashMap$IdentityHashMapIterator
# instanceKlass org/jetbrains/compose/reload/orchestration/LogMessageEncoder$$Lambda+0x000001441d154ef0
instanceKlass  @bci org/jetbrains/compose/reload/orchestration/LogMessageEncoder encode (Lorg/jetbrains/compose/reload/orchestration/OrchestrationMessage$LogMessage;)[B 8 <appendix> member <vmtarget> ; # org/jetbrains/compose/reload/orchestration/LogMessageEncoder$$Lambda+0x000001441d154cb8
instanceKlass org/jetbrains/compose/reload/core/LoggingKt$WhenMappings
instanceKlass org/jetbrains/compose/reload/orchestration/OrchestrationMessage$LogMessage$Companion
instanceKlass org/jetbrains/compose/reload/orchestration/OrchestartionLoggingKt
instanceKlass  @bci org/jetbrains/compose/reload/orchestration/OrchestrationFrameKt encodeToFrame (Lorg/jetbrains/compose/reload/orchestration/OrchestrationStateUpdate$Response;)Lorg/jetbrains/compose/reload/orchestration/OrchestrationFrame; 15 <appendix> member <vmtarget> ; # org/jetbrains/compose/reload/orchestration/OrchestrationFrameKt$$Lambda+0x000001441d154198
instanceKlass org/jetbrains/compose/reload/orchestration/OrchestrationStateUpdate$Response$Companion
instanceKlass org/jetbrains/compose/reload/orchestration/OrchestrationLoggerState$LoggerId$Companion
instanceKlass org/jetbrains/compose/reload/orchestration/OrchestrationLoggerState$LoggerId
instanceKlass kotlin/collections/builders/SetBuilder$Companion
instanceKlass  @bci org/jetbrains/compose/reload/orchestration/OrchestrationLoggerStateEncoder decode ([B)Lorg/jetbrains/compose/reload/core/Either; 7 <appendix> argL0 ; # org/jetbrains/compose/reload/orchestration/OrchestrationLoggerStateEncoder$$Lambda+0x000001441d1532a8
instanceKlass  @bci org/jetbrains/compose/reload/orchestration/OrchestrationStateStorage update (Lorg/jetbrains/compose/reload/orchestration/OrchestrationStateId;Lorg/jetbrains/compose/reload/orchestration/Binary;)V 201 <appendix> member <vmtarget> ; # org/jetbrains/compose/reload/orchestration/OrchestrationStateStorage$$Lambda+0x000001441d153070
instanceKlass org/jetbrains/compose/reload/orchestration/OrchestrationLoggerStateEncoder
instanceKlass  @bci org/jetbrains/compose/reload/orchestration/OrchestrationStateStorage update (Lorg/jetbrains/compose/reload/orchestration/OrchestrationStateId;Lorg/jetbrains/compose/reload/orchestration/Binary;)V 96 <appendix> member <vmtarget> ; # org/jetbrains/compose/reload/orchestration/OrchestrationStateStorage$$Lambda+0x000001441d152bf0
instanceKlass org/jetbrains/compose/reload/orchestration/OrchestrationStateUpdate$Companion
instanceKlass  @bci org/jetbrains/compose/reload/orchestration/OrchestrationFrameKt decodeStateUpdate ([B)Lorg/jetbrains/compose/reload/orchestration/OrchestrationStateUpdate; 7 <appendix> argL0 ; # org/jetbrains/compose/reload/orchestration/OrchestrationFrameKt$$Lambda+0x000001441d1527a8
instanceKlass kotlin/io/LinesSequence$iterator$1
instanceKlass kotlin/sequences/ConstrainedOnceSequence
instanceKlass kotlin/io/LinesSequence
instanceKlass  @bci org/jetbrains/compose/devtools/gradle/GradleRecompiler$buildAndReload$6 invokeSuspend (Ljava/lang/Object;)Ljava/lang/Object; 103 <appendix> member <vmtarget> ; # org/jetbrains/compose/devtools/gradle/GradleRecompiler$buildAndReload$6$$Lambda+0x000001441d151c08
instanceKlass kotlinx/coroutines/scheduling/WorkQueue
instanceKlass kotlinx/coroutines/internal/LimitedDispatcher$Worker
instanceKlass kotlinx/coroutines/internal/LockFreeTaskQueueCore$Placeholder
instanceKlass kotlinx/coroutines/DefaultExecutorKt
instanceKlass kotlinx/coroutines/internal/LimitedDispatcherKt
instanceKlass androidx/compose/runtime/SnapshotStateKt__SnapshotFlowKt$collectAsState$1$1$1
instanceKlass androidx/compose/runtime/ProduceStateScopeImpl
instanceKlass androidx/compose/runtime/ProduceStateScope
instanceKlass  @bci org/jetbrains/compose/devtools/gradle/GradleRecompiler buildAndReload-Xm5ez_4 (Lorg/jetbrains/compose/devtools/api/RecompilerContext;Lkotlin/coroutines/Continuation;)Ljava/lang/Object; 515 <appendix> member <vmtarget> ; # org/jetbrains/compose/devtools/gradle/GradleRecompiler$$Lambda+0x000001441d14fcf8
instanceKlass  @cpi androidx/savedstate/internal/SavedStateRegistryImpl 261 form vmentry <vmtarget> ; # java/lang/invoke/LambdaForm$DMH+0x000001441d14c800
instanceKlass  @bci org/jetbrains/compose/devtools/api/ReloadStateEncoder encode$lambda$2 (Lorg/jetbrains/compose/devtools/api/ReloadState;Ljava/io/DataOutputStream;)Lkotlin/Unit; 23 <appendix> member <vmtarget> ; # org/jetbrains/compose/devtools/api/ReloadStateEncoder$$Lambda+0x000001441d14f820
instanceKlass  @bci org/jetbrains/compose/devtools/api/ReloadStateEncoder encode (Lorg/jetbrains/compose/devtools/api/ReloadState;)[B 61 <appendix> member <vmtarget> ; # org/jetbrains/compose/devtools/api/ReloadStateEncoder$$Lambda+0x000001441d14f5e8
instanceKlass java/util/function/BiConsumer
instanceKlass  @bci org/jetbrains/compose/devtools/states/ReloadStateActorKt$launchReloadStateActor$1$2 emit (Lorg/jetbrains/compose/reload/orchestration/OrchestrationMessage;Lkotlin/coroutines/Continuation;)Ljava/lang/Object; 161 <appendix> argL0 ; # org/jetbrains/compose/devtools/states/ReloadStateActorKt$launchReloadStateActor$1$2$$Lambda+0x000001441d14f190
instanceKlass  @bci org/jetbrains/compose/devtools/gradle/GradleRecompiler buildAndReload-Xm5ez_4 (Lorg/jetbrains/compose/devtools/api/RecompilerContext;Lkotlin/coroutines/Continuation;)Ljava/lang/Object; 510 <appendix> member <vmtarget> ; # org/jetbrains/compose/devtools/gradle/GradleRecompiler$$Lambda+0x000001441d14e4d8
instanceKlass kotlinx/coroutines/flow/FlowKt__ReduceKt$first$$inlined$collectWhile$2
instanceKlass  @bci java/lang/ProcessImpl onExit ()Ljava/util/concurrent/CompletableFuture; 9 <appendix> member <vmtarget> ; # java/lang/ProcessImpl$$Lambda+0x000001441d0fc4e0
instanceKlass kotlinx/coroutines/flow/FlowKt__ReduceKt
instanceKlass androidx/compose/runtime/changelist/Operations$OpIterator
instanceKlass androidx/compose/runtime/changelist/OperationArgContainer
instanceKlass kotlin/jdk7/AutoCloseableKt
instanceKlass androidx/compose/runtime/snapshots/SnapshotApplyResult
instanceKlass kotlin/jvm/internal/AdaptedFunctionReference
instanceKlass  @bci androidx/compose/runtime/internal/ComposableLambdaImpl invoke (Ljava/lang/Object;Landroidx/compose/runtime/Composer;I)Ljava/lang/Object; 90 <appendix> member <vmtarget> ; # androidx/compose/runtime/internal/ComposableLambdaImpl$$Lambda+0x000001441d14a278
instanceKlass  @cpi androidx/compose/ui/window/UndecoratedWindowResizer 174 form vmentry <vmtarget> ; # java/lang/invoke/LambdaForm$DMH+0x000001441d14c400
instanceKlass  @bci org/jetbrains/compose/devtools/UiKt DevToolsUI (Landroidx/compose/runtime/Composer;I)V 388 <appendix> member <vmtarget> ; # org/jetbrains/compose/devtools/UiKt$$Lambda+0x000001441d14a048
instanceKlass  @cpi org/jetbrains/compose/devtools/sidecar/DtLogWindowKt 192 form vmentry <vmtarget> ; # java/lang/invoke/LambdaForm$DMH+0x000001441d14c000
instanceKlass org/jetbrains/compose/devtools/states/DtLifecycleState$Key
instanceKlass org/jetbrains/compose/devtools/states/DtLifecycleState
instanceKlass androidx/compose/runtime/changelist/Operation$ObjectParameter
instanceKlass androidx/compose/runtime/changelist/Operations$WriteScope
instanceKlass kotlin/io/FilesKt__FilePathComponentsKt
instanceKlass kotlinx/coroutines/CoroutineExceptionHandler$Key
instanceKlass kotlinx/coroutines/CoroutineExceptionHandler$DefaultImpls
instanceKlass androidx/compose/runtime/LaunchedEffectImpl
instanceKlass kotlinx/coroutines/CoroutineExceptionHandler
instanceKlass androidx/compose/runtime/DisposableEffectScope
instanceKlass androidx/compose/runtime/EffectsKt
instanceKlass androidx/compose/runtime/SnapshotStateKt__ProduceStateKt
instanceKlass androidx/compose/runtime/SnapshotStateKt__SnapshotFlowKt
instanceKlass io/sellmair/evas/compose/ComposeExtensionsKt
instanceKlass  @bci io/sellmair/evas/compose/CompositionLocalsKt <clinit> ()V 11 <appendix> argL0 ; # io/sellmair/evas/compose/CompositionLocalsKt$$Lambda+0x000001441d141230
instanceKlass  @bci io/sellmair/evas/compose/CompositionLocalsKt <clinit> ()V 0 <appendix> argL0 ; # io/sellmair/evas/compose/CompositionLocalsKt$$Lambda+0x000001441d141000
instanceKlass io/sellmair/evas/compose/CompositionLocalsKt
instanceKlass  @bci org/jetbrains/compose/devtools/ComposableSingletons$UiKt$lambda$1752910654$1 invoke (Landroidx/compose/ui/window/ApplicationScope;Landroidx/compose/runtime/Composer;I)V 114 <appendix> argL0 ; # org/jetbrains/compose/devtools/ComposableSingletons$UiKt$lambda$1752910654$1$$Lambda+0x000001441d143a10
instanceKlass androidx/compose/ui/window/WindowExceptionHandler
instanceKlass javax/accessibility/Accessible
instanceKlass  @bci androidx/compose/ui/window/WindowExceptionHandlerFactory_desktopKt <clinit> ()V 0 <appendix> argL0 ; # androidx/compose/ui/window/WindowExceptionHandlerFactory_desktopKt$$Lambda+0x000001441d1435d0
instanceKlass androidx/compose/ui/window/WindowExceptionHandlerFactory
instanceKlass androidx/compose/ui/window/WindowExceptionHandlerFactory_desktopKt
instanceKlass androidx/compose/runtime/external/kotlinx/collections/immutable/internal/DeltaCounter
instanceKlass androidx/compose/runtime/StaticValueHolder
instanceKlass androidx/compose/runtime/external/kotlinx/collections/immutable/internal/MutabilityOwnership
instanceKlass androidx/compose/runtime/PersistentCompositionLocalMap$Builder
instanceKlass androidx/compose/runtime/external/kotlinx/collections/immutable/PersistentMap$Builder
instanceKlass  @bci org/jetbrains/compose/reload/orchestration/OrchestrationServerKt$OrchestrationServer$task$1$4 invokeSuspend (Ljava/lang/Object;)Ljava/lang/Object; 325 <appendix> member <vmtarget> ; # org/jetbrains/compose/reload/orchestration/OrchestrationServerKt$OrchestrationServer$task$1$4$$Lambda+0x000001441d147698
instanceKlass androidx/compose/runtime/RememberObserver
instanceKlass  @bci androidx/compose/ui/window/Application_desktopKt$awaitApplication$2$1$2 invokeSuspend$lambda$0 (Landroidx/compose/runtime/MutableState;Lkotlin/jvm/functions/Function3;Landroidx/compose/ui/window/Application_desktopKt$awaitApplication$2$1$applicationScope$1;Landroidx/compose/runtime/Composer;I)Lkotlin/Unit; 108 <appendix> member <vmtarget> ; # androidx/compose/ui/window/Application_desktopKt$awaitApplication$2$1$2$$Lambda+0x000001441d147250
instanceKlass java/awt/ComponentOrientation
instanceKlass androidx/compose/ui/unit/DensityImpl
instanceKlass androidx/compose/ui/unit/DensityKt
instanceKlass java/awt/GraphicsConfiguration
instanceKlass sun/awt/image/SurfaceManager$ProxiedGraphicsConfig
instanceKlass sun/awt/image/SurfaceManager$ProxyCache
instanceKlass java/awt/GraphicsDevice
instanceKlass sun/awt/SunDisplayChanger
instanceKlass sun/java2d/SurfaceManagerFactory
instanceKlass sun/java2d/windows/WindowsFlags$1
instanceKlass sun/java2d/windows/WindowsFlags
instanceKlass sun/awt/DisplayParametersChangedListener
instanceKlass java/awt/GraphicsEnvironment$LocalGE
instanceKlass androidx/compose/ui/window/LayoutConfiguration_desktopKt
instanceKlass  @bci androidx/compose/ui/platform/CompositionLocalsKt <clinit> ()V 245 <appendix> argL0 ; # androidx/compose/ui/platform/CompositionLocalsKt$$Lambda+0x000001441d1466c8
instanceKlass  @bci androidx/compose/ui/platform/CompositionLocalsKt <clinit> ()V 232 <appendix> argL0 ; # androidx/compose/ui/platform/CompositionLocalsKt$$Lambda+0x000001441d146260
instanceKlass  @cpi androidx/compose/material3/ColorSchemeKt 644 form vmentry <vmtarget> ; # java/lang/invoke/LambdaForm$DMH+0x000001441d140800
instanceKlass  @cpi java/awt/Dialog 857 form vmentry <vmtarget> ; # java/lang/invoke/LambdaForm$DMH+0x000001441d140400
instanceKlass  @bci androidx/compose/ui/platform/CompositionLocalsKt <clinit> ()V 220 <appendix> argL0 ; # androidx/compose/ui/platform/CompositionLocalsKt$$Lambda+0x000001441d146030
instanceKlass androidx/compose/ui/input/pointer/PointerIconService
instanceKlass java/nio/channels/spi/AbstractInterruptibleChannel$1
instanceKlass sun/nio/ch/Interruptible
instanceKlass sun/nio/ch/FileKey
instanceKlass sun/nio/ch/FileLockTable
instanceKlass java/nio/channels/FileLock
instanceKlass sun/nio/fs/WindowsChannelFactory$2
instanceKlass  @bci org/jetbrains/compose/devtools/gradle/GradleRecompiler buildAndReload-Xm5ez_4 (Lorg/jetbrains/compose/devtools/api/RecompilerContext;Lkotlin/coroutines/Continuation;)Ljava/lang/Object; 487 <appendix> member <vmtarget> ; # org/jetbrains/compose/devtools/gradle/GradleRecompiler$$Lambda+0x000001441d145be8
instanceKlass org/jetbrains/compose/reload/core/LockFile
instanceKlass org/jetbrains/compose/reload/core/PidFileLockKt
instanceKlass  @bci androidx/compose/ui/platform/CompositionLocalsKt <clinit> ()V 209 <appendix> argL0 ; # androidx/compose/ui/platform/CompositionLocalsKt$$Lambda+0x000001441d145580
instanceKlass androidx/compose/ui/platform/WindowInfo
instanceKlass  @bci org/jetbrains/compose/devtools/RecompilerContextImpl invokeOnDispose (Lkotlin/jvm/functions/Function0;)Lorg/jetbrains/compose/reload/core/Disposable; 134 <appendix> member <vmtarget> ; # org/jetbrains/compose/devtools/RecompilerContextImpl$$Lambda+0x000001441d145138
instanceKlass  @bci androidx/compose/ui/platform/CompositionLocalsKt <clinit> ()V 198 <appendix> argL0 ; # androidx/compose/ui/platform/CompositionLocalsKt$$Lambda+0x000001441d144cf0
instanceKlass  @bci org/jetbrains/compose/devtools/RecompilerContextImpl invokeOnDispose (Lkotlin/jvm/functions/Function0;)Lorg/jetbrains/compose/reload/core/Disposable; 7 <appendix> member <vmtarget> ; # org/jetbrains/compose/devtools/RecompilerContextImpl$$Lambda+0x000001441d144ab8
instanceKlass androidx/compose/ui/platform/ViewConfiguration
instanceKlass  @bci org/jetbrains/compose/devtools/gradle/GradleRecompiler buildAndReload-Xm5ez_4 (Lorg/jetbrains/compose/devtools/api/RecompilerContext;Lkotlin/coroutines/Continuation;)Ljava/lang/Object; 446 <appendix> member <vmtarget> ; # org/jetbrains/compose/devtools/gradle/GradleRecompiler$$Lambda+0x000001441d144670
instanceKlass  @bci androidx/compose/ui/platform/CompositionLocalsKt <clinit> ()V 187 <appendix> argL0 ; # androidx/compose/ui/platform/CompositionLocalsKt$$Lambda+0x000001441d144440
instanceKlass jdk/internal/logger/DefaultLoggerFinder$1
instanceKlass androidx/compose/ui/platform/UriHandler
instanceKlass java/lang/ProcessImpl$2
instanceKlass  @bci androidx/compose/ui/platform/CompositionLocalsKt <clinit> ()V 176 <appendix> argL0 ; # androidx/compose/ui/platform/CompositionLocalsKt$$Lambda+0x000001441d144000
instanceKlass  @bci java/lang/ProcessImpl <init> ([Ljava/lang/String;Ljava/lang/String;Ljava/lang/String;[JZZ)V 286 <appendix> member <vmtarget> ; # java/lang/ProcessImpl$$Lambda+0x000001441d0f54e0
instanceKlass androidx/compose/ui/platform/TextToolbar
instanceKlass  @cpi java/lang/ProcessImpl 640 form vmentry <vmtarget> ; # java/lang/invoke/LambdaForm$DMH+0x000001441d140000
instanceKlass  @bci androidx/compose/ui/platform/CompositionLocalsKt <clinit> ()V 165 <appendix> argL0 ; # androidx/compose/ui/platform/CompositionLocalsKt$$Lambda+0x000001441d13faf0
instanceKlass androidx/compose/ui/platform/SoftwareKeyboardController
instanceKlass  @bci androidx/compose/ui/platform/CompositionLocalsKt <clinit> ()V 154 <appendix> argL0 ; # androidx/compose/ui/platform/CompositionLocalsKt$$Lambda+0x000001441d13f6b0
instanceKlass androidx/compose/ui/text/input/TextInputService
instanceKlass  @bci androidx/compose/ui/platform/CompositionLocalsKt <clinit> ()V 143 <appendix> argL0 ; # androidx/compose/ui/platform/CompositionLocalsKt$$Lambda+0x000001441d13f250
instanceKlass  @bci androidx/compose/ui/platform/CompositionLocalsKt <clinit> ()V 132 <appendix> argL0 ; # androidx/compose/ui/platform/CompositionLocalsKt$$Lambda+0x000001441d13edc8
instanceKlass androidx/compose/ui/input/InputModeManager
instanceKlass  @bci androidx/compose/ui/platform/CompositionLocalsKt <clinit> ()V 121 <appendix> argL0 ; # androidx/compose/ui/platform/CompositionLocalsKt$$Lambda+0x000001441d13e988
instanceKlass androidx/compose/ui/hapticfeedback/HapticFeedback
instanceKlass  @bci androidx/compose/ui/platform/CompositionLocalsKt <clinit> ()V 110 <appendix> argL0 ; # androidx/compose/ui/platform/CompositionLocalsKt$$Lambda+0x000001441d13e548
instanceKlass androidx/compose/ui/text/font/FontFamily$Resolver
instanceKlass  @bci androidx/compose/ui/platform/CompositionLocalsKt <clinit> ()V 99 <appendix> argL0 ; # androidx/compose/ui/platform/CompositionLocalsKt$$Lambda+0x000001441d13e108
instanceKlass androidx/compose/ui/text/font/Font$ResourceLoader
instanceKlass  @bci androidx/compose/ui/platform/CompositionLocalsKt <clinit> ()V 88 <appendix> argL0 ; # androidx/compose/ui/platform/CompositionLocalsKt$$Lambda+0x000001441d13dcc8
instanceKlass androidx/compose/ui/focus/FocusManager
instanceKlass  @bci androidx/compose/ui/platform/CompositionLocalsKt <clinit> ()V 77 <appendix> argL0 ; # androidx/compose/ui/platform/CompositionLocalsKt$$Lambda+0x000001441d13d888
instanceKlass androidx/compose/ui/unit/Density
instanceKlass androidx/compose/ui/unit/FontScalingLinear
instanceKlass  @bci androidx/compose/ui/platform/CompositionLocalsKt <clinit> ()V 66 <appendix> argL0 ; # androidx/compose/ui/platform/CompositionLocalsKt$$Lambda+0x000001441d13d238
instanceKlass androidx/compose/ui/graphics/GraphicsContext
instanceKlass  @bci androidx/compose/ui/platform/CompositionLocalsKt <clinit> ()V 55 <appendix> argL0 ; # androidx/compose/ui/platform/CompositionLocalsKt$$Lambda+0x000001441d13cdf8
instanceKlass androidx/compose/ui/platform/Clipboard
instanceKlass  @bci androidx/compose/ui/platform/CompositionLocalsKt <clinit> ()V 44 <appendix> argL0 ; # androidx/compose/ui/platform/CompositionLocalsKt$$Lambda+0x000001441d13c9b8
instanceKlass androidx/compose/ui/platform/ClipboardManager
instanceKlass  @bci androidx/compose/ui/platform/CompositionLocalsKt <clinit> ()V 33 <appendix> argL0 ; # androidx/compose/ui/platform/CompositionLocalsKt$$Lambda+0x000001441d13c578
instanceKlass androidx/compose/ui/autofill/AutofillManager
instanceKlass  @bci androidx/compose/ui/platform/CompositionLocalsKt <clinit> ()V 22 <appendix> argL0 ; # androidx/compose/ui/platform/CompositionLocalsKt$$Lambda+0x000001441d13c120
instanceKlass androidx/compose/ui/autofill/AutofillTree
instanceKlass  @bci androidx/compose/ui/platform/CompositionLocalsKt <clinit> ()V 11 <appendix> argL0 ; # androidx/compose/ui/platform/CompositionLocalsKt$$Lambda+0x000001441d13bcd0
instanceKlass androidx/compose/ui/autofill/Autofill
instanceKlass  @bci androidx/compose/ui/platform/CompositionLocalsKt <clinit> ()V 0 <appendix> argL0 ; # androidx/compose/ui/platform/CompositionLocalsKt$$Lambda+0x000001441d13b890
instanceKlass androidx/compose/ui/platform/AccessibilityManager
instanceKlass androidx/compose/ui/platform/CompositionLocalsKt
instanceKlass androidx/compose/runtime/ProvidedValue
instanceKlass androidx/compose/runtime/DerivedState
instanceKlass androidx/compose/runtime/snapshots/ReaderKind$Companion
instanceKlass androidx/compose/runtime/snapshots/ReaderKind
instanceKlass androidx/collection/ObjectIntMap
instanceKlass  @bci org/jetbrains/compose/reload/orchestration/OrchestrationStateId encodeToByteArray$hot_reload_orchestration ()[B 2 <appendix> member <vmtarget> ; # org/jetbrains/compose/reload/orchestration/OrchestrationStateId$$Lambda+0x000001441d13a388
instanceKlass  @bci org/jetbrains/compose/reload/orchestration/OrchestrationFrameKt encodeToFrame (Lorg/jetbrains/compose/reload/orchestration/OrchestrationStateValue;)Lorg/jetbrains/compose/reload/orchestration/OrchestrationFrame; 15 <appendix> member <vmtarget> ; # org/jetbrains/compose/reload/orchestration/OrchestrationFrameKt$$Lambda+0x000001441d13a150
instanceKlass androidx/compose/runtime/RecomposeScopeImpl$Companion
instanceKlass androidx/compose/runtime/RecomposeScopeImpl
instanceKlass androidx/compose/runtime/tooling/IdentifiableRecomposeScope
instanceKlass androidx/compose/runtime/RecomposeScope
instanceKlass androidx/compose/runtime/ScopeUpdateScope
instanceKlass org/jetbrains/compose/reload/orchestration/OrchestrationStateValue$Companion
instanceKlass androidx/compose/runtime/internal/Expect_jvmKt
instanceKlass androidx/compose/runtime/SnapshotStateKt__DerivedStateKt
instanceKlass  @bci org/jetbrains/compose/reload/orchestration/OrchestrationStateKt decodeOrchestrationStateId ([B)Lorg/jetbrains/compose/reload/core/Either; 12 <appendix> argL0 ; # org/jetbrains/compose/reload/orchestration/OrchestrationStateKt$$Lambda+0x000001441d138000
instanceKlass androidx/compose/runtime/CompositionLocalMapKt
instanceKlass org/jetbrains/compose/reload/orchestration/OrchestrationStateKt
instanceKlass  @bci androidx/compose/runtime/tooling/InspectionTablesKt <clinit> ()V 0 <appendix> argL0 ; # androidx/compose/runtime/tooling/InspectionTablesKt$$Lambda+0x000001441d135a80
instanceKlass org/jetbrains/compose/reload/orchestration/OrchestrationStateRequest$Companion
instanceKlass androidx/compose/runtime/tooling/InspectionTablesKt
instanceKlass androidx/compose/runtime/CompositionContextKt
instanceKlass androidx/compose/runtime/GroupInfo
instanceKlass androidx/compose/runtime/KeyInfo
instanceKlass androidx/compose/runtime/Pending$keyMap$2
instanceKlass androidx/collection/IntSet
instanceKlass androidx/collection/IntSetKt
instanceKlass androidx/collection/IntObjectMap
instanceKlass androidx/compose/runtime/Pending
instanceKlass androidx/compose/runtime/GroupKind$Companion
instanceKlass androidx/compose/runtime/GroupKind
instanceKlass  @bci androidx/compose/runtime/ComposerImplKt <clinit> ()V 0 <appendix> argL0 ; # androidx/compose/runtime/ComposerImplKt$$Lambda+0x000001441d136650
instanceKlass androidx/compose/runtime/Invalidation
instanceKlass androidx/compose/runtime/ComposerImplKt
instanceKlass androidx/compose/runtime/internal/Trace
instanceKlass  @bci androidx/compose/runtime/snapshots/SnapshotKt takeNewSnapshot (Lkotlin/jvm/functions/Function1;)Landroidx/compose/runtime/snapshots/Snapshot; 1 <appendix> member <vmtarget> ; # androidx/compose/runtime/snapshots/SnapshotKt$$Lambda+0x000001441d133bc0
instanceKlass androidx/compose/runtime/snapshots/GlobalSnapshot$takeNestedMutableSnapshot$1$1
instanceKlass androidx/compose/runtime/snapshots/tooling/SnapshotObserverKt
instanceKlass  @bci androidx/compose/runtime/Recomposer writeObserverOf (Landroidx/compose/runtime/ControlledComposition;Landroidx/collection/MutableScatterSet;)Lkotlin/jvm/functions/Function1; 2 <appendix> member <vmtarget> ; # androidx/compose/runtime/Recomposer$$Lambda+0x000001441d133538
instanceKlass  @bci androidx/compose/runtime/Recomposer readObserverOf (Landroidx/compose/runtime/ControlledComposition;)Lkotlin/jvm/functions/Function1; 1 <appendix> member <vmtarget> ; # androidx/compose/runtime/Recomposer$$Lambda+0x000001441d133300
instanceKlass  @bci androidx/compose/ui/window/Application_desktopKt$awaitApplication$2$1$2 invokeSuspend (Ljava/lang/Object;)Ljava/lang/Object; 76 <appendix> member <vmtarget> ; # androidx/compose/ui/window/Application_desktopKt$awaitApplication$2$1$2$$Lambda+0x000001441d1330c8
instanceKlass  @cpi androidx/compose/ui/platform/Wrapper_skikoKt 59 form vmentry <vmtarget> ; # java/lang/invoke/LambdaForm$DMH+0x000001441d134800
instanceKlass java/lang/Process
instanceKlass  @bci androidx/compose/runtime/ComposableSingletons$CompositionKt <clinit> ()V 30 <appendix> argL0 ; # androidx/compose/runtime/ComposableSingletons$CompositionKt$$Lambda+0x000001441d132e98
instanceKlass  @bci androidx/compose/ui/awt/SwingPanel_desktopKt <clinit> ()V 0 <bsm> form vmentry <vmtarget> ; # java/lang/invoke/LambdaForm$DMH+0x000001441d134400
instanceKlass org/jetbrains/compose/devtools/gradle/GradleRecompilerKt
instanceKlass java/lang/invoke/MethodHandle$1
instanceKlass  @bci androidx/compose/runtime/ComposableSingletons$CompositionKt <clinit> ()V 13 <appendix> argL0 ; # androidx/compose/runtime/ComposableSingletons$CompositionKt$$Lambda+0x000001441d132a50
instanceKlass  @cpi androidx/compose/ui/node/ComposeUiNode$Companion 230 form vmentry <vmtarget> ; # java/lang/invoke/LambdaForm$DMH+0x000001441d134000
instanceKlass org/jetbrains/compose/reload/core/PropertiesExtensionsKt$WhenMappings
instanceKlass kotlin/jvm/internal/SpreadBuilder
instanceKlass androidx/compose/runtime/ComposableSingletons$CompositionKt
instanceKlass androidx/compose/runtime/tooling/CompositionErrorContextImpl$Key
instanceKlass androidx/compose/runtime/tooling/CompositionErrorContextImpl
instanceKlass androidx/compose/runtime/changelist/OperationErrorContext
instanceKlass androidx/compose/runtime/tooling/CompositionErrorContext
instanceKlass org/jetbrains/compose/reload/core/PropertiesExtensionsKt
instanceKlass androidx/compose/runtime/Anchor
instanceKlass  @bci org/jetbrains/compose/devtools/gradle/GradleRecompiler buildAndReload-Xm5ez_4 (Lorg/jetbrains/compose/devtools/api/RecompilerContext;Lkotlin/coroutines/Continuation;)Ljava/lang/Object; 423 <appendix> member <vmtarget> ; # org/jetbrains/compose/devtools/gradle/GradleRecompiler$$Lambda+0x000001441d131268
instanceKlass androidx/compose/runtime/SlotTableKt
instanceKlass java/lang/ProcessBuilder
instanceKlass androidx/compose/runtime/changelist/ComposerChangeListWriter$Companion
instanceKlass androidx/compose/runtime/changelist/ComposerChangeListWriter
instanceKlass androidx/compose/runtime/SlotWriter$Companion
instanceKlass  @bci org/jetbrains/compose/devtools/UtilsKt useDisposableStoppable (Lorg/jetbrains/compose/reload/core/Disposable;Lkotlin/jvm/functions/Function1;Lkotlin/coroutines/Continuation;)Ljava/lang/Object; 158 <appendix> member <vmtarget> ; # org/jetbrains/compose/devtools/UtilsKt$$Lambda+0x000001441d1302a0
instanceKlass  @bci org/jetbrains/compose/devtools/UtilsKt withDisposableShutdownHook (Lorg/jetbrains/compose/reload/core/Disposable;Lkotlin/jvm/functions/Function1;Lkotlin/coroutines/Continuation;)Ljava/lang/Object; 94 <appendix> member <vmtarget> ; # org/jetbrains/compose/devtools/UtilsKt$$Lambda+0x000001441d12fa28
instanceKlass androidx/compose/runtime/SlotWriter
instanceKlass  @bci org/jetbrains/compose/reload/core/EncodeUtilsKt encodeToByteArray (J)[B 3 <appendix> member <vmtarget> ; # org/jetbrains/compose/reload/core/EncodeUtilsKt$$Lambda+0x000001441d12f338
instanceKlass  @bci org/jetbrains/compose/reload/orchestration/ClientConnectedEncoder encode (Lorg/jetbrains/compose/reload/orchestration/OrchestrationMessage$ClientConnected;)[B 8 <appendix> member <vmtarget> ; # org/jetbrains/compose/reload/orchestration/ClientConnectedEncoder$$Lambda+0x000001441d12ee28
instanceKlass org/jetbrains/compose/devtools/RecompilerContextImpl$State
instanceKlass org/jetbrains/compose/devtools/RecompilerContextImpl
instanceKlass org/jetbrains/compose/devtools/api/RecompilerContext
instanceKlass  @bci org/jetbrains/compose/reload/orchestration/OrchestrationMessageEncoderKt encodeToFrame (Lorg/jetbrains/compose/reload/orchestration/OrchestrationMessage;Lorg/jetbrains/compose/reload/orchestration/OrchestrationVersion;)Lorg/jetbrains/compose/reload/orchestration/OrchestrationFrame; 82 <appendix> member <vmtarget> ; # org/jetbrains/compose/reload/orchestration/OrchestrationMessageEncoderKt$$Lambda+0x000001441d12e0c8
instanceKlass androidx/compose/runtime/SlotReader
instanceKlass org/jetbrains/compose/reload/core/LogImpl
instanceKlass androidx/compose/runtime/ComposerImpl$derivedStateObserver$1
instanceKlass androidx/compose/runtime/DerivedStateObserver
instanceKlass androidx/compose/runtime/internal/PersistentCompositionLocalHashMap$Companion
instanceKlass androidx/compose/runtime/PersistentCompositionLocalMap
instanceKlass androidx/compose/runtime/CompositionLocalAccessorScope
instanceKlass androidx/compose/runtime/CompositionLocalMap
instanceKlass org/jetbrains/compose/reload/orchestration/OrchestrationProtocolVersionKt
instanceKlass org/jetbrains/compose/reload/core/QueueImpl$SuspendedSender
instanceKlass androidx/compose/runtime/internal/PersistentCompositionLocalMapKt
instanceKlass  @bci org/jetbrains/compose/reload/core/QueueImpl send (Ljava/lang/Object;Lkotlin/coroutines/Continuation;)Ljava/lang/Object; 84 <appendix> member <vmtarget> ; # org/jetbrains/compose/reload/core/QueueImpl$$Lambda+0x000001441d12b900
instanceKlass androidx/compose/runtime/IntStack
instanceKlass androidx/compose/runtime/Stack
instanceKlass androidx/compose/runtime/Composer$Companion$Empty$1
instanceKlass androidx/compose/runtime/Composer$Companion
instanceKlass  @bci org/jetbrains/compose/reload/orchestration/OrchestrationServerKt$launchClient$1$4$1 invokeSuspend (Ljava/lang/Object;)Ljava/lang/Object; 216 <appendix> member <vmtarget> ; # org/jetbrains/compose/reload/orchestration/OrchestrationServerKt$launchClient$1$4$1$$Lambda+0x000001441d12abb8
instanceKlass  @bci org/jetbrains/compose/reload/orchestration/OrchestrationStateStorage update (Lorg/jetbrains/compose/reload/orchestration/OrchestrationStateKey;Lorg/jetbrains/compose/reload/orchestration/OrchestrationState;)Lorg/jetbrains/compose/reload/core/Update; 95 <appendix> member <vmtarget> ; # org/jetbrains/compose/reload/orchestration/OrchestrationStateStorage$$Lambda+0x000001441d12a980
instanceKlass org/jetbrains/compose/reload/orchestration/Binary$Companion
instanceKlass org/jetbrains/compose/devtools/RecompilerKt$launchRecompiler$1$invokeSuspend$$inlined$filterIsInstance$1$2
instanceKlass org/jetbrains/compose/devtools/UtilsKt$conflateAsList$1$1$1$1
instanceKlass  @bci org/jetbrains/compose/reload/orchestration/OrchestrationStateStorage update (Lorg/jetbrains/compose/reload/orchestration/OrchestrationStateKey;Lorg/jetbrains/compose/reload/orchestration/OrchestrationState;)Lorg/jetbrains/compose/reload/core/Update; 71 <appendix> member <vmtarget> ; # org/jetbrains/compose/reload/orchestration/OrchestrationStateStorage$$Lambda+0x000001441d12a0c0
instanceKlass androidx/compose/runtime/ComposerImpl
instanceKlass org/jetbrains/compose/reload/orchestration/Binary
instanceKlass kotlinx/coroutines/channels/ChannelResult$Failed
instanceKlass  @bci org/jetbrains/compose/reload/orchestration/OrchestrationConnectionsStateEncoder encode$lambda$0 (Lorg/jetbrains/compose/reload/orchestration/OrchestrationConnectionsState;Ljava/io/DataOutputStream;)Lkotlin/Unit; 149 <appendix> member <vmtarget> ; # org/jetbrains/compose/reload/orchestration/OrchestrationConnectionsStateEncoder$$Lambda+0x000001441d129608
instanceKlass kotlinx/coroutines/channels/ChannelResult$Companion
instanceKlass kotlinx/coroutines/channels/ChannelResult
instanceKlass  @bci org/jetbrains/compose/reload/orchestration/OrchestrationConnectionsStateEncoder encode (Lorg/jetbrains/compose/reload/orchestration/OrchestrationConnectionsState;)[B 8 <appendix> member <vmtarget> ; # org/jetbrains/compose/reload/orchestration/OrchestrationConnectionsStateEncoder$$Lambda+0x000001441d128d90
instanceKlass kotlin/collections/builders/ListBuilder$Companion
instanceKlass org/jetbrains/compose/reload/orchestration/OrchestrationConnectionsStateEncoder
instanceKlass org/jetbrains/compose/devtools/api/VirtualTimeState
instanceKlass org/jetbrains/compose/devtools/api/VirtualTimeStateEncoder
instanceKlass androidx/compose/runtime/RememberObserverHolder
instanceKlass org/jetbrains/compose/devtools/RecompilerKt$launchRecompiler$1$3
instanceKlass org/jetbrains/compose/devtools/api/WindowsStateEncoder
instanceKlass androidx/compose/runtime/internal/RememberEventDispatcher
instanceKlass androidx/compose/runtime/RememberManager
instanceKlass org/jetbrains/compose/devtools/api/ReloadCountStateEncoder
instanceKlass androidx/compose/runtime/CompositionObserverHolder
instanceKlass org/jetbrains/compose/devtools/api/ReloadStateEncoder$Companion
instanceKlass androidx/compose/runtime/changelist/Operation
instanceKlass org/jetbrains/compose/devtools/api/ReloadStateEncoder
instanceKlass androidx/compose/runtime/changelist/OperationsDebugStringFormattable
instanceKlass org/jetbrains/compose/reload/orchestration/OrchestrationStateEncoder
instanceKlass org/jetbrains/compose/reload/orchestration/OrchestrationStateEncoderKt
instanceKlass org/jetbrains/compose/reload/orchestration/OrchestrationConnectionsState$Connection
instanceKlass  @bci org/jetbrains/compose/reload/orchestration/OrchestrationServerKt$launchClient$1$4$1 invokeSuspend (Ljava/lang/Object;)Ljava/lang/Object; 201 <appendix> member <vmtarget> ; # org/jetbrains/compose/reload/orchestration/OrchestrationServerKt$launchClient$1$4$1$$Lambda+0x000001441d1272b8
instanceKlass org/jetbrains/compose/reload/orchestration/OrchestrationConnectionsState
instanceKlass androidx/compose/runtime/collection/ScopeMap
instanceKlass org/jetbrains/compose/devtools/RecompilerKt$launchRecompiler$1$invokeSuspend$$inlined$filterIsInstance$1
instanceKlass androidx/compose/runtime/OpaqueKey
instanceKlass androidx/compose/runtime/tooling/ComposeStackTraceMode$Companion
instanceKlass androidx/compose/runtime/tooling/ComposeStackTraceMode
instanceKlass org/jetbrains/compose/devtools/gradle/GradleRecompiler
instanceKlass androidx/compose/runtime/ComposerKt
instanceKlass org/jetbrains/compose/devtools/api/Recompiler
instanceKlass androidx/compose/runtime/SlotTable
instanceKlass androidx/compose/runtime/tooling/CompositionData
instanceKlass  @bci org/jetbrains/compose/reload/orchestration/OrchestrationMessageId$Companion random ()Lorg/jetbrains/compose/reload/orchestration/OrchestrationMessageId; 13 <appendix> form vmentry <vmtarget> ; # java/lang/invoke/LambdaForm$MH+0x000001441d121000
instanceKlass  @bci org/jetbrains/compose/reload/orchestration/OrchestrationMessageId$Companion random ()Lorg/jetbrains/compose/reload/orchestration/OrchestrationMessageId; 13 <appendix> argL3 form vmentry <vmtarget> ; # java/lang/invoke/LambdaForm$MH+0x000001441d120800
instanceKlass androidx/collection/SetWrapper
# instanceKlass java/lang/invoke/LambdaForm$MH+0x000001441d120400
instanceKlass  @bci org/jetbrains/compose/reload/orchestration/OrchestrationMessageId$Companion random ()Lorg/jetbrains/compose/reload/orchestration/OrchestrationMessageId; 13 <appendix> argL1 form vmentry <vmtarget> ; # java/lang/invoke/LambdaForm$MH+0x000001441d11d400
# instanceKlass java/lang/invoke/LambdaForm$MH+0x000001441d11cc00
instanceKlass androidx/compose/runtime/CompositionImpl
instanceKlass androidx/compose/runtime/tooling/ObservableComposition
instanceKlass androidx/compose/runtime/PausableComposition
instanceKlass androidx/compose/runtime/CompositionServices
instanceKlass androidx/compose/runtime/RecomposeScopeOwner
instanceKlass androidx/compose/runtime/ReusableComposition
instanceKlass sun/security/provider/AbstractDrbg$NonceProvider
instanceKlass androidx/compose/runtime/CompositionKt$ObservableCompositionServiceKey$1
instanceKlass androidx/compose/runtime/CompositionServiceKey
instanceKlass androidx/compose/runtime/CompositionKt
instanceKlass androidx/compose/ui/window/ApplicationApplier
instanceKlass androidx/compose/runtime/Applier
instanceKlass androidx/compose/runtime/collection/ScatterSetWrapper
instanceKlass  @bci sun/security/provider/AbstractDrbg$SeederHolder <clinit> ()V 42 <appendix> member <vmtarget> ; # sun/security/provider/AbstractDrbg$SeederHolder$$Lambda+0x000001441d0f3158
instanceKlass  @cpi sun/security/provider/AbstractDrbg$SeederHolder 91 form vmentry <vmtarget> ; # java/lang/invoke/LambdaForm$DMH+0x000001441d11c400
instanceKlass androidx/compose/runtime/collection/ScatterSetWrapperKt
instanceKlass androidx/collection/ScatterSetKt
instanceKlass androidx/compose/runtime/external/kotlinx/collections/immutable/implementations/immutableMap/TrieNode$ModificationResult
instanceKlass androidx/compose/runtime/external/kotlinx/collections/immutable/implementations/persistentOrderedSet/Links
instanceKlass androidx/compose/runtime/external/kotlinx/collections/immutable/implementations/immutableMap/TrieNodeKt
instanceKlass  @bci androidx/compose/runtime/snapshots/Snapshot$Companion registerApplyObserver (Lkotlin/jvm/functions/Function2;)Landroidx/compose/runtime/snapshots/ObserverHandle; 61 <appendix> member <vmtarget> ; # androidx/compose/runtime/snapshots/Snapshot$Companion$$Lambda+0x000001441d11b220
instanceKlass  @bci androidx/compose/runtime/Recomposer$recompositionRunner$2 invokeSuspend (Ljava/lang/Object;)Ljava/lang/Object; 69 <appendix> member <vmtarget> ; # androidx/compose/runtime/Recomposer$recompositionRunner$2$$Lambda+0x000001441d11afe8
instanceKlass androidx/compose/runtime/MonotonicFrameClockKt
instanceKlass org/jetbrains/compose/devtools/states/ReloadUIStateKt$launchReloadUIState$1$2$1$invokeSuspend$$inlined$filterIsInstance$1$2
instanceKlass org/jetbrains/compose/devtools/states/ReloadUIStateKt$launchReloadUIState$1$2$1$1
instanceKlass org/jetbrains/compose/devtools/states/ReloadUIStateKt$launchReloadUIState$1$2$1$invokeSuspend$$inlined$filterIsInstance$1
instanceKlass kotlin/jvm/internal/InlineMarker
instanceKlass androidx/compose/ui/window/Application_desktopKt$awaitApplication$2$1$applicationScope$1
instanceKlass androidx/compose/runtime/snapshots/StateRecord
instanceKlass androidx/compose/runtime/internal/Thread_nonAndroidKt
instanceKlass androidx/compose/runtime/internal/Thread_jvmKt
instanceKlass androidx/compose/runtime/snapshots/StateObjectImpl
instanceKlass androidx/compose/runtime/snapshots/StateObject
instanceKlass androidx/compose/runtime/snapshots/SnapshotMutableState
instanceKlass androidx/compose/runtime/MutableState
instanceKlass androidx/compose/runtime/State
instanceKlass androidx/compose/runtime/SnapshotState_nonAndroidKt
instanceKlass androidx/compose/runtime/StructuralEqualityPolicy
instanceKlass androidx/compose/runtime/SnapshotMutationPolicy
instanceKlass androidx/compose/runtime/SnapshotStateKt__SnapshotMutationPolicyKt
instanceKlass androidx/compose/runtime/SnapshotStateKt__SnapshotStateKt
instanceKlass androidx/compose/runtime/SnapshotStateKt
instanceKlass androidx/compose/runtime/Recomposer$RecomposerInfoImpl
instanceKlass androidx/compose/runtime/RecomposerInfo
instanceKlass  @bci androidx/compose/runtime/Recomposer <init> (Lkotlin/coroutines/CoroutineContext;)V 223 <appendix> member <vmtarget> ; # androidx/compose/runtime/Recomposer$$Lambda+0x000001441d1164e0
instanceKlass androidx/compose/runtime/NestedContentMap
instanceKlass androidx/compose/runtime/collection/MultiValueMap
instanceKlass androidx/compose/runtime/ControlledComposition
instanceKlass androidx/compose/runtime/Composition
instanceKlass androidx/compose/runtime/collection/MutableVector
instanceKlass androidx/collection/internal/ContainerHelpersKt
instanceKlass androidx/collection/ScatterMap
instanceKlass androidx/collection/ScatterMapKt
instanceKlass androidx/collection/ScatterSet
instanceKlass  @bci androidx/compose/runtime/NextFrameEndCallbackQueue <init> (Lkotlin/jvm/functions/Function0;)V 26 <appendix> member <vmtarget> ; # androidx/compose/runtime/NextFrameEndCallbackQueue$$Lambda+0x000001441d114308
instanceKlass androidx/compose/runtime/internal/AtomicBoolean
instanceKlass  @bci androidx/compose/runtime/Recomposer <init> (Lkotlin/coroutines/CoroutineContext;)V 27 <appendix> member <vmtarget> ; # androidx/compose/runtime/Recomposer$$Lambda+0x000001441d113eb0
instanceKlass androidx/compose/runtime/NextFrameEndCallbackQueue
instanceKlass androidx/collection/ObjectList
instanceKlass sun/nio/fs/BasicFileAttributesHolder
instanceKlass sun/nio/fs/WindowsDirectoryStream$WindowsDirectoryIterator
instanceKlass sun/nio/fs/WindowsDirectoryStream
instanceKlass java/nio/file/DirectoryStream
instanceKlass java/nio/file/Files$AcceptAllFilter
instanceKlass java/nio/file/DirectoryStream$Filter
instanceKlass androidx/compose/runtime/internal/AtomicAwaitersCount$Companion
instanceKlass androidx/compose/runtime/internal/AtomicAwaitersCount
instanceKlass androidx/compose/runtime/internal/AwaiterQueue
instanceKlass java/net/NetworkInterface$1
instanceKlass  @bci androidx/compose/runtime/Recomposer <init> (Lkotlin/coroutines/CoroutineContext;)V 10 <appendix> member <vmtarget> ; # androidx/compose/runtime/Recomposer$$Lambda+0x000001441d112fb0
instanceKlass androidx/compose/runtime/BroadcastFrameClock
instanceKlass androidx/compose/runtime/external/kotlinx/collections/immutable/implementations/immutableMap/TrieNode$Companion
instanceKlass androidx/compose/runtime/external/kotlinx/collections/immutable/implementations/immutableMap/TrieNode
instanceKlass androidx/compose/runtime/external/kotlinx/collections/immutable/implementations/immutableMap/PersistentHashMap$Companion
instanceKlass kotlin/collections/AbstractMap$Companion
instanceKlass kotlin/collections/AbstractMap
instanceKlass androidx/compose/runtime/external/kotlinx/collections/immutable/PersistentMap
instanceKlass androidx/compose/runtime/external/kotlinx/collections/immutable/ImmutableMap
instanceKlass androidx/compose/runtime/external/kotlinx/collections/immutable/internal/EndOfChain
instanceKlass androidx/compose/runtime/external/kotlinx/collections/immutable/implementations/persistentOrderedSet/PersistentOrderedSet$Companion
instanceKlass kotlin/collections/AbstractSet$Companion
instanceKlass androidx/compose/runtime/external/kotlinx/collections/immutable/PersistentSet
instanceKlass androidx/compose/runtime/external/kotlinx/collections/immutable/PersistentCollection
instanceKlass androidx/compose/runtime/external/kotlinx/collections/immutable/ImmutableSet
instanceKlass androidx/compose/runtime/external/kotlinx/collections/immutable/ImmutableCollection
instanceKlass androidx/compose/runtime/external/kotlinx/collections/immutable/ExtensionsKt
instanceKlass androidx/compose/runtime/Recomposer$Companion
instanceKlass androidx/compose/runtime/CompositionContext
instanceKlass  @bci androidx/compose/runtime/snapshots/Snapshot$Companion registerGlobalWriteObserver (Lkotlin/jvm/functions/Function1;)Landroidx/compose/runtime/snapshots/ObserverHandle; 57 <appendix> member <vmtarget> ; # androidx/compose/runtime/snapshots/Snapshot$Companion$$Lambda+0x000001441d109000
instanceKlass androidx/compose/runtime/snapshots/ObserverHandle
instanceKlass  @bci androidx/compose/runtime/snapshots/GlobalSnapshot <init> (JLandroidx/compose/runtime/snapshots/SnapshotIdSet;)V 4 <appendix> argL0 ; # androidx/compose/runtime/snapshots/GlobalSnapshot$$Lambda+0x000001441d10b920
instanceKlass androidx/compose/runtime/snapshots/MutableSnapshot$Companion
instanceKlass java/net/DefaultInterface
instanceKlass java/net/InterfaceAddress
instanceKlass androidx/compose/runtime/snapshots/SnapshotWeakSet
instanceKlass androidx/compose/runtime/snapshots/SnapshotDoubleIndexHeap
instanceKlass androidx/compose/runtime/snapshots/SnapshotId_jvmKt
instanceKlass androidx/compose/runtime/snapshots/SnapshotIdSet$Companion
instanceKlass androidx/compose/runtime/SynchronizedObject
instanceKlass androidx/compose/runtime/internal/ThreadMap
instanceKlass androidx/compose/runtime/internal/SnapshotThreadLocalKt
instanceKlass androidx/compose/runtime/internal/SnapshotThreadLocal
instanceKlass  @bci androidx/compose/runtime/snapshots/SnapshotKt <clinit> ()V 0 <appendix> argL0 ; # androidx/compose/runtime/snapshots/SnapshotKt$$Lambda+0x000001441d10f990
instanceKlass androidx/compose/runtime/snapshots/SnapshotIdSet
instanceKlass androidx/compose/runtime/snapshots/SnapshotKt
instanceKlass  @bci androidx/compose/ui/platform/GlobalSnapshotManager ensureStarted ()V 55 <appendix> member <vmtarget> ; # androidx/compose/ui/platform/GlobalSnapshotManager$$Lambda+0x000001441d10f2e8
instanceKlass androidx/compose/runtime/snapshots/Snapshot$Companion
instanceKlass androidx/compose/runtime/snapshots/Snapshot
instanceKlass sun/security/provider/ByteArrayAccess$BE
instanceKlass sun/security/provider/ByteArrayAccess
instanceKlass sun/security/provider/SeedGenerator$1
instanceKlass sun/security/util/MessageDigestSpi2
instanceKlass sun/security/jca/GetInstance$Instance
instanceKlass sun/security/jca/GetInstance
instanceKlass java/security/MessageDigestSpi
instanceKlass androidx/compose/ui/platform/GlobalSnapshotManager_desktopKt
instanceKlass androidx/compose/ui/platform/GlobalSnapshotManager
instanceKlass kotlinx/coroutines/UndispatchedMarker
instanceKlass androidx/compose/runtime/MonotonicFrameClock$DefaultImpls
instanceKlass androidx/compose/runtime/MonotonicFrameClock$Key
instanceKlass androidx/compose/ui/window/YieldFrameClock
instanceKlass androidx/compose/runtime/MonotonicFrameClock
instanceKlass  @bci io/sellmair/evas/EventsImpl$events$dispatchFlow$1 invokeSuspend (Ljava/lang/Object;)Ljava/lang/Object; 97 <appendix> member <vmtarget> ; # io/sellmair/evas/EventsImpl$events$dispatchFlow$1$$Lambda+0x000001441d10cf50
instanceKlass  @bci io/sellmair/evas/EventsImpl$events$dispatchFlow$1 invokeSuspend$lambda$0 (Lkotlin/reflect/KClass;Lkotlinx/coroutines/channels/Channel;Ljava/util/Map;)Lkotlin/Unit; 72 <appendix> member <vmtarget> ; # io/sellmair/evas/EventsImpl$events$dispatchFlow$1$$Lambda+0x000001441d10cd18
instanceKlass kotlin/jvm/JvmClassMappingKt
instanceKlass sun/security/provider/SeedGenerator
instanceKlass  @bci io/sellmair/evas/AtomicSnapshotKt AtomicSnapshotList (Ljava/util/Collection;)Lio/sellmair/evas/AtomicSnapshot; 11 <appendix> argL0 ; # io/sellmair/evas/AtomicSnapshotKt$$Lambda+0x000001441d10c8d0
instanceKlass sun/security/provider/AbstractDrbg$SeederHolder
instanceKlass java/security/DrbgParameters$NextBytes
instanceKlass  @bci io/sellmair/evas/EventsImpl$events$dispatchFlow$1 invokeSuspend (Ljava/lang/Object;)Ljava/lang/Object; 67 <appendix> member <vmtarget> ; # io/sellmair/evas/EventsImpl$events$dispatchFlow$1$$Lambda+0x000001441d10c698
instanceKlass  @bci sun/security/provider/AbstractDrbg <clinit> ()V 12 <appendix> argL0 ; # sun/security/provider/AbstractDrbg$$Lambda+0x000001441d0ef148
instanceKlass  @cpi sun/security/provider/AbstractDrbg 383 form vmentry <vmtarget> ; # java/lang/invoke/LambdaForm$DMH+0x000001441d108c00
instanceKlass io/sellmair/evas/EventsImpl$events$1$1
instanceKlass sun/security/provider/EntropySource
instanceKlass org/jetbrains/compose/devtools/states/NotificationsUIStateKt$launchNotificationsUIState$1$inlined$sam$i$kotlinx_coroutines_flow_FlowCollector$0
instanceKlass kotlin/jvm/internal/FunctionAdapter
instanceKlass sun/security/provider/AbstractDrbg
instanceKlass java/security/DrbgParameters$Instantiation
instanceKlass java/security/DrbgParameters
instanceKlass sun/security/provider/MoreDrbgParameters
instanceKlass org/jetbrains/compose/devtools/states/UINotificationDisposeEvent
instanceKlass io/sellmair/evas/Event
instanceKlass  @bci sun/security/provider/DRBG <init> (Ljava/security/SecureRandomParameters;)V 26 <appendix> argL0 ; # sun/security/provider/DRBG$$Lambda+0x000001441d0edb48
instanceKlass  @bci java/awt/AWTKeyStroke getAWTKeyStroke (Ljava/lang/String;)Ljava/awt/AWTKeyStroke; 330 <appendix> form vmentry <vmtarget> ; # java/lang/invoke/LambdaForm$MH+0x000001441d108000
instanceKlass java/security/SecureRandomSpi
instanceKlass jdk/internal/event/Event
instanceKlass org/jetbrains/compose/devtools/states/NotificationsUIStateKt$launchNotificationsUIState$1$collectReloadErrors$2
instanceKlass kotlinx/coroutines/flow/SubscribedFlowCollector
instanceKlass kotlinx/coroutines/internal/Concurrent_commonKt
instanceKlass kotlinx/coroutines/flow/internal/AbstractSharedFlowSlot
instanceKlass org/jetbrains/compose/devtools/states/NotificationsUIStateKt$launchNotificationsUIState$1$collectUIErrors$2
instanceKlass kotlin/internal/ProgressionUtilKt
instanceKlass kotlin/ranges/IntRange$Companion
instanceKlass kotlin/ranges/IntProgression$Companion
instanceKlass kotlin/ranges/IntProgression
instanceKlass kotlin/ranges/OpenEndRange
instanceKlass kotlin/ranges/ClosedRange
instanceKlass org/jetbrains/compose/reload/core/JavaReleaseFileContent$Companion
instanceKlass org/jetbrains/compose/reload/core/JavaReleaseFileContent
instanceKlass kotlin/collections/builders/MapBuilder$EntryRef
instanceKlass kotlin/jvm/internal/markers/KMutableMap$Entry
instanceKlass kotlin/collections/builders/MapBuilder$Itr
instanceKlass kotlin/jvm/internal/markers/KMutableIterator
instanceKlass kotlin/jvm/internal/markers/KMutableSet
instanceKlass kotlin/text/LinesIterator$State
instanceKlass kotlin/text/LinesIterator
instanceKlass kotlin/text/StringsKt__StringsKt$lineSequence$$inlined$Sequence$1
instanceKlass java/nio/channels/NetworkChannel
instanceKlass sun/nio/ch/SelChImpl
instanceKlass sun/nio/ch/Streams
instanceKlass java/nio/channels/Channels
instanceKlass sun/nio/ch/FileChannelImpl$Closer
instanceKlass sun/nio/ch/NativeThreadSet
instanceKlass java/nio/channels/spi/AbstractInterruptibleChannel
instanceKlass java/nio/channels/InterruptibleChannel
instanceKlass java/nio/channels/ScatteringByteChannel
instanceKlass java/nio/channels/GatheringByteChannel
instanceKlass java/nio/channels/SeekableByteChannel
instanceKlass java/nio/channels/ByteChannel
instanceKlass java/nio/channels/WritableByteChannel
instanceKlass java/nio/channels/ReadableByteChannel
instanceKlass java/nio/channels/Channel
instanceKlass sun/nio/fs/WindowsChannelFactory$Flags
instanceKlass sun/nio/fs/WindowsChannelFactory$1
instanceKlass sun/nio/fs/WindowsChannelFactory
instanceKlass sun/nio/fs/WindowsSecurityDescriptor
instanceKlass java/nio/file/attribute/FileAttribute
instanceKlass kotlin/io/path/PathsKt__PathReadWriteKt
instanceKlass sun/security/util/SecurityProviderConstants
instanceKlass org/jetbrains/compose/reload/core/JdkKt
instanceKlass java/security/Provider$UString
instanceKlass org/jetbrains/compose/reload/core/JavaHome$Companion
instanceKlass java/security/Provider$Service
instanceKlass org/jetbrains/compose/reload/core/JavaHome
instanceKlass sun/security/provider/NativePRNG$NonBlocking
instanceKlass sun/security/provider/NativePRNG$Blocking
instanceKlass sun/security/provider/NativePRNG
instanceKlass sun/security/provider/SunEntries$1
instanceKlass sun/security/provider/SunEntries
instanceKlass java/util/AbstractList$Itr
instanceKlass sun/security/jca/ProviderList$2
instanceKlass jdk/internal/math/FloatingDecimal$ASCIIToBinaryBuffer
instanceKlass jdk/internal/math/FloatingDecimal$PreparedASCIIToBinaryBuffer
instanceKlass jdk/internal/math/FloatingDecimal$ASCIIToBinaryConverter
instanceKlass jdk/internal/math/FloatingDecimal$BinaryToASCIIBuffer
instanceKlass jdk/internal/math/FloatingDecimal$ExceptionalBinaryToASCIIBuffer
instanceKlass jdk/internal/math/FloatingDecimal$BinaryToASCIIConverter
instanceKlass jdk/internal/math/FloatingDecimal
instanceKlass org/jetbrains/compose/devtools/states/ReloadStateActorKt$launchReloadStateActor$1$1$1
instanceKlass javax/security/auth/login/Configuration$Parameters
instanceKlass java/security/Policy$Parameters
instanceKlass java/security/cert/CertStoreParameters
instanceKlass java/security/SecureRandomParameters
instanceKlass java/security/Provider$EngineDescription
instanceKlass kotlinx/coroutines/flow/SharedFlowKt
instanceKlass java/security/Provider$ServiceKey
instanceKlass sun/security/jca/ProviderConfig
instanceKlass sun/security/jca/ProviderList
instanceKlass sun/security/jca/Providers
instanceKlass kotlin/jvm/internal/CallableReference$NoReceiver
instanceKlass java/util/UUID$Holder
instanceKlass java/util/UUID
instanceKlass kotlin/jvm/internal/CallableReference
instanceKlass org/jetbrains/compose/reload/orchestration/OrchestrationMessage$ClientConnected$Companion
instanceKlass org/jetbrains/compose/reload/orchestration/OrchestrationMessageId$Companion
instanceKlass org/jetbrains/compose/reload/orchestration/OrchestrationMessageId
instanceKlass org/jetbrains/compose/reload/orchestration/OrchestrationMessage$RecompileRequest$Companion
instanceKlass kotlinx/coroutines/flow/internal/SafeCollectorKt
instanceKlass org/jetbrains/compose/reload/orchestration/OrchestrationMessage$Companion
instanceKlass  @bci kotlinx/coroutines/flow/internal/SafeCollector_commonKt checkContext (Lkotlinx/coroutines/flow/internal/SafeCollector;Lkotlin/coroutines/CoroutineContext;)V 6 <appendix> member <vmtarget> ; # kotlinx/coroutines/flow/internal/SafeCollector_commonKt$$Lambda+0x000001441d0daf00
instanceKlass  @cpi kotlinx/coroutines/flow/internal/SafeCollector_commonKt 23 form vmentry <vmtarget> ; # java/lang/invoke/LambdaForm$DMH+0x000001441d0d8800
instanceKlass kotlinx/coroutines/flow/internal/SafeCollector_commonKt
instanceKlass  @bci kotlinx/coroutines/flow/internal/SafeCollector <init> (Lkotlinx/coroutines/flow/FlowCollector;Lkotlin/coroutines/CoroutineContext;)V 35 <appendix> argL0 ; # kotlinx/coroutines/flow/internal/SafeCollector$$Lambda+0x000001441d0dfbd8
instanceKlass org/jetbrains/compose/devtools/gradle/GradleRecompilerExtension
instanceKlass  @bci org/jetbrains/compose/reload/core/EncodeUtilsKt decodeToLong ([B)J 49 <appendix> argL0 ; # org/jetbrains/compose/reload/core/EncodeUtilsKt$$Lambda+0x000001441d0df770
instanceKlass kotlinx/coroutines/flow/internal/NoOpContinuation
instanceKlass org/jetbrains/skiko/MainUIDispatcher_awtKt
instanceKlass org/jetbrains/compose/devtools/api/RecompilerExtension
instanceKlass  @bci androidx/compose/ui/window/Application_desktopKt$application$1 invokeSuspend (Ljava/lang/Object;)Ljava/lang/Object; 43 <appendix> member <vmtarget> ; # androidx/compose/ui/window/Application_desktopKt$application$1$$Lambda+0x000001441d0ddf00
instanceKlass  @bci org/jetbrains/compose/devtools/RecompilerKt$launchRecompiler$1 invokeSuspend (Ljava/lang/Object;)Ljava/lang/Object; 63 <appendix> member <vmtarget> ; # org/jetbrains/compose/devtools/RecompilerKt$launchRecompiler$1$$Lambda+0x000001441d0ddcc8
instanceKlass  @cpi androidx/compose/ui/platform/Wrapper_skikoKt 216 form vmentry <vmtarget> ; # java/lang/invoke/LambdaForm$DMH+0x000001441d0d8400
instanceKlass  @bci org/jetbrains/compose/reload/core/TaskKt invokeOnError (Lorg/jetbrains/compose/reload/core/Task;Lkotlin/jvm/functions/Function1;)Lorg/jetbrains/compose/reload/core/Disposable; 19 <appendix> member <vmtarget> ; # org/jetbrains/compose/reload/core/TaskKt$$Lambda+0x000001441d0dda90
instanceKlass org/jetbrains/compose/devtools/states/ReloadCountStateActorKt$launchReloadCountStateActor$1$invokeSuspend$$inlined$filterIsInstance$1$2
instanceKlass androidx/compose/runtime/Composer
instanceKlass kotlinx/coroutines/flow/internal/ChannelFlowTransformLatest$flowCollect$3$1
instanceKlass  @bci org/jetbrains/compose/devtools/RecompilerKt$launchRecompiler$1 invokeSuspend (Ljava/lang/Object;)Ljava/lang/Object; 52 <appendix> argL0 ; # org/jetbrains/compose/devtools/RecompilerKt$launchRecompiler$1$$Lambda+0x000001441d0dd1e0
instanceKlass androidx/compose/ui/window/ApplicationScope
instanceKlass kotlinx/coroutines/EventLoop_commonKt
instanceKlass  @bci org/jetbrains/compose/reload/orchestration/CoroutineExtensionsKt asChannel$lambda$0 (Lorg/jetbrains/compose/reload/orchestration/OrchestrationHandle;)Lkotlinx/coroutines/channels/Channel; 60 <appendix> member <vmtarget> ; # org/jetbrains/compose/reload/orchestration/CoroutineExtensionsKt$$Lambda+0x000001441d0dc8a8
instanceKlass kotlinx/coroutines/AbstractTimeSourceKt
instanceKlass kotlinx/coroutines/flow/internal/SendingCollector
instanceKlass kotlinx/coroutines/GlobalScope
instanceKlass kotlinx/coroutines/EventLoopKt
instanceKlass org/jetbrains/compose/devtools/RestartKt$launchRestartActor$1$invokeSuspend$$inlined$withType$1
instanceKlass kotlinx/coroutines/internal/ThreadLocalKt
instanceKlass  @cpi org/jetbrains/compose/reload/core/EncodeUtilsKt 297 form vmentry <vmtarget> ; # java/lang/invoke/LambdaForm$DMH+0x000001441d0d8000
instanceKlass kotlinx/coroutines/ThreadLocalEventLoop
instanceKlass kotlinx/coroutines/BuildersKt__BuildersKt
instanceKlass kotlinx/coroutines/flow/DistinctFlowImpl$collect$2
instanceKlass androidx/compose/ui/window/Application_desktopKt
instanceKlass kotlinx/coroutines/flow/internal/NullSurrogateKt
instanceKlass org/jetbrains/compose/reload/orchestration/OrchestrationClientRole$Companion
instanceKlass org/jetbrains/compose/reload/orchestration/OrchestrationClientId$Companion
instanceKlass kotlinx/coroutines/flow/FlowKt__TransformKt$onEach$$inlined$unsafeTransform$1$2
instanceKlass org/jetbrains/compose/devtools/ComposableSingletons$UiKt$lambda$1752910654$1
instanceKlass org/jetbrains/compose/reload/orchestration/OrchestrationClientId
instanceKlass org/jetbrains/compose/reload/orchestration/OrchestrationPackage$Introduction$Companion
instanceKlass org/jetbrains/compose/reload/orchestration/OrchestrationPackage$Companion
instanceKlass org/jetbrains/compose/devtools/states/ReloadStateActorKt$launchReloadStateActor$1$2
instanceKlass androidx/compose/runtime/internal/ComposableLambdaImpl
instanceKlass androidx/compose/runtime/internal/ComposableLambda
instanceKlass  @bci org/jetbrains/compose/reload/core/FutureKt getBlocking (Lorg/jetbrains/compose/reload/core/Future;)Lorg/jetbrains/compose/reload/core/Either; 32 <appendix> member <vmtarget> ; # org/jetbrains/compose/reload/core/FutureKt$$Lambda+0x000001441d0d1e58
instanceKlass kotlin/collections/builders/ListBuilderKt
instanceKlass kotlin/collections/builders/MapBuilder$Companion
instanceKlass  @bci org/jetbrains/compose/reload/orchestration/CoroutineExtensionsKt asChannel (Lorg/jetbrains/compose/reload/orchestration/OrchestrationHandle;)Lkotlinx/coroutines/channels/ReceiveChannel; 10 <appendix> member <vmtarget> ; # org/jetbrains/compose/reload/orchestration/CoroutineExtensionsKt$$Lambda+0x000001441d0d1520
instanceKlass kotlin/collections/builders/MapBuilder
instanceKlass kotlin/jvm/internal/markers/KMutableMap
instanceKlass org/jetbrains/compose/devtools/api/ReloadCountState
instanceKlass androidx/compose/runtime/internal/ComposableLambdaKt
instanceKlass org/jetbrains/compose/devtools/ComposableSingletons$UiKt$lambda$-1934966786$1
instanceKlass org/jetbrains/compose/devtools/states/ErrorUIStateKt$launchErrorUIState$1$2$invokeSuspend$$inlined$filterIsInstance$1$2
instanceKlass org/jetbrains/compose/devtools/ComposableSingletons$UiKt
instanceKlass org/jetbrains/compose/devtools/states/ErrorUIStateKt$launchErrorUIState$1$2$1
instanceKlass org/jetbrains/compose/devtools/states/ErrorUIStateKt$launchErrorUIState$1$2$invokeSuspend$$inlined$filterIsInstance$1
instanceKlass org/jetbrains/compose/devtools/UiKt
instanceKlass org/jetbrains/compose/reload/core/EncodeUtilsKt
instanceKlass org/jetbrains/compose/devtools/states/ErrorUIStateKt$launchErrorUIState$1$1$invokeSuspend$$inlined$filterIsInstance$1$2
instanceKlass org/jetbrains/compose/devtools/states/ErrorUIStateKt$launchErrorUIState$1$1$1
instanceKlass org/jetbrains/compose/devtools/states/ErrorUIStateKt$launchErrorUIState$1$1$invokeSuspend$$inlined$filterIsInstance$1
instanceKlass  @bci org/jetbrains/compose/reload/orchestration/IntroductionEncoder decode ([B)Lorg/jetbrains/compose/reload/core/Either; 7 <appendix> argL0 ; # org/jetbrains/compose/reload/orchestration/IntroductionEncoder$$Lambda+0x000001441d0c9448
instanceKlass org/jetbrains/compose/devtools/RecompilerKt
instanceKlass kotlinx/coroutines/flow/internal/NopCollector
instanceKlass org/jetbrains/compose/reload/orchestration/OrchestrationFrameKt$WhenMappings
instanceKlass org/jetbrains/compose/reload/orchestration/IntroductionEncoder
instanceKlass kotlinx/coroutines/flow/FlowKt__MergeKt
instanceKlass org/jetbrains/compose/devtools/states/NotificationsUIState$Key
instanceKlass org/jetbrains/compose/reload/orchestration/BuildTaskResultEncoder
instanceKlass org/jetbrains/compose/devtools/states/NotificationsUIState
instanceKlass org/jetbrains/compose/devtools/states/NotificationsUIStateKt
instanceKlass org/jetbrains/compose/reload/orchestration/CriticalExceptionEncoder
instanceKlass org/jetbrains/compose/devtools/RestartKt
instanceKlass org/jetbrains/compose/reload/orchestration/UIExceptionEncoder
instanceKlass org/jetbrains/compose/devtools/states/ReloadCountStateActorKt$launchReloadCountStateActor$1$invokeSuspend$$inlined$filterIsInstance$1
instanceKlass kotlin/time/Instant$Companion
instanceKlass org/jetbrains/compose/reload/orchestration/UIRenderedEncoder
instanceKlass kotlinx/coroutines/flow/FlowKt__TransformKt$onEach$$inlined$unsafeTransform$1
instanceKlass kotlin/time/Instant
instanceKlass kotlinx/coroutines/flow/FlowKt__TransformKt
instanceKlass kotlin/time/jdk8/InstantConversionsJDK8Kt
instanceKlass org/jetbrains/compose/reload/orchestration/InvalidatedComposeGroupMessageEncoder
instanceKlass java/time/Clock
instanceKlass java/time/InstantSource
instanceKlass java/time/Instant
instanceKlass java/time/temporal/TemporalAdjuster
instanceKlass java/time/temporal/Temporal
instanceKlass kotlin/internal/jdk8/JDK8PlatformImplementations$getSystemClock$1
instanceKlass org/jetbrains/compose/reload/core/Logger$Log
instanceKlass org/jetbrains/compose/reload/orchestration/LogMessageEncoder
instanceKlass kotlinx/coroutines/flow/DistinctFlowImpl
instanceKlass kotlin/internal/jdk8/JDK8PlatformImplementations$ReflectSdkVersion
instanceKlass  @bci kotlinx/coroutines/flow/FlowKt__DistinctKt <clinit> ()V 8 <appendix> argL0 ; # kotlinx/coroutines/flow/FlowKt__DistinctKt$$Lambda+0x000001441d0cc000
instanceKlass kotlin/internal/PlatformImplementations
instanceKlass org/jetbrains/compose/reload/orchestration/ReloadClassesResultEncoder
instanceKlass  @cpi androidx/compose/ui/node/LayoutNode 1785 form vmentry <vmtarget> ; # java/lang/invoke/LambdaForm$DMH+0x000001441d0c8000
instanceKlass kotlin/internal/PlatformImplementationsKt
instanceKlass  @bci kotlinx/coroutines/flow/FlowKt__DistinctKt <clinit> ()V 0 <appendix> argL0 ; # kotlinx/coroutines/flow/FlowKt__DistinctKt$$Lambda+0x000001441d0c70f8
instanceKlass kotlin/time/InstantJvmKt
instanceKlass kotlin/time/Clock$System
instanceKlass kotlin/time/Clock
instanceKlass kotlinx/coroutines/flow/FlowKt__DistinctKt
instanceKlass org/jetbrains/compose/reload/orchestration/ScreenshotEncoder
instanceKlass org/jetbrains/compose/devtools/states/ReloadUIState$Key
instanceKlass org/jetbrains/compose/devtools/states/ReloadUIState
instanceKlass kotlinx/coroutines/flow/AbstractFlow
instanceKlass org/jetbrains/compose/reload/orchestration/AckMessageEncoder
instanceKlass org/jetbrains/compose/devtools/states/ReloadUIStateKt
instanceKlass org/jetbrains/compose/devtools/states/ReloadStateActorKt
instanceKlass org/jetbrains/compose/devtools/UtilsKt
instanceKlass  @bci org/jetbrains/compose/devtools/api/ReloadState <clinit> ()V 41 <appendix> argL0 ; # org/jetbrains/compose/devtools/api/ReloadState$$Lambda+0x000001441d0c4150
instanceKlass org/jetbrains/compose/reload/orchestration/RestartRequestEncoder
instanceKlass org/jetbrains/compose/devtools/states/ReloadCountUIState$Key
instanceKlass org/jetbrains/compose/reload/orchestration/RetryFailedCompositionRequestEncoder
instanceKlass org/jetbrains/compose/devtools/states/ReloadCountUIState
instanceKlass org/jetbrains/compose/devtools/states/ReloadCountUIStateKt
instanceKlass org/jetbrains/compose/devtools/api/ReloadState
instanceKlass kotlinx/coroutines/intrinsics/CancellableKt
instanceKlass org/jetbrains/compose/reload/orchestration/CleanCompositionRequestEncoder
instanceKlass kotlinx/coroutines/CancellableContinuationImplKt
instanceKlass kotlinx/coroutines/channels/ReceiveCatching
instanceKlass org/jetbrains/compose/devtools/states/ReloadCountStateActorKt
instanceKlass org/jetbrains/compose/reload/orchestration/PingEncoder
instanceKlass kotlinx/coroutines/selects/SelectInstance
instanceKlass org/jetbrains/compose/reload/orchestration/TakeScreenshotRequestEncoder
instanceKlass org/jetbrains/compose/devtools/states/ErrorUIState$Key
instanceKlass org/jetbrains/compose/reload/orchestration/ReloadClassesRequestEncoder
instanceKlass org/jetbrains/compose/devtools/states/ErrorUIState
instanceKlass org/jetbrains/compose/devtools/api/WindowsState
instanceKlass org/jetbrains/compose/devtools/states/ErrorUIStateKt
instanceKlass org/jetbrains/compose/reload/orchestration/TestEventEncoder$Companion
instanceKlass kotlinx/coroutines/InactiveNodeList
instanceKlass org/jetbrains/compose/reload/orchestration/TestEventEncoder
instanceKlass org/jetbrains/compose/reload/orchestration/BuildFinishedEncoder
instanceKlass org/jetbrains/compose/devtools/states/WindowsUIState$Key
instanceKlass kotlinx/coroutines/channels/ProduceKt$awaitClose$4$1
instanceKlass org/jetbrains/compose/reload/orchestration/BuildStartedEncoder
instanceKlass  @bci org/jetbrains/compose/reload/orchestration/CoroutineExtensionsKt$asFlow$1 invokeSuspend (Ljava/lang/Object;)Ljava/lang/Object; 100 <appendix> member <vmtarget> ; # org/jetbrains/compose/reload/orchestration/CoroutineExtensionsKt$asFlow$1$$Lambda+0x000001441d0bd120
instanceKlass org/jetbrains/compose/reload/orchestration/RecompileResultEncoder
instanceKlass org/jetbrains/compose/devtools/states/WindowsUIState
instanceKlass org/jetbrains/compose/reload/orchestration/RecompileRequestEncoder
instanceKlass org/jetbrains/compose/devtools/states/WindowsUIStateKt
instanceKlass org/jetbrains/compose/reload/orchestration/ClientDisconnectedEncoder
instanceKlass kotlinx/coroutines/JobSupport$Finishing
instanceKlass kotlinx/coroutines/internal/Removed
instanceKlass org/jetbrains/compose/reload/orchestration/ClientConnectedEncoder
instanceKlass org/jetbrains/compose/reload/orchestration/OrchestrationMessageClassifier$Companion
instanceKlass kotlinx/coroutines/internal/ConcurrentLinkedListKt
instanceKlass org/jetbrains/compose/devtools/states/ConsoleLogUIStateKt$launchConsoleLogUIState$1$1
instanceKlass kotlinx/coroutines/flow/internal/FusibleFlow$DefaultImpls
instanceKlass kotlinx/coroutines/CancellableContinuationKt
instanceKlass kotlinx/coroutines/flow/FlowKt__ContextKt
instanceKlass org/jetbrains/compose/reload/orchestration/OrchestrationMessageClassifier
instanceKlass org/jetbrains/compose/reload/orchestration/CoroutineExtensionsKt
instanceKlass org/jetbrains/compose/reload/orchestration/OrchestrationMessageEncodersKt
instanceKlass kotlinx/coroutines/channels/BufferedChannel$BufferedChannelIterator
instanceKlass kotlinx/coroutines/channels/ChannelIterator
instanceKlass io/sellmair/evas/StateProducerScope
instanceKlass kotlinx/coroutines/flow/FlowKt__ChannelsKt
instanceKlass org/jetbrains/compose/reload/orchestration/ShutdownRequestEncoder
instanceKlass kotlinx/coroutines/internal/DispatchedContinuationKt
instanceKlass kotlinx/coroutines/channels/ProducerScope
instanceKlass org/jetbrains/compose/reload/orchestration/OrchestrationMessageEncoder
instanceKlass  @bci org/jetbrains/compose/reload/orchestration/OrchestrationMessageEncoderKt <clinit> ()V 51 <appendix> argL0 ; # org/jetbrains/compose/reload/orchestration/OrchestrationMessageEncoderKt$$Lambda+0x000001441d0b5f50
instanceKlass kotlinx/coroutines/internal/ConcurrentLinkedListNode
instanceKlass  @bci org/jetbrains/compose/reload/orchestration/OrchestrationMessageEncoderKt <clinit> ()V 40 <appendix> argL0 ; # org/jetbrains/compose/reload/orchestration/OrchestrationMessageEncoderKt$$Lambda+0x000001441d0b5680
instanceKlass  @bci org/jetbrains/compose/reload/orchestration/OrchestrationMessageEncoderKt <clinit> ()V 29 <appendix> argL0 ; # org/jetbrains/compose/reload/orchestration/OrchestrationMessageEncoderKt$$Lambda+0x000001441d0b5450
instanceKlass kotlinx/coroutines/channels/BufferedChannelKt
instanceKlass org/jetbrains/compose/reload/orchestration/OrchestrationMessageEncoderKt
instanceKlass kotlinx/coroutines/channels/Channel$Factory
instanceKlass org/jetbrains/compose/reload/orchestration/OrchestrationPackage
instanceKlass org/jetbrains/compose/reload/orchestration/OrchestrationFrameKt
instanceKlass org/jetbrains/compose/reload/orchestration/OrchestrationFrame
instanceKlass kotlin/collections/AbstractList$IteratorImpl
instanceKlass org/jetbrains/compose/reload/orchestration/OrchestrationPackageType$Companion
instanceKlass kotlinx/coroutines/channels/BufferedChannel
instanceKlass kotlinx/coroutines/channels/Channel
instanceKlass kotlinx/coroutines/channels/ReceiveChannel
instanceKlass kotlinx/coroutines/channels/SendChannel
instanceKlass kotlinx/coroutines/channels/ChannelKt
instanceKlass kotlinx/coroutines/channels/ProduceKt
instanceKlass kotlinx/coroutines/flow/ThrowingCollector
instanceKlass kotlinx/coroutines/flow/FlowKt__EmittersKt
instanceKlass kotlinx/coroutines/flow/FlowKt__CollectKt
instanceKlass kotlinx/coroutines/flow/internal/AbstractSharedFlow
instanceKlass kotlinx/coroutines/flow/CancellableFlow
instanceKlass  @bci org/jetbrains/compose/devtools/LoggingKt$startLoggingDispatch$1 invokeSuspend (Ljava/lang/Object;)Ljava/lang/Object; 141 <appendix> argL0 ; # org/jetbrains/compose/devtools/LoggingKt$startLoggingDispatch$1$$Lambda+0x000001441d0b0420
instanceKlass kotlinx/coroutines/flow/MutableStateFlow
instanceKlass kotlinx/coroutines/flow/MutableSharedFlow
instanceKlass kotlinx/coroutines/flow/FlowCollector
instanceKlass kotlinx/coroutines/flow/StateFlow
instanceKlass kotlinx/coroutines/flow/SharedFlow
instanceKlass org/jetbrains/compose/reload/core/StateKt$map$1
instanceKlass org/jetbrains/compose/reload/core/StateKt
instanceKlass kotlinx/coroutines/flow/StateFlowKt
instanceKlass  @bci org/jetbrains/compose/reload/orchestration/OrchestrationStateStorage getDecodedState (Lorg/jetbrains/compose/reload/orchestration/OrchestrationStateKey;)Lorg/jetbrains/compose/reload/core/State; 43 <appendix> member <vmtarget> ; # org/jetbrains/compose/reload/orchestration/OrchestrationStateStorage$$Lambda+0x000001441d0ad670
instanceKlass kotlin/collections/MapWithDefault
instanceKlass org/jetbrains/compose/reload/orchestration/OrchestrationStateStorageKt
instanceKlass kotlinx/coroutines/flow/internal/ChannelFlow
instanceKlass kotlinx/coroutines/flow/internal/FusibleFlow
instanceKlass kotlinx/coroutines/flow/Flow
instanceKlass org/jetbrains/compose/reload/core/MutableState$State
instanceKlass org/jetbrains/compose/reload/core/MutableState
instanceKlass org/jetbrains/compose/reload/core/State
instanceKlass kotlinx/coroutines/flow/FlowKt__BuildersKt
instanceKlass kotlin/collections/EmptySet
instanceKlass kotlinx/coroutines/flow/FlowKt
instanceKlass org/jetbrains/compose/reload/core/Type
instanceKlass org/jetbrains/compose/reload/core/TypeKt
instanceKlass kotlin/jvm/internal/TypeReference$Companion
instanceKlass kotlin/jvm/internal/TypeReference
instanceKlass kotlin/Pair
instanceKlass kotlin/TuplesKt
instanceKlass java/util/Arrays$ArrayItr
instanceKlass kotlin/jvm/functions/Function22
instanceKlass kotlin/jvm/functions/Function21
instanceKlass kotlin/jvm/functions/Function20
instanceKlass io/sellmair/evas/StateProducerScopeKt
instanceKlass kotlin/jvm/functions/Function19
instanceKlass kotlin/jvm/functions/Function18
instanceKlass kotlin/jvm/internal/TypeIntrinsics
instanceKlass kotlin/jvm/functions/Function17
instanceKlass kotlin/jvm/functions/Function16
instanceKlass kotlin/jvm/functions/Function15
instanceKlass  @bci kotlinx/coroutines/internal/ThreadContextKt <clinit> ()V 28 <appendix> argL0 ; # kotlinx/coroutines/internal/ThreadContextKt$$Lambda+0x000001441d0a9f48
instanceKlass kotlin/jvm/functions/Function14
instanceKlass kotlin/jvm/functions/Function13
instanceKlass kotlinx/coroutines/internal/ThreadState
instanceKlass kotlin/jvm/functions/Function12
instanceKlass  @bci kotlinx/coroutines/internal/ThreadContextKt <clinit> ()V 20 <appendix> argL0 ; # kotlinx/coroutines/internal/ThreadContextKt$$Lambda+0x000001441d0a92b8
instanceKlass kotlin/jvm/functions/Function11
instanceKlass kotlin/jvm/functions/Function10
instanceKlass kotlin/jvm/functions/Function9
instanceKlass kotlin/jvm/functions/Function8
instanceKlass  @bci kotlinx/coroutines/internal/ThreadContextKt <clinit> ()V 12 <appendix> argL0 ; # kotlinx/coroutines/internal/ThreadContextKt$$Lambda+0x000001441d0a8a58
instanceKlass kotlin/jvm/functions/Function7
instanceKlass  @cpi androidx/compose/ui/text/SaversKt 1136 form vmentry <vmtarget> ; # java/lang/invoke/LambdaForm$DMH+0x000001441d0ac000
instanceKlass kotlin/jvm/functions/Function6
instanceKlass kotlin/jvm/functions/Function5
instanceKlass kotlin/jvm/functions/Function4
instanceKlass kotlinx/coroutines/internal/ThreadContextKt
instanceKlass kotlin/jvm/internal/ClassReference$Companion
instanceKlass kotlinx/coroutines/intrinsics/UndispatchedKt
instanceKlass kotlinx/coroutines/CoroutineStart$WhenMappings
instanceKlass kotlin/jvm/internal/ClassReference
instanceKlass kotlin/jvm/internal/ClassBasedDeclarationContainer
instanceKlass  @bci java/lang/ProcessHandleImpl privilegedThreadSetName (Ljava/lang/Thread;Ljava/lang/String;)V 2 <appendix> member <vmtarget> ; # java/lang/ProcessHandleImpl$$Lambda+0x000001441d03f348
instanceKlass kotlin/reflect/KMutableProperty0
instanceKlass kotlin/reflect/KProperty0
instanceKlass kotlinx/coroutines/CopyableThreadContextElement
instanceKlass kotlin/reflect/KTypeParameter
instanceKlass kotlin/reflect/KMutableProperty2
instanceKlass kotlin/reflect/KProperty2
instanceKlass  @bci kotlinx/coroutines/CoroutineContextKt hasCopyableElements (Lkotlin/coroutines/CoroutineContext;)Z 5 <appendix> argL0 ; # kotlinx/coroutines/CoroutineContextKt$$Lambda+0x000001441d0a7a98
instanceKlass  @cpi androidx/compose/foundation/layout/Arrangement 69 form vmentry <vmtarget> ; # java/lang/invoke/LambdaForm$DMH+0x000001441d0a1000
instanceKlass kotlin/reflect/KMutableProperty1
instanceKlass kotlin/reflect/KMutableProperty
instanceKlass  @bci java/lang/ProcessHandleImpl onExit ()Ljava/util/concurrent/CompletableFuture; 29 <appendix> member <vmtarget> ; # java/lang/ProcessHandleImpl$$Lambda+0x000001441d03eb10
instanceKlass kotlin/reflect/KProperty1
instanceKlass kotlin/reflect/KProperty
instanceKlass  @bci androidx/compose/animation/core/InfiniteTransition run$animation_core (Landroidx/compose/runtime/Composer;I)V 358 <appendix> form vmentry <vmtarget> ; # java/lang/invoke/LambdaForm$DMH+0x000001441d0a0c00
instanceKlass kotlinx/coroutines/CoroutineContextKt
instanceKlass kotlin/reflect/KType
instanceKlass kotlin/reflect/KClass
instanceKlass kotlin/reflect/KDeclarationContainer
instanceKlass kotlinx/coroutines/BuildersKt__Builders_commonKt
instanceKlass kotlin/reflect/KFunction
instanceKlass kotlin/reflect/KCallable
instanceKlass kotlin/reflect/KAnnotatedElement
instanceKlass kotlinx/coroutines/BuildersKt
instanceKlass kotlin/jvm/internal/ReflectionFactory
instanceKlass  @bci java/lang/ProcessHandleImpl privilegedThreadSetDaemon (Ljava/lang/Thread;Z)V 2 <appendix> member <vmtarget> ; # java/lang/ProcessHandleImpl$$Lambda+0x000001441d03e8d8
instanceKlass kotlin/reflect/KClassifier
instanceKlass  @cpi java/lang/ProcessHandleImpl 411 form vmentry <vmtarget> ; # java/lang/invoke/LambdaForm$DMH+0x000001441d0a0800
instanceKlass kotlin/jvm/internal/Reflection
instanceKlass io/sellmair/evas/StateProducerStarted$Companion
instanceKlass io/sellmair/evas/StateProducerStarted
instanceKlass org/jetbrains/compose/reload/orchestration/OrchestrationStateId$Companion
instanceKlass io/sellmair/evas/HotStateProducerKt
instanceKlass org/jetbrains/compose/reload/orchestration/OrchestrationStateId
instanceKlass org/jetbrains/compose/reload/orchestration/OrchestrationStateKey
instanceKlass org/jetbrains/compose/devtools/states/ConsoleLogUIState$Key
instanceKlass io/sellmair/evas/State$Key
instanceKlass org/jetbrains/compose/devtools/states/ConsoleLogUIState
instanceKlass org/jetbrains/compose/reload/orchestration/OrchestrationLoggerState
instanceKlass org/jetbrains/compose/reload/orchestration/OrchestrationState
instanceKlass io/sellmair/evas/State
instanceKlass java/lang/ProcessHandleImpl$1
instanceKlass org/jetbrains/compose/devtools/states/ConsoleLogUIStateKt
instanceKlass java/lang/Thread$ThreadNumbering
instanceKlass kotlin/concurrent/ThreadsKt
instanceKlass  @bci androidx/compose/ui/window/DialogState_desktopKt rememberDialogState-eVKgIn8 (Landroidx/compose/ui/window/WindowPosition;JLandroidx/compose/runtime/Composer;II)Landroidx/compose/ui/window/DialogState; 222 <adapter> ; # java/lang/invoke/LambdaForm$MH+0x000001441d0a0400
instanceKlass org/jetbrains/compose/reload/core/Os$Companion
instanceKlass  @bci androidx/compose/ui/window/DialogState_desktopKt rememberDialogState-eVKgIn8 (Landroidx/compose/ui/window/WindowPosition;JLandroidx/compose/runtime/Composer;II)Landroidx/compose/ui/window/DialogState; 222 <appendix> form vmentry <vmtarget> ; # java/lang/invoke/LambdaForm$DMH+0x000001441d0a0000
instanceKlass  @bci org/jetbrains/compose/devtools/ProcessKt bindParentProcess ()V 128 <appendix> member <vmtarget> ; # org/jetbrains/compose/devtools/ProcessKt$$Lambda+0x000001441d09dcf8
instanceKlass kotlin/collections/ArraysUtilJVM
instanceKlass kotlin/jvm/optionals/OptionalsKt
instanceKlass  @bci org/jetbrains/compose/devtools/ProcessKt setupOrchestration ()V 6 <appendix> argL0 ; # org/jetbrains/compose/devtools/ProcessKt$$Lambda+0x000001441d09cb80
instanceKlass org/jetbrains/compose/devtools/LoggingKt
instanceKlass org/jetbrains/compose/reload/orchestration/MagicKt
instanceKlass  @bci org/jetbrains/compose/reload/core/TaskKt launchOnStop (Lorg/jetbrains/compose/reload/core/Task;Ljava/lang/String;Lkotlin/jvm/functions/Function3;)Lorg/jetbrains/compose/reload/core/Disposable; 21 <appendix> member <vmtarget> ; # org/jetbrains/compose/reload/core/TaskKt$$Lambda+0x000001441d09b760
instanceKlass  @bci org/jetbrains/compose/reload/orchestration/OrchestrationServerKt$OrchestrationServer$task$1$5$1$1 invokeSuspend (Ljava/lang/Object;)Ljava/lang/Object; 239 <appendix> member <vmtarget> ; # org/jetbrains/compose/reload/orchestration/OrchestrationServerKt$OrchestrationServer$task$1$5$1$1$$Lambda+0x000001441d09b528
instanceKlass org/jetbrains/compose/reload/orchestration/OrchestrationVersion$Companion
instanceKlass org/jetbrains/compose/reload/orchestration/OrchestrationVersion
instanceKlass sun/nio/ch/IOStatus
instanceKlass sun/nio/ch/Util$BufferCache
instanceKlass sun/nio/ch/Util
instanceKlass jdk/internal/util/ByteArray
instanceKlass  @bci org/jetbrains/compose/reload/orchestration/OrchestrationIOImpl <init> (Ljava/net/Socket;Lorg/jetbrains/compose/reload/core/WorkerThread;Lorg/jetbrains/compose/reload/core/WorkerThread;)V 72 <appendix> member <vmtarget> ; # org/jetbrains/compose/reload/orchestration/OrchestrationIOImpl$$Lambda+0x000001441d09a3b0
instanceKlass  @bci org/jetbrains/compose/reload/orchestration/OrchestrationIOImpl <init> (Ljava/net/Socket;Lorg/jetbrains/compose/reload/core/WorkerThread;Lorg/jetbrains/compose/reload/core/WorkerThread;)V 55 <appendix> member <vmtarget> ; # org/jetbrains/compose/reload/orchestration/OrchestrationIOImpl$$Lambda+0x000001441d09a178
instanceKlass org/jetbrains/compose/reload/orchestration/OrchestrationIOImpl
instanceKlass org/jetbrains/compose/reload/orchestration/OrchestrationIOKt
instanceKlass sun/nio/ch/ExtendedSocketOption$1
instanceKlass sun/nio/ch/ExtendedSocketOption
instanceKlass sun/nio/ch/OptionKey
instanceKlass sun/nio/ch/SocketOptionRegistry$LazyInitialization
instanceKlass sun/nio/ch/SocketOptionRegistry$RegistryKey
instanceKlass sun/nio/ch/SocketOptionRegistry
instanceKlass java/net/NetworkInterface
instanceKlass java/net/StandardSocketOptions$StdSocketOption
instanceKlass java/net/StandardSocketOptions
instanceKlass org/jetbrains/compose/reload/orchestration/SocketDefaultsKt
instanceKlass sun/net/spi/DefaultProxySelector$3
instanceKlass sun/net/spi/DefaultProxySelector$NonProxyInfo
instanceKlass sun/net/NetProperties$1
instanceKlass sun/net/NetProperties
instanceKlass sun/net/spi/DefaultProxySelector$1
instanceKlass java/net/Proxy
instanceKlass java/net/ProxySelector
instanceKlass java/net/SocksSocketImpl$3
instanceKlass java/net/SocksConsts
instanceKlass org/jetbrains/compose/reload/core/CoroutinesKt$withThread$lambda$0$$inlined$Continuation$1
instanceKlass  @bci org/jetbrains/compose/reload/core/CoroutinesKt withThread (Lorg/jetbrains/compose/reload/core/WorkerThread;ZLkotlin/jvm/functions/Function1;Lkotlin/coroutines/Continuation;)Ljava/lang/Object; 179 <appendix> member <vmtarget> ; # org/jetbrains/compose/reload/core/CoroutinesKt$$Lambda+0x000001441d099650
instanceKlass org/jetbrains/compose/reload/orchestration/OrchestrationIO$Companion
instanceKlass org/jetbrains/compose/reload/orchestration/OrchestrationIO
instanceKlass  @bci org/jetbrains/compose/reload/core/ActorImpl process (Lkotlin/jvm/functions/Function2;Lkotlin/coroutines/Continuation;)Ljava/lang/Object; 635 <appendix> member <vmtarget> ; # org/jetbrains/compose/reload/core/ActorImpl$$Lambda+0x000001441d098a78
instanceKlass kotlin/collections/ArraysKt__ArraysJVMKt
instanceKlass org/jetbrains/compose/reload/core/ActorImpl$Element
instanceKlass java/util/Collections$UnmodifiableMap$UnmodifiableEntrySet$UnmodifiableEntry
instanceKlass java/util/Collections$UnmodifiableMap$UnmodifiableEntrySet$1
instanceKlass org/jetbrains/compose/reload/core/QueueImpl$SuspendedReceiver
instanceKlass java/util/Collections$SynchronizedCollection
instanceKlass java/util/Properties$EntrySet
instanceKlass  @bci org/jetbrains/compose/reload/core/QueueImpl receive (Lkotlin/coroutines/Continuation;)Ljava/lang/Object; 184 <appendix> member <vmtarget> ; # org/jetbrains/compose/reload/core/QueueImpl$$Lambda+0x000001441d095218
instanceKlass org/jetbrains/compose/reload/orchestration/OrchestrationListenerKt
instanceKlass sun/nio/ch/NativeThread
instanceKlass java/net/Socket
instanceKlass  @bci org/jetbrains/compose/reload/core/ActorImpl process (Lkotlin/jvm/functions/Function2;Lkotlin/coroutines/Continuation;)Ljava/lang/Object; 311 <appendix> member <vmtarget> ; # org/jetbrains/compose/reload/core/ActorImpl$$Lambda+0x000001441d097780
instanceKlass org/jetbrains/compose/reload/core/TaskKt$isActive$lambda$0$$inlined$Continuation$1
instanceKlass  @bci org/jetbrains/compose/reload/core/Disposable$Companion empty_delegate$lambda$0 ()Lorg/jetbrains/compose/reload/core/Disposable; 0 <appendix> argL0 ; # org/jetbrains/compose/reload/core/Disposable$Companion$$Lambda+0x000001441d0968a0
instanceKlass  @bci org/jetbrains/compose/reload/core/Disposable$Companion <clinit> ()V 10 <appendix> argL0 ; # org/jetbrains/compose/reload/core/Disposable$Companion$$Lambda+0x000001441d096670
instanceKlass org/jetbrains/compose/reload/core/FutureKt$invokeOnCompletion$1$1
instanceKlass org/jetbrains/compose/reload/core/Disposable$Companion
instanceKlass kotlin/coroutines/jvm/internal/Boxing
instanceKlass sun/net/NetHooks
instanceKlass  @bci sun/nio/ch/NioSocketImpl closerFor (Ljava/io/FileDescriptor;Z)Ljava/lang/Runnable; 5 <appendix> member <vmtarget> ; # sun/nio/ch/NioSocketImpl$$Lambda+0x000001441d036fe0
instanceKlass jdk/net/ExtendedSocketOptions$2
instanceKlass jdk/net/ExtendedSocketOptions$PlatformSocketOptions
instanceKlass jdk/net/ExtendedSocketOptions$ExtSocketOption
instanceKlass java/net/SocketOption
instanceKlass jdk/net/ExtendedSocketOptions
instanceKlass sun/net/ext/ExtendedSocketOptions
instanceKlass java/net/Inet6Address$Inet6AddressHolder
instanceKlass sun/nio/ch/Net$1
instanceKlass java/net/ProtocolFamily
instanceKlass sun/nio/ch/Net
instanceKlass java/net/InetSocketAddress$InetSocketAddressHolder
instanceKlass java/net/InetAddress$PlatformResolver
instanceKlass java/net/spi/InetAddressResolver
instanceKlass java/net/spi/InetAddressResolver$LookupPolicy
instanceKlass java/net/Inet4AddressImpl
instanceKlass java/net/Inet6AddressImpl
instanceKlass java/net/InetAddressImpl
instanceKlass java/util/concurrent/ConcurrentSkipListMap$Node
instanceKlass java/util/concurrent/ConcurrentSkipListMap$Index
instanceKlass java/util/concurrent/ConcurrentNavigableMap
instanceKlass java/net/InetAddress$InetAddressHolder
instanceKlass java/net/InetAddress$1
instanceKlass jdk/internal/access/JavaNetInetAddressAccess
instanceKlass java/net/InetAddress
instanceKlass java/net/SocketAddress
instanceKlass kotlin/coroutines/jvm/internal/CompletedContinuation
instanceKlass kotlinx/coroutines/CompletedContinuation
instanceKlass kotlinx/coroutines/CancelHandler
instanceKlass kotlinx/coroutines/CompletedExceptionally
instanceKlass kotlinx/coroutines/CompletionStateKt
instanceKlass kotlin/collections/EmptyIterator
instanceKlass kotlinx/coroutines/DispatchedTaskKt
instanceKlass  @bci org/jetbrains/compose/reload/core/CoroutinesKt suspendStoppableCoroutine$lambda$0 (Lorg/jetbrains/compose/reload/core/AsyncTraces;Lkotlin/jvm/internal/Ref$ObjectRef;Lorg/jetbrains/compose/reload/core/Task;Lkotlin/jvm/functions/Function1;Lkotlin/coroutines/Continuation;)Lkotlin/Unit; 43 <appendix> member <vmtarget> ; # org/jetbrains/compose/reload/core/CoroutinesKt$$Lambda+0x000001441d0920d8
# instanceKlass org/jetbrains/compose/reload/core/CoroutinesKt$$Lambda+0x000001441d091ea0
instanceKlass org/jetbrains/compose/reload/core/SelectContinuation
instanceKlass kotlinx/coroutines/Active
instanceKlass kotlinx/coroutines/NotCompleted
instanceKlass kotlinx/coroutines/scheduling/Task
instanceKlass kotlinx/coroutines/Waiter
instanceKlass kotlinx/coroutines/CancellableContinuation
instanceKlass org/jetbrains/compose/reload/core/KotlinxCoroutinesKt
instanceKlass  @bci androidx/compose/animation/core/InfiniteTransitionKt animateValue (Landroidx/compose/animation/core/InfiniteTransition;Ljava/lang/Object;Ljava/lang/Object;Landroidx/compose/animation/core/TwoWayConverter;Landroidx/compose/animation/core/InfiniteRepeatableSpec;Ljava/lang/String;Landroidx/compose/runtime/Composer;II)Landroidx/compose/runtime/State; 337 <appendix> form vmentry <vmtarget> ; # java/lang/invoke/LambdaForm$DMH+0x000001441d094000
# instanceKlass org/jetbrains/compose/reload/core/CoroutinesKt$$Lambda+0x000001441d0904d8
instanceKlass  @bci org/jetbrains/compose/reload/core/CoroutinesKt suspendStoppableCoroutine (Lkotlin/jvm/functions/Function1;Lkotlin/coroutines/Continuation;)Ljava/lang/Object; 207 <appendix> member <vmtarget> ; # org/jetbrains/compose/reload/core/CoroutinesKt$$Lambda+0x000001441d0902a0
instanceKlass  @bci org/jetbrains/compose/reload/orchestration/OrchestrationServerKt$OrchestrationServer$task$1$4 invokeSuspend (Ljava/lang/Object;)Ljava/lang/Object; 62 <appendix> member <vmtarget> ; # org/jetbrains/compose/reload/orchestration/OrchestrationServerKt$OrchestrationServer$task$1$4$$Lambda+0x000001441d08bd38
instanceKlass org/jetbrains/compose/reload/core/CoroutinesKt
instanceKlass  @bci org/jetbrains/compose/reload/core/FutureImpl await (Lkotlin/coroutines/Continuation;)Ljava/lang/Object; 147 <appendix> member <vmtarget> ; # org/jetbrains/compose/reload/core/FutureImpl$$Lambda+0x000001441d08b8e8
instanceKlass kotlin/jvm/internal/Ref$ObjectRef
instanceKlass sun/nio/ch/IOUtil
instanceKlass org/jetbrains/compose/reload/core/TryKt
instanceKlass sun/nio/ch/NativeDispatcher
instanceKlass sun/net/PlatformSocketImpl
instanceKlass org/jetbrains/compose/reload/core/EitherKt
instanceKlass java/net/SocketImpl
instanceKlass java/net/SocketOptions
instanceKlass java/net/ServerSocket
instanceKlass java/util/concurrent/ForkJoinTask$Aux
instanceKlass  @bci org/jetbrains/compose/reload/core/TaskImpl subtask (Ljava/lang/String;Lkotlin/coroutines/CoroutineContext;Lkotlin/jvm/functions/Function2;)Lorg/jetbrains/compose/reload/core/Task; 329 <appendix> member <vmtarget> ; # org/jetbrains/compose/reload/core/TaskImpl$$Lambda+0x000001441d08a6a8
instanceKlass  @bci org/jetbrains/compose/reload/core/FutureKt getBlocking-HG0u8IE (Lorg/jetbrains/compose/reload/core/Future;J)Lorg/jetbrains/compose/reload/core/Either; 32 <appendix> member <vmtarget> ; # org/jetbrains/compose/reload/core/FutureKt$$Lambda+0x000001441d08a470
instanceKlass  @bci org/jetbrains/compose/reload/core/TaskKt invokeOnStop (Lorg/jetbrains/compose/reload/core/Task;Lkotlin/jvm/functions/Function1;)Lorg/jetbrains/compose/reload/core/Disposable; 19 <appendix> member <vmtarget> ; # org/jetbrains/compose/reload/core/TaskKt$$Lambda+0x000001441d08a238
instanceKlass java/util/concurrent/CompletableFuture$AsynchronousCompletionTask
instanceKlass  @bci org/jetbrains/compose/reload/core/TaskImpl subtask (Ljava/lang/String;Lkotlin/coroutines/CoroutineContext;Lkotlin/jvm/functions/Function2;)Lorg/jetbrains/compose/reload/core/Task; 312 <appendix> member <vmtarget> ; # org/jetbrains/compose/reload/core/TaskImpl$$Lambda+0x000001441d08a000
instanceKlass java/util/concurrent/CompletableFuture$AltResult
instanceKlass kotlin/time/DurationUnitKt__DurationUnitJvmKt
instanceKlass org/jetbrains/compose/reload/core/WorkerThreadDispatcherKt
instanceKlass  @bci org/jetbrains/compose/reload/core/TaskKt launchOnFinish (Lorg/jetbrains/compose/reload/core/Task;Ljava/lang/String;Lkotlin/jvm/functions/Function3;)Lorg/jetbrains/compose/reload/core/Disposable; 21 <appendix> member <vmtarget> ; # org/jetbrains/compose/reload/core/TaskKt$$Lambda+0x000001441d08edb8
instanceKlass kotlin/time/DurationKt
instanceKlass  @bci androidx/compose/ui/layout/WindowInsetsRulersImpl <init> (Ljava/lang/String;)V 31 <appendix> form vmentry <vmtarget> ; # java/lang/invoke/LambdaForm$MH+0x000001441d089800
instanceKlass kotlin/time/DurationJvmKt
instanceKlass kotlin/jvm/functions/Function3
instanceKlass kotlin/time/Duration$Companion
instanceKlass  @bci org/jetbrains/compose/reload/orchestration/OrchestrationServerKt$OrchestrationServer$task$1 invokeSuspend (Ljava/lang/Object;)Ljava/lang/Object; 59 <appendix> member <vmtarget> ; # org/jetbrains/compose/reload/orchestration/OrchestrationServerKt$OrchestrationServer$task$1$$Lambda+0x000001441d08de20
instanceKlass kotlin/time/Duration
instanceKlass org/jetbrains/compose/reload/core/FutureImpl$awaitWith$2
instanceKlass org/jetbrains/compose/reload/core/FutureKt$invokeOnCompletion$$inlined$Continuation$1
instanceKlass  @bci org/jetbrains/compose/reload/core/TaskKt invokeOnFinish (Lorg/jetbrains/compose/reload/core/Task;Lkotlin/jvm/functions/Function1;)Lorg/jetbrains/compose/reload/core/Disposable; 19 <appendix> member <vmtarget> ; # org/jetbrains/compose/reload/core/TaskKt$$Lambda+0x000001441d08d498
instanceKlass org/jetbrains/compose/reload/orchestration/OrchestrationServerKt$OrchestrationServer$1$special$$inlined$withType$1
instanceKlass  @bci org/jetbrains/compose/reload/orchestration/OrchestrationServerKt$OrchestrationServer$task$1 invokeSuspend (Ljava/lang/Object;)Ljava/lang/Object; 45 <appendix> member <vmtarget> ; # org/jetbrains/compose/reload/orchestration/OrchestrationServerKt$OrchestrationServer$task$1$$Lambda+0x000001441d08d028
instanceKlass org/jetbrains/compose/reload/orchestration/OrchestrationServerKt$OrchestrationServer$1
instanceKlass org/jetbrains/compose/reload/core/Either
instanceKlass org/jetbrains/compose/reload/core/WorkerThread$Work
instanceKlass org/jetbrains/compose/reload/core/WorkerThreadDispatcher$interceptContinuation$1$future$1
instanceKlass org/jetbrains/compose/reload/core/WorkerThreadDispatcher$interceptContinuation$$inlined$Continuation$1
instanceKlass kotlin/coroutines/jvm/internal/DebugProbesKt
instanceKlass kotlin/coroutines/intrinsics/IntrinsicsKt__IntrinsicsJvmKt
instanceKlass kotlin/coroutines/SafeContinuation$Companion
instanceKlass kotlin/coroutines/SafeContinuation
instanceKlass kotlin/coroutines/ContinuationKt
instanceKlass org/jetbrains/compose/reload/core/TaskImpl$start$$inlined$Continuation$1
instanceKlass org/jetbrains/compose/reload/core/Task$Key
instanceKlass org/jetbrains/compose/reload/core/Task$DefaultImpls
instanceKlass org/jetbrains/compose/reload/core/WorkerThreadDispatcher
instanceKlass org/jetbrains/compose/reload/core/ReloadMainThreadKt
instanceKlass org/jetbrains/compose/reload/core/Update
instanceKlass org/jetbrains/compose/reload/core/TaskImpl$State
instanceKlass kotlin/jvm/internal/CollectionToArray
instanceKlass org/jetbrains/compose/reload/core/AsyncTracesKt
instanceKlass org/jetbrains/compose/reload/core/AsyncTraces$Frame
instanceKlass org/jetbrains/compose/reload/core/AsyncTraces$Key
instanceKlass org/jetbrains/compose/reload/core/AsyncTraces
instanceKlass  @bci org/jetbrains/compose/reload/core/WindowId toString-impl (Ljava/lang/String;)Ljava/lang/String; 1 <appendix> form vmentry <vmtarget> ; # java/lang/invoke/LambdaForm$MH+0x000001441d089400
instanceKlass  @bci org/jetbrains/compose/reload/core/WindowId toString-impl (Ljava/lang/String;)Ljava/lang/String; 1 <appendix> argL3 form vmentry <vmtarget> ; # java/lang/invoke/LambdaForm$MH+0x000001441d088c00
instanceKlass org/jetbrains/compose/reload/core/TaskImpl
instanceKlass org/jetbrains/compose/reload/core/TaskKt
instanceKlass kotlin/coroutines/jvm/internal/BaseContinuationImpl
instanceKlass kotlin/coroutines/jvm/internal/CoroutineStackFrame
instanceKlass kotlin/coroutines/jvm/internal/SuspendFunction
instanceKlass kotlin/jvm/internal/FunctionBase
instanceKlass org/jetbrains/compose/reload/core/ActorImpl$State
instanceKlass kotlin/collections/ArrayDeque$Companion
instanceKlass kotlin/jvm/internal/markers/KMutableList
instanceKlass kotlin/jvm/internal/markers/KMutableCollection
instanceKlass kotlin/jvm/internal/markers/KMutableIterable
instanceKlass org/jetbrains/compose/reload/core/QueueImpl
instanceKlass org/jetbrains/compose/reload/core/Queue
instanceKlass org/jetbrains/compose/reload/core/ReceiveQueue
instanceKlass org/jetbrains/compose/reload/core/SendQueue
instanceKlass org/jetbrains/compose/reload/core/QueueKt
instanceKlass org/jetbrains/compose/reload/core/ActorImpl
instanceKlass org/jetbrains/compose/reload/core/Actor
instanceKlass org/jetbrains/compose/reload/core/ActorKt
instanceKlass org/jetbrains/compose/reload/orchestration/OrchestrationStateStorage
instanceKlass org/jetbrains/compose/reload/orchestration/OrchestrationServerStates
instanceKlass org/jetbrains/compose/reload/orchestration/OrchestrationStates
instanceKlass org/jetbrains/compose/reload/core/BusImpl
instanceKlass org/jetbrains/compose/reload/core/Bus
instanceKlass org/jetbrains/compose/reload/core/Send
instanceKlass org/jetbrains/compose/reload/core/Broadcast
instanceKlass org/jetbrains/compose/reload/core/BusKt
instanceKlass kotlin/collections/EmptyList
instanceKlass org/jetbrains/compose/reload/core/FutureImpl$State
instanceKlass org/jetbrains/compose/reload/core/FutureImpl
instanceKlass org/jetbrains/compose/reload/core/CompletableFuture
instanceKlass org/jetbrains/compose/reload/core/FutureKt
instanceKlass org/jetbrains/compose/reload/orchestration/OrchestrationServer
instanceKlass org/jetbrains/compose/reload/orchestration/OrchestrationHandle
instanceKlass org/jetbrains/compose/reload/core/Task
instanceKlass org/jetbrains/compose/reload/core/Future
instanceKlass org/jetbrains/compose/reload/orchestration/OrchestrationServerKt
instanceKlass java/lang/ProcessEnvironment$CheckedEntry
instanceKlass java/lang/ProcessEnvironment$CheckedEntrySet$1
instanceKlass java/lang/ProcessEnvironment$EntryComparator
instanceKlass java/lang/ProcessEnvironment$NameComparator
instanceKlass org/jetbrains/compose/devtools/OrchestrationExtension
instanceKlass org/jetbrains/compose/devtools/OrchestrationKt
instanceKlass  @bci org/jetbrains/compose/devtools/ShutdownKt setupShutdownProcedure ()V 36 <appendix> argL0 ; # org/jetbrains/compose/devtools/ShutdownKt$$Lambda+0x000001441d02a7f8
instanceKlass  @bci org/jetbrains/compose/devtools/ShutdownKt invokeOnShutdown (Lkotlin/jvm/functions/Function0;)Lorg/jetbrains/compose/reload/core/Disposable; 30 <appendix> member <vmtarget> ; # org/jetbrains/compose/devtools/ShutdownKt$$Lambda+0x000001441d02a5c0
instanceKlass org/jetbrains/compose/reload/core/Disposable
instanceKlass  @bci sun/awt/AWTThreading notifyEventDispatchThreadFree ()V 68 <appendix> argL0 ; # sun/awt/AWTThreading$$Lambda+0x000001441d030e10
instanceKlass java/util/concurrent/CompletableFuture
instanceKlass java/util/Collections$UnmodifiableCollection$1
instanceKlass java/util/Collections$UnmodifiableCollection
instanceKlass java/lang/StackTraceElement$HashedModules
instanceKlass java/util/concurrent/CompletionStage
instanceKlass org/jetbrains/compose/devtools/ShutdownAction
instanceKlass  @bci org/jetbrains/compose/devtools/ShutdownKt setupShutdownProcedure ()V 27 <appendix> argL0 ; # org/jetbrains/compose/devtools/ShutdownKt$$Lambda+0x000001441d029f60
instanceKlass kotlin/Unit
instanceKlass java/awt/TrayIcon
instanceKlass java/util/concurrent/LinkedBlockingQueue$Node
instanceKlass java/awt/MenuComponent
instanceKlass java/awt/EventQueue$4
instanceKlass sun/awt/dnd/SunDragSourceContextPeer
instanceKlass java/awt/dnd/peer/DragSourceContextPeer
instanceKlass java/awt/ModalEventFilter
instanceKlass java/awt/EventDispatchThread$HierarchyEventFilter
instanceKlass java/awt/EventFilter
instanceKlass java/awt/EventDispatchThread$1
instanceKlass java/awt/Conditional
instanceKlass sun/awt/EventQueueItem
instanceKlass sun/nio/fs/WindowsPath$1
instanceKlass org/jetbrains/compose/devtools/ShutdownKt
instanceKlass  @bci sun/awt/AWTThreading getInstance (Ljava/lang/Thread;)Lsun/awt/AWTThreading; 23 <appendix> member <vmtarget> ; # sun/awt/AWTThreading$$Lambda+0x000001441d07c7e0
instanceKlass  @bci org/jetbrains/compose/devtools/ProcessKt setupExceptionHandler ()V 0 <appendix> argL0 ; # org/jetbrains/compose/devtools/ProcessKt$$Lambda+0x000001441d0295d8
instanceKlass  @bci sun/awt/AWTThreading <clinit> ()V 39 <appendix> argL0 ; # sun/awt/AWTThreading$$Lambda+0x000001441d07c590
instanceKlass  @cpi androidx/compose/ui/scene/ComposeContainer 118 form vmentry <vmtarget> ; # java/lang/invoke/LambdaForm$DMH+0x000001441d02e400
instanceKlass java/util/concurrent/atomic/AtomicReference
instanceKlass org/jetbrains/compose/devtools/ProcessKt
instanceKlass  @bci sun/awt/AWTThreading <clinit> ()V 27 <appendix> argL0 ; # sun/awt/AWTThreading$$Lambda+0x000001441d07c140
instanceKlass  @cpi java/awt/SystemColor 241 form vmentry <vmtarget> ; # java/lang/invoke/LambdaForm$DMH+0x000001441d02e000
instanceKlass org/jetbrains/compose/reload/core/Logger$DefaultImpls
instanceKlass sun/awt/AWTThreading
instanceKlass  @bci org/jetbrains/compose/devtools/gradle/GradleRecompiler buildAndReload-Xm5ez_4 (Lorg/jetbrains/compose/devtools/api/RecompilerContext;Lkotlin/coroutines/Continuation;)Ljava/lang/Object; 468 <appendix> form vmentry <vmtarget> ; # java/lang/invoke/LambdaForm$MH+0x000001441d02dc00
instanceKlass java/awt/EventQueue$6
instanceKlass java/awt/event/InvocationEvent$1
instanceKlass sun/awt/AWTAccessor$InvocationEventAccessor
instanceKlass  @bci org/jetbrains/compose/devtools/gradle/GradleRecompiler buildAndReload-Xm5ez_4 (Lorg/jetbrains/compose/devtools/api/RecompilerContext;Lkotlin/coroutines/Continuation;)Ljava/lang/Object; 468 <appendix> argL3 form vmentry <vmtarget> ; # java/lang/invoke/LambdaForm$MH+0x000001441d02d800
instanceKlass java/awt/ActiveEvent
instanceKlass  @bci sun/awt/windows/WToolkit <init> ()V 142 <appendix> argL0 ; # sun/awt/windows/WToolkit$$Lambda+0x000001441d07adc8
instanceKlass java/lang/Shutdown$Lock
instanceKlass java/lang/Shutdown
instanceKlass java/lang/ApplicationShutdownHooks$1
instanceKlass java/lang/ApplicationShutdownHooks
instanceKlass  @bci sun/awt/windows/WToolkit lambda$registerShutdownHook$4 ()Ljava/lang/Void; 8 <appendix> member <vmtarget> ; # sun/awt/windows/WToolkit$$Lambda+0x000001441d07a988
instanceKlass  @bci org/jetbrains/compose/devtools/gradle/GradleRecompiler buildAndReload-Xm5ez_4 (Lorg/jetbrains/compose/devtools/api/RecompilerContext;Lkotlin/coroutines/Continuation;)Ljava/lang/Object; 468 <appendix> argL1 form vmentry <vmtarget> ; # java/lang/invoke/LambdaForm$MH+0x000001441d02cc00
instanceKlass  @bci sun/awt/windows/WToolkit registerShutdownHook ()V 1 <appendix> member <vmtarget> ; # sun/awt/windows/WToolkit$$Lambda+0x000001441d07a750
instanceKlass java/util/concurrent/LinkedTransferQueue$DualNode
instanceKlass java/util/concurrent/TransferQueue
instanceKlass java/util/concurrent/ThreadPoolExecutor$AbortPolicy
instanceKlass java/util/concurrent/RejectedExecutionHandler
instanceKlass java/util/concurrent/Executors
instanceKlass  @bci java/awt/Window$2 bumpCounter (Ljava/awt/Window;Ljava/lang/String;)V 30 <appendix> form vmentry <vmtarget> ; # java/lang/invoke/LambdaForm$DMH+0x000001441d02c400
instanceKlass  @bci java/lang/ProcessHandleImpl lambda$static$1 ()Ljava/util/concurrent/Executor; 45 <appendix> member <vmtarget> ; # java/lang/ProcessHandleImpl$$Lambda+0x000001441d0783a0
instanceKlass  @cpi java/lang/ProcessHandleImpl 436 form vmentry <vmtarget> ; # java/lang/invoke/LambdaForm$DMH+0x000001441d02c000
instanceKlass  @cpi org/jetbrains/compose/reload/orchestration/OrchestrationConnectionsStateEncoder 187 form vmentry <vmtarget> ; # java/lang/invoke/LambdaForm$DMH+0x000001441d022c00
instanceKlass jdk/internal/util/random/RandomSupport
instanceKlass java/util/Random
instanceKlass java/util/random/RandomGenerator
instanceKlass  @bci java/lang/ProcessHandleImpl <clinit> ()V 32 <appendix> argL0 ; # java/lang/ProcessHandleImpl$$Lambda+0x000001441d078170
instanceKlass java/lang/ProcessHandleImpl
instanceKlass java/lang/ProcessHandle
instanceKlass androidx/compose/runtime/LazyValueHolder
instanceKlass androidx/compose/runtime/ValueHolder
instanceKlass androidx/compose/runtime/CompositionLocalKt
instanceKlass  @bci org/jetbrains/compose/devtools/Main <clinit> ()V 71 <appendix> argL0 ; # org/jetbrains/compose/devtools/Main$$Lambda+0x000001441d0286d8
instanceKlass androidx/compose/ui/window/WindowState
instanceKlass kotlin/collections/AbstractList$Companion
instanceKlass  @bci sun/awt/windows/WToolkit run ()V 0 <appendix> argL0 ; # sun/awt/windows/WToolkit$$Lambda+0x000001441d077a80
instanceKlass kotlin/collections/AbstractCollection
instanceKlass  @bci sun/awt/windows/WToolkit <init> ()V 93 <appendix> member <vmtarget> ; # sun/awt/windows/WToolkit$$Lambda+0x000001441d077848
instanceKlass  @bci sun/awt/windows/WToolkit <init> ()V 68 <appendix> argL0 ; # sun/awt/windows/WToolkit$$Lambda+0x000001441d077618
instanceKlass java/lang/WeakPairMap$Pair$Lookup
instanceKlass java/lang/WeakPairMap$Pair
instanceKlass java/lang/WeakPairMap
instanceKlass java/lang/Module$ReflectionData
instanceKlass java/util/concurrent/ForkJoinPool$2
instanceKlass jdk/internal/access/JavaUtilConcurrentFJPAccess
instanceKlass jdk/internal/vm/ThreadContainers
instanceKlass kotlin/enums/EnumEntries
instanceKlass java/util/concurrent/ForkJoinPool$DefaultForkJoinWorkerThreadFactory
instanceKlass java/util/concurrent/ForkJoinTask
instanceKlass java/util/concurrent/Future
instanceKlass  @bci sun/awt/AWTAutoShutdown activateBlockerThread ()V 1 <appendix> member <vmtarget> ; # sun/awt/AWTAutoShutdown$$Lambda+0x000001441d076fd0
instanceKlass java/util/concurrent/ForkJoinPool$WorkQueue
instanceKlass jdk/internal/vm/StackableScope
instanceKlass java/util/function/Predicate
instanceKlass java/util/concurrent/CountDownLatch
instanceKlass java/util/concurrent/ForkJoinPool$ForkJoinWorkerThreadFactory
instanceKlass kotlin/enums/EnumEntriesKt
instanceKlass sun/awt/AWTAutoShutdown
instanceKlass java/util/concurrent/AbstractExecutorService
instanceKlass java/util/concurrent/ExecutorService
instanceKlass java/util/concurrent/ConcurrentLinkedDeque$Node
instanceKlass org/jetbrains/compose/reload/core/HotReloadEnvironment
instanceKlass sun/awt/util/ThreadGroupUtils
instanceKlass  @bci sun/java2d/Disposer <clinit> ()V 104 <appendix> argL0 ; # sun/java2d/Disposer$$Lambda+0x000001441d075e28
instanceKlass org/jetbrains/compose/reload/core/LoggerImpl
instanceKlass sun/java2d/Disposer$1
instanceKlass sun/java2d/Disposer
instanceKlass org/jetbrains/compose/devtools/DevToolsLoggerDispatch
instanceKlass sun/awt/windows/WToolkit$ToolkitDisposer
instanceKlass sun/java2d/DisposerRecord
instanceKlass sun/awt/util/PerformanceLogger$TimeData
instanceKlass sun/awt/util/PerformanceLogger
instanceKlass sun/awt/SunToolkit$ModalityListenerList
instanceKlass sun/awt/ModalityListener
instanceKlass java/beans/PropertyChangeListener
instanceKlass java/beans/ChangeListenerMap
instanceKlass java/beans/PropertyChangeSupport
instanceKlass org/jetbrains/compose/reload/core/Logger$Dispatch
instanceKlass  @bci org/jetbrains/compose/reload/core/Logger$Companion <clinit> ()V 10 <appendix> argL0 ; # org/jetbrains/compose/reload/core/Logger$Companion$$Lambda+0x000001441d026e50
instanceKlass sun/util/logging/PlatformLogger$ConfigurableBridge$LoggerConfiguration
instanceKlass jdk/internal/logger/BootstrapLogger$RedirectedLoggers
instanceKlass org/jetbrains/compose/reload/core/Logger$Companion
instanceKlass sun/awt/windows/WDesktopPeer
instanceKlass java/awt/peer/DesktopPeer
instanceKlass java/awt/Component$DummyRequestFocusController
instanceKlass sun/awt/RequestFocusController
instanceKlass org/jetbrains/compose/reload/core/Logger
instanceKlass java/awt/Component$1
instanceKlass sun/awt/AWTAccessor$ComponentAccessor
instanceKlass kotlin/io/ByteStreamsKt
instanceKlass java/awt/font/JavaAWTFontAccessImpl
instanceKlass jdk/internal/access/JavaAWTFontAccess
instanceKlass java/text/AttributedCharacterIterator$Attribute
instanceKlass sun/font/AttributeValues
instanceKlass sun/net/www/MessageHeader
instanceKlass sun/net/www/protocol/jar/JarFileFactory
instanceKlass sun/net/www/protocol/jar/URLJarFile$URLJarFileCloseController
instanceKlass java/awt/geom/AffineTransform
instanceKlass java/net/URLConnection
instanceKlass sun/font/FontAccess
instanceKlass kotlin/io/TextStreamsKt
instanceKlass java/awt/Font
instanceKlass kotlin/text/Charsets
instanceKlass java/util/Spliterators$IteratorSpliterator
instanceKlass java/util/Enumeration$1
instanceKlass sun/awt/windows/WObjectPeer
instanceKlass java/awt/dnd/peer/DropTargetPeer
instanceKlass java/awt/peer/ComponentPeer
instanceKlass java/util/stream/StreamSpliterators$DelegatingSpliterator
instanceKlass java/awt/event/InputEvent$1
instanceKlass sun/awt/AWTAccessor$InputEventAccessor
instanceKlass java/awt/event/NativeLibLoader$1
instanceKlass kotlin/sequences/SequencesKt__SequenceBuilderKt
instanceKlass java/awt/event/NativeLibLoader
instanceKlass java/awt/AWTEvent$1
instanceKlass sun/awt/AWTAccessor$AWTEventAccessor
instanceKlass java/awt/Component$AWTTreeLock
instanceKlass java/awt/Component
instanceKlass java/awt/MenuContainer
instanceKlass java/awt/image/ImageObserver
instanceKlass kotlin/streams/jdk8/StreamsKt$asSequence$$inlined$Sequence$1
instanceKlass kotlin/sequences/Sequence
instanceKlass sun/awt/DisplayChangedListener
instanceKlass kotlin/streams/jdk8/StreamsKt
instanceKlass sun/awt/image/SurfaceManager
instanceKlass sun/awt/image/SurfaceManager$ImageAccessor
instanceKlass java/awt/ImageCapabilities
instanceKlass java/awt/Image
instanceKlass  @bci androidx/compose/ui/window/UndecoratedWindowResizer Content (Landroidx/compose/ui/Modifier;Landroidx/compose/runtime/Composer;I)V 153 <adapter> ; # java/lang/invoke/LambdaForm$MH+0x000001441d022800
instanceKlass sun/java2d/DestSurfaceProvider
# instanceKlass java/lang/invoke/LambdaForm$DMH+0x000001441d022400
instanceKlass sun/java2d/loops/RenderCache
instanceKlass  @bci androidx/compose/ui/window/UndecoratedWindowResizer Content (Landroidx/compose/ui/Modifier;Landroidx/compose/runtime/Composer;I)V 153 <appendix> form vmentry <vmtarget> ; # java/lang/invoke/LambdaForm$DMH+0x000001441d022000
instanceKlass sun/java2d/pipe/DrawImage
instanceKlass  @bci java/lang/ClassLoader resources (Ljava/lang/String;)Ljava/util/stream/Stream; 12 <appendix> member <vmtarget> ; # java/lang/ClassLoader$$Lambda+0x000001441d068388
instanceKlass sun/java2d/pipe/GeneralCompositePipe
instanceKlass sun/java2d/pipe/SpanShapeRenderer
instanceKlass sun/java2d/pipe/AlphaPaintPipe
instanceKlass kotlin/UNINITIALIZED_VALUE
instanceKlass kotlin/SynchronizedLazyImpl
instanceKlass sun/java2d/pipe/AAShapePipe
instanceKlass kotlin/Lazy
instanceKlass kotlin/LazyKt__LazyJVMKt
instanceKlass sun/java2d/pipe/RegionIterator
instanceKlass sun/java2d/pipe/Region
instanceKlass sun/java2d/pipe/SpanClipRenderer
instanceKlass org/jetbrains/compose/reload/core/Environment$Companion$current$2
instanceKlass kotlin/jvm/functions/Function0
instanceKlass sun/java2d/pipe/PixelToShapeConverter
instanceKlass org/jetbrains/compose/reload/core/Environment$Companion
instanceKlass sun/java2d/pipe/AlphaColorPipe
instanceKlass sun/java2d/pipe/CompositePipe
instanceKlass org/jetbrains/compose/reload/core/Environment
instanceKlass java/util/Formatter$Flags
instanceKlass java/util/Formattable
instanceKlass java/util/Formatter$FormatSpecifier
instanceKlass java/util/Formatter$Conversion
instanceKlass java/util/Formatter$FixedString
instanceKlass java/util/Formatter$FormatString
instanceKlass  @bci java/time/format/DateTimeFormatter <clinit> ()V 1075 <appendix> argL0 ; # java/time/format/DateTimeFormatter$$Lambda+0x80000000e
instanceKlass  @bci java/util/regex/Pattern union (Ljava/util/regex/Pattern$CharPredicate;Ljava/util/regex/Pattern$CharPredicate;Z)Ljava/util/regex/Pattern$CharPredicate; 6 <appendix> member <vmtarget> ; # java/util/regex/Pattern$$Lambda+0x800000032
instanceKlass  @bci java/time/format/DateTimeFormatter <clinit> ()V 1067 <appendix> argL0 ; # java/time/format/DateTimeFormatter$$Lambda+0x80000000d
instanceKlass java/time/Period
instanceKlass java/time/chrono/ChronoPeriod
instanceKlass java/time/format/DateTimeFormatterBuilder$TextPrinterParser
instanceKlass  @bci java/util/regex/Pattern Range (II)Ljava/util/regex/Pattern$CharPredicate; 23 <appendix> member <vmtarget> ; # java/util/regex/Pattern$$Lambda+0x80000002a
instanceKlass java/util/TimSort
instanceKlass java/util/Arrays$LegacyMergeSort
instanceKlass java/time/format/DateTimeTextProvider$1
instanceKlass java/time/format/DateTimeTextProvider
instanceKlass java/util/AbstractMap$SimpleImmutableEntry
instanceKlass java/time/format/DateTimeTextProvider$LocaleStore
instanceKlass  @bci java/util/regex/CharPredicates ASCII_DIGIT ()Ljava/util/regex/Pattern$BmpCharPredicate; 0 <appendix> argL0 ; # java/util/regex/CharPredicates$$Lambda+0x800000025
instanceKlass java/time/format/DateTimeFormatterBuilder$InstantPrinterParser
instanceKlass java/time/format/DateTimeFormatterBuilder$StringLiteralPrinterParser
instanceKlass java/time/format/DateTimeFormatterBuilder$ZoneIdPrinterParser
instanceKlass java/util/regex/CharPredicates
instanceKlass java/util/Formatter
instanceKlass java/time/format/DateTimeFormatterBuilder$OffsetIdPrinterParser
instanceKlass java/time/format/DecimalStyle
instanceKlass java/time/chrono/AbstractChronology
instanceKlass java/awt/geom/Dimension2D
instanceKlass java/time/chrono/Chronology
instanceKlass java/time/format/DateTimeFormatter
instanceKlass java/time/format/DateTimeFormatterBuilder$CompositePrinterParser
instanceKlass java/time/format/DateTimeFormatterBuilder$CharLiteralPrinterParser
instanceKlass  @bci org/jetbrains/compose/reload/orchestration/OrchestrationListenerKt$connectAllOrchestrationListeners$2$task$1 invokeSuspend (Ljava/lang/Object;)Ljava/lang/Object; 47 <appendix> form vmentry <vmtarget> ; # java/lang/invoke/LambdaForm$MH+0x000001441d021c00
instanceKlass java/time/format/DateTimeFormatterBuilder$NumberPrinterParser
instanceKlass java/time/format/DateTimeFormatterBuilder$DateTimePrinterParser
instanceKlass java/time/temporal/JulianFields
instanceKlass java/time/temporal/IsoFields
instanceKlass  @bci org/jetbrains/compose/reload/orchestration/OrchestrationListenerKt$connectAllOrchestrationListeners$2$task$1 invokeSuspend (Ljava/lang/Object;)Ljava/lang/Object; 47 <appendix> argL3 form vmentry <vmtarget> ; # java/lang/invoke/LambdaForm$MH+0x000001441d021800
instanceKlass java/time/temporal/ValueRange
# instanceKlass java/lang/invoke/LambdaForm$MH+0x000001441d021400
instanceKlass java/time/Duration
instanceKlass java/time/temporal/TemporalAmount
instanceKlass java/time/temporal/TemporalUnit
instanceKlass java/time/temporal/TemporalField
instanceKlass java/util/regex/Pattern$TreeInfo
instanceKlass java/util/regex/Pattern$BitClass
instanceKlass java/util/regex/ASCII
instanceKlass  @bci java/util/regex/Pattern Single (I)Ljava/util/regex/Pattern$BmpCharPredicate; 1 <appendix> member <vmtarget> ; # java/util/regex/Pattern$$Lambda+0x800000029
instanceKlass  @bci org/jetbrains/compose/reload/orchestration/OrchestrationListenerKt$connectAllOrchestrationListeners$2$task$1 invokeSuspend (Ljava/lang/Object;)Ljava/lang/Object; 47 <appendix> argL1 form vmentry <vmtarget> ; # java/lang/invoke/LambdaForm$MH+0x000001441d020400
instanceKlass java/util/regex/Pattern$BmpCharPredicate
instanceKlass java/util/regex/Pattern$CharPredicate
instanceKlass java/util/regex/Pattern$Node
instanceKlass java/util/regex/Pattern
instanceKlass  @bci java/time/format/DateTimeFormatterBuilder <clinit> ()V 0 <appendix> argL0 ; # java/time/format/DateTimeFormatterBuilder$$Lambda+0x80000000f
instanceKlass java/time/ZoneId
instanceKlass java/time/temporal/TemporalAccessor
instanceKlass java/time/temporal/TemporalQuery
# instanceKlass java/lang/invoke/LambdaForm$MH+0x000001441d018c00
instanceKlass java/time/format/DateTimeFormatterBuilder
instanceKlass org/jetbrains/compose/reload/core/LoggingKt
instanceKlass sun/awt/OSInfo$1
instanceKlass io/sellmair/evas/States$Key
instanceKlass sun/awt/OSInfo$WindowsVersion
instanceKlass io/sellmair/evas/States$DefaultImpls
instanceKlass sun/awt/OSInfo
instanceKlass sun/font/FontUtilities$1
instanceKlass sun/font/FontUtilities
instanceKlass io/sellmair/evas/StatesImpl
instanceKlass io/sellmair/evas/States
instanceKlass sun/java2d/pipe/GlyphListPipe
instanceKlass sun/java2d/pipe/OutlineTextRenderer
instanceKlass java/util/concurrent/ConcurrentLinkedQueue$Node
instanceKlass kotlin/coroutines/Continuation
instanceKlass io/sellmair/evas/StatesKt
instanceKlass sun/java2d/ReentrantContextProvider
instanceKlass io/sellmair/evas/Events$Key
instanceKlass sun/java2d/marlin/FloatMath
instanceKlass io/sellmair/evas/Events$DefaultImpls
instanceKlass sun/java2d/marlin/MarlinProperties
instanceKlass kotlin/collections/EmptyMap
instanceKlass kotlin/jvm/internal/markers/KMappedMarker
instanceKlass sun/java2d/marlin/MarlinConst
instanceKlass sun/java2d/pipe/RenderingEngine
instanceKlass kotlin/collections/MapsKt__MapWithDefaultKt
instanceKlass sun/java2d/pipe/LoopPipe
instanceKlass sun/java2d/pipe/LoopBasedPipe
instanceKlass sun/java2d/pipe/ParallelogramPipe
instanceKlass sun/java2d/pipe/NullPipe
instanceKlass sun/java2d/pipe/DrawImagePipe
instanceKlass sun/java2d/pipe/TextPipe
instanceKlass sun/java2d/pipe/ShapeDrawPipe
instanceKlass sun/java2d/pipe/PixelFillPipe
instanceKlass sun/java2d/pipe/PixelDrawPipe
instanceKlass sun/java2d/StateTrackableDelegate$2
instanceKlass sun/java2d/StateTrackableDelegate
instanceKlass sun/java2d/cmm/ProfileDeferralInfo
instanceKlass java/awt/color/ICC_Profile$BuiltInProfile
instanceKlass  @bci java/awt/color/ICC_Profile <clinit> ()V 0 <appendix> argL0 ; # java/awt/color/ICC_Profile$$Lambda+0x000001441d05b8c8
instanceKlass sun/java2d/cmm/Profile
instanceKlass sun/awt/AWTAccessor$ICC_ProfileAccessor
instanceKlass java/awt/color/ICC_Profile
instanceKlass  @bci io/sellmair/evas/AtomicSnapshotKt AtomicSnapshotMap (Ljava/util/Map;)Lio/sellmair/evas/AtomicSnapshot; 11 <appendix> argL0 ; # io/sellmair/evas/AtomicSnapshotKt$$Lambda+0x000001441d01a000
instanceKlass java/awt/color/ColorSpace$BuiltInSpace
instanceKlass java/awt/color/ColorSpace
instanceKlass io/sellmair/evas/AtomicSnapshot
instanceKlass java/awt/image/ColorModel$1RGBdefault
instanceKlass io/sellmair/evas/AtomicSnapshotKt
instanceKlass java/awt/image/ColorModel$1
instanceKlass kotlinx/coroutines/JobKt__JobKt
instanceKlass java/awt/image/ColorModel
instanceKlass kotlinx/coroutines/JobKt
instanceKlass kotlinx/coroutines/internal/ContextScope
instanceKlass kotlinx/coroutines/CoroutineScopeKt
instanceKlass io/sellmair/evas/EventsImpl
instanceKlass io/sellmair/evas/Events
instanceKlass sun/awt/image/PixelConverter
instanceKlass sun/java2d/loops/SurfaceType
instanceKlass io/sellmair/evas/EventsKt
instanceKlass sun/java2d/SurfaceData
instanceKlass sun/java2d/Surface
instanceKlass sun/java2d/StateTrackable
instanceKlass sun/java2d/DisposerTarget
instanceKlass java/awt/Transparency
instanceKlass kotlin/coroutines/CombinedContext
instanceKlass kotlin/coroutines/ContinuationInterceptor$DefaultImpls
instanceKlass sun/awt/windows/WToolkit$1
instanceKlass kotlinx/coroutines/Job$Key
instanceKlass kotlinx/coroutines/Job$DefaultImpls
instanceKlass  @bci kotlin/coroutines/CoroutineContext$DefaultImpls plus (Lkotlin/coroutines/CoroutineContext;Lkotlin/coroutines/CoroutineContext;)Lkotlin/coroutines/CoroutineContext; 19 <appendix> argL0 ; # kotlin/coroutines/CoroutineContext$DefaultImpls$$Lambda+0x000001441d01db40
instanceKlass kotlin/jvm/functions/Function2
instanceKlass javax/swing/Timer$1
instanceKlass kotlin/coroutines/EmptyCoroutineContext
instanceKlass java/lang/invoke/VarHandle$AccessDescriptor
instanceKlass kotlin/coroutines/CoroutineContext$DefaultImpls
instanceKlass kotlin/coroutines/CoroutineContext$Element$DefaultImpls
instanceKlass kotlinx/coroutines/internal/LockFreeLinkedListNode
instanceKlass kotlinx/coroutines/NonDisposableHandle
instanceKlass kotlinx/coroutines/ChildHandle
instanceKlass kotlinx/coroutines/DisposableHandle
instanceKlass kotlinx/coroutines/ThreadContextElement
instanceKlass kotlinx/coroutines/DebugKt
instanceKlass kotlinx/coroutines/Empty
instanceKlass kotlinx/coroutines/Incomplete
instanceKlass kotlinx/coroutines/JobSupportKt
instanceKlass kotlinx/coroutines/JobSupport
instanceKlass kotlinx/coroutines/ParentJob
instanceKlass kotlinx/coroutines/ChildJob
instanceKlass kotlinx/coroutines/CompletableJob
instanceKlass kotlinx/coroutines/Job
instanceKlass kotlinx/coroutines/SupervisorKt
instanceKlass javax/swing/TimerQueue$DelayedTimer
instanceKlass java/util/concurrent/Delayed
instanceKlass  @bci javax/swing/TimerQueue startIfNeeded ()V 33 <appendix> member <vmtarget> ; # javax/swing/TimerQueue$$Lambda+0x000001441d054868
instanceKlass java/util/concurrent/BlockingQueue
instanceKlass sun/awt/PostEventQueue
instanceKlass sun/awt/MostRecentKeyValue
instanceKlass  @bci org/jetbrains/compose/reload/core/ExitCode toString-impl (I)Ljava/lang/String; 1 <appendix> form vmentry <vmtarget> ; # java/lang/invoke/LambdaForm$MH+0x000001441d018400
instanceKlass  @bci org/jetbrains/compose/reload/core/ExitCode toString-impl (I)Ljava/lang/String; 1 <appendix> argL3 form vmentry <vmtarget> ; # java/lang/invoke/LambdaForm$MH+0x000001441d018000
instanceKlass  @bci org/jetbrains/compose/reload/core/ExitCode toString-impl (I)Ljava/lang/String; 1 <appendix> argL1 form vmentry <vmtarget> ; # java/lang/invoke/LambdaForm$MH+0x000001441d017400
instanceKlass java/awt/Queue
instanceKlass java/awt/EventQueue$3
instanceKlass java/awt/EventQueue$2
instanceKlass sun/awt/AWTAccessor$EventQueueAccessor
instanceKlass java/awt/EventQueue$1
instanceKlass java/awt/EventQueue
instanceKlass sun/awt/AppContext$1
instanceKlass sun/awt/WeakIdentityHashMap
instanceKlass sun/awt/PlatformGraphicsInfo
instanceKlass  @bci java/awt/GraphicsEnvironment getHeadlessProperty ()Z 6 <appendix> argL0 ; # java/awt/GraphicsEnvironment$$Lambda+0x000001441d051150
instanceKlass java/awt/GraphicsEnvironment
instanceKlass java/awt/Insets
instanceKlass  @bci sun/awt/FontConfiguration findFontConfigFile ()V 45 <appendix> form vmentry <vmtarget> ; # java/lang/invoke/LambdaForm$MH+0x000001441d016c00
instanceKlass  @bci sun/awt/FontConfiguration findFontConfigFile ()V 45 <appendix> argL3 form vmentry <vmtarget> ; # java/lang/invoke/LambdaForm$MH+0x000001441d016400
instanceKlass  @bci sun/awt/FontConfiguration findFontConfigFile ()V 45 <appendix> argL1 form vmentry <vmtarget> ; # java/lang/invoke/LambdaForm$MH+0x000001441d015000
instanceKlass  @bci androidx/compose/ui/platform/DisposableSaveableStateRegistry_skikoKt DisposableSaveableStateRegistry (Ljava/lang/String;Landroidx/savedstate/SavedStateRegistryOwner;)Landroidx/compose/ui/platform/DisposableSaveableStateRegistry; 23 <appendix> form vmentry <vmtarget> ; # java/lang/invoke/LambdaForm$MH+0x000001441d014000
instanceKlass java/lang/invoke/LambdaFormEditor$1
instanceKlass  @bci androidx/compose/ui/platform/DisposableSaveableStateRegistry_skikoKt DisposableSaveableStateRegistry (Ljava/lang/String;Landroidx/savedstate/SavedStateRegistryOwner;)Landroidx/compose/ui/platform/DisposableSaveableStateRegistry; 23 <appendix> argL3 form vmentry <vmtarget> ; # java/lang/invoke/LambdaForm$MH+0x000001441d013800
instanceKlass java/lang/invoke/MethodHandles$1
# instanceKlass java/lang/invoke/LambdaForm$MH+0x000001441d013400
instanceKlass  @bci sun/awt/FontConfiguration findFontConfigFile (Ljava/lang/String;)Ljava/io/File; 20 <appendix> argL2 form vmentry <vmtarget> ; # java/lang/invoke/LambdaForm$MH+0x000001441d012800
instanceKlass  @bci androidx/compose/ui/platform/DisposableSaveableStateRegistry_skikoKt DisposableSaveableStateRegistry (Ljava/lang/String;Landroidx/savedstate/SavedStateRegistryOwner;)Landroidx/compose/ui/platform/DisposableSaveableStateRegistry; 23 <appendix> argL1 form vmentry <vmtarget> ; # java/lang/invoke/LambdaForm$MH+0x000001441d012000
instanceKlass  @bci androidx/compose/ui/platform/DisposableSaveableStateRegistry_skikoKt DisposableSaveableStateRegistry (Ljava/lang/String;Landroidx/savedstate/SavedStateRegistryOwner;)Landroidx/compose/ui/platform/DisposableSaveableStateRegistry; 23 <appendix> argL1 argL0 form vmentry <vmtarget> ; # java/lang/invoke/LambdaForm$MH+0x000001441d011800
# instanceKlass java/lang/invoke/LambdaForm$MH+0x000001441d011400
# instanceKlass java/lang/invoke/LambdaForm$MH+0x000001441d011000
instanceKlass java/lang/Long$LongCache
instanceKlass java/awt/Toolkit$1
instanceKlass java/awt/Toolkit$2
instanceKlass  @bci jdk/internal/module/SystemModuleFinders$SystemModuleReader open (Ljava/lang/String;)Ljava/util/Optional; 6 <appendix> member <vmtarget> ; # jdk/internal/module/SystemModuleFinders$SystemModuleReader$$Lambda+0x000001441d0500f8
instanceKlass jdk/internal/module/Checks
instanceKlass  @bci java/util/ResourceBundle$ResourceBundleProviderHelper loadPropertyResourceBundle (Ljava/lang/Module;Ljava/lang/Module;Ljava/lang/String;Ljava/util/Locale;)Ljava/util/ResourceBundle; 14 <appendix> member <vmtarget> ; # java/util/ResourceBundle$ResourceBundleProviderHelper$$Lambda+0x000001441d04fec0
instanceKlass  @bci java/util/ResourceBundle$ResourceBundleProviderHelper newResourceBundle (Ljava/lang/Class;)Ljava/util/ResourceBundle; 22 <appendix> member <vmtarget> ; # java/util/ResourceBundle$ResourceBundleProviderHelper$$Lambda+0x800000010
instanceKlass java/security/Security$1
instanceKlass jdk/internal/access/JavaSecurityPropertiesAccess
instanceKlass java/util/concurrent/ConcurrentHashMap$MapEntry
instanceKlass java/io/FileInputStream$1
instanceKlass java/util/Properties$LineReader
instanceKlass  @bci java/security/Security <clinit> ()V 9 <appendix> argL0 ; # java/security/Security$$Lambda+0x80000000b
instanceKlass java/security/Security
instanceKlass sun/security/util/SecurityProperties
instanceKlass sun/security/util/FilePermCompat
instanceKlass sun/security/util/SecurityConstants
instanceKlass  @bci java/util/ResourceBundle$ResourceBundleProviderHelper loadResourceBundle (Ljava/lang/Module;Ljava/lang/Module;Ljava/lang/String;Ljava/util/Locale;)Ljava/util/ResourceBundle; 13 <appendix> member <vmtarget> ; # java/util/ResourceBundle$ResourceBundleProviderHelper$$Lambda+0x000001441d04e7f8
instanceKlass java/util/ResourceBundle$ResourceBundleProviderHelper
instanceKlass java/util/ResourceBundle$3
instanceKlass java/util/ResourceBundle$CacheKeyReference
instanceKlass java/util/ResourceBundle$CacheKey
instanceKlass  @bci java/util/ResourceBundle getLoader (Ljava/lang/Module;)Ljava/lang/ClassLoader; 6 <appendix> member <vmtarget> ; # java/util/ResourceBundle$$Lambda+0x000001441d04dcc8
instanceKlass java/util/ResourceBundle$Control
instanceKlass java/util/ResourceBundle$1
instanceKlass jdk/internal/access/JavaUtilResourceBundleAccess
instanceKlass java/util/ResourceBundle
instanceKlass java/awt/Toolkit$4
instanceKlass sun/awt/AWTAccessor
instanceKlass java/awt/Toolkit$3
instanceKlass sun/awt/AWTAccessor$ToolkitAccessor
instanceKlass java/awt/Toolkit
instanceKlass sun/awt/KeyboardFocusManagerPeerProvider
instanceKlass sun/awt/InputMethodSupport
instanceKlass sun/awt/ComponentFactory
instanceKlass sun/awt/AppContext$2
instanceKlass sun/awt/AppContext$3
instanceKlass sun/awt/AppContext$6
instanceKlass jdk/internal/access/JavaAWTAccess
instanceKlass sun/awt/AppContext$GetAppContextLock
instanceKlass java/util/Collections$SynchronizedMap
instanceKlass jdk/internal/logger/LazyLoggers$LazyLoggerAccessor
instanceKlass jdk/internal/logger/LazyLoggers$LoggerAccessor
instanceKlass jdk/internal/logger/AbstractLoggerWrapper
instanceKlass java/util/ServiceLoader$ProviderImpl
instanceKlass java/util/ServiceLoader$Provider
instanceKlass java/util/ServiceLoader$1
instanceKlass sun/util/logging/internal/LoggingProviderImpl$LogManagerAccess
instanceKlass java/util/concurrent/CopyOnWriteArrayList$COWIterator
instanceKlass java/util/ServiceLoader$3
instanceKlass java/util/ServiceLoader$2
instanceKlass java/util/ServiceLoader$LazyClassPathLookupIterator
instanceKlass java/util/Spliterators$1Adapter
instanceKlass java/util/function/Consumer
instanceKlass sun/reflect/annotation/AnnotationParser
instanceKlass java/lang/Class$3
instanceKlass java/util/EnumMap$1
instanceKlass java/util/stream/StreamOpFlag$MaskBuilder
instanceKlass java/util/stream/Stream
instanceKlass java/util/stream/BaseStream
instanceKlass java/util/stream/PipelineHelper
instanceKlass java/util/stream/StreamSupport
instanceKlass java/util/Spliterators$ArraySpliterator
instanceKlass java/util/Spliterator$OfDouble
instanceKlass java/util/Spliterator$OfLong
instanceKlass java/util/Spliterator$OfInt
instanceKlass java/util/Spliterator$OfPrimitive
instanceKlass java/util/Spliterator
instanceKlass java/util/Spliterators$EmptySpliterator
instanceKlass java/util/Spliterators
instanceKlass java/util/ServiceLoader$ModuleServicesLookupIterator
instanceKlass java/util/ServiceLoader
instanceKlass java/lang/System$LoggerFinder
instanceKlass jdk/internal/logger/BootstrapLogger$DetectBackend$1
instanceKlass jdk/internal/logger/BootstrapLogger$DetectBackend
instanceKlass jdk/internal/logger/BootstrapLogger
instanceKlass sun/util/logging/PlatformLogger$ConfigurableBridge
instanceKlass sun/util/logging/PlatformLogger$Bridge
instanceKlass java/lang/System$Logger
instanceKlass jdk/internal/logger/LazyLoggers$LazyLoggerFactories
instanceKlass jdk/internal/logger/LazyLoggers$1
instanceKlass jdk/internal/logger/LazyLoggers
instanceKlass sun/util/logging/PlatformLogger
instanceKlass sun/awt/AppContext
instanceKlass javax/swing/SwingUtilities
instanceKlass javax/swing/SwingConstants
instanceKlass javax/swing/TimerQueue
instanceKlass javax/swing/Timer$DoPostEvent
instanceKlass java/util/concurrent/atomic/AtomicBoolean
instanceKlass javax/swing/event/EventListenerList
instanceKlass  @bci kotlinx/coroutines/swing/Swing <clinit> ()V 16 <appendix> argL0 ; # kotlinx/coroutines/swing/Swing$$Lambda+0x000001441d00de30
instanceKlass  @cpi kotlinx/coroutines/swing/Swing 46 form vmentry <vmtarget> ; # java/lang/invoke/LambdaForm$DMH+0x000001441d010400
instanceKlass  @cpi androidx/compose/ui/scene/ComposeSceneRecomposer 130 form vmentry <vmtarget> ; # java/lang/invoke/LambdaForm$DMH+0x000001441d010000
instanceKlass java/util/EventObject
instanceKlass java/awt/event/ActionListener
instanceKlass java/util/EventListener
instanceKlass javax/swing/Timer
instanceKlass kotlinx/coroutines/Delay
instanceKlass kotlinx/coroutines/internal/MainDispatchersKt
instanceKlass jdk/internal/reflect/MethodHandleAccessorFactory$LazyStaticHolder
instanceKlass kotlinx/coroutines/swing/SwingDispatcherFactory
instanceKlass kotlin/collections/SetsKt__SetsJVMKt
instanceKlass java/util/Collections$1
instanceKlass kotlin/io/CloseableKt
instanceKlass java/util/LinkedHashMap$LinkedHashIterator
instanceKlass kotlin/collections/CollectionsKt__CollectionsJVMKt
instanceKlass kotlin/text/CharsKt__CharJVMKt
instanceKlass java/nio/charset/CoderResult
instanceKlass java/io/Reader
instanceKlass java/lang/Readable
instanceKlass kotlin/text/StringsKt__AppendableKt
instanceKlass jdk/internal/loader/URLClassPath$1
instanceKlass java/lang/CompoundEnumeration
instanceKlass jdk/internal/loader/BuiltinClassLoader$1
instanceKlass java/util/Collections$EmptyEnumeration
instanceKlass java/util/Collections$EmptyIterator
instanceKlass jdk/internal/jimage/ImageLocation
instanceKlass jdk/internal/jimage/decompressor/Decompressor
instanceKlass jdk/internal/jimage/ImageStringsReader
instanceKlass jdk/internal/jimage/ImageStrings
instanceKlass jdk/internal/jimage/ImageHeader
instanceKlass jdk/internal/jimage/NativeImageBuffer$1
instanceKlass jdk/internal/jimage/NativeImageBuffer
instanceKlass jdk/internal/jimage/BasicImageReader$1
instanceKlass jdk/internal/jimage/BasicImageReader
instanceKlass jdk/internal/jimage/ImageReader
instanceKlass jdk/internal/jimage/ImageReaderFactory$1
instanceKlass java/net/URI$Parser
instanceKlass java/nio/file/FileSystems$DefaultFileSystemHolder$1
instanceKlass java/nio/file/FileSystems$DefaultFileSystemHolder
instanceKlass java/nio/file/FileSystems
instanceKlass java/nio/file/Paths
instanceKlass jdk/internal/jimage/ImageReaderFactory
instanceKlass jdk/internal/module/SystemModuleFinders$SystemImage
instanceKlass jdk/internal/module/SystemModuleFinders$SystemModuleReader
instanceKlass java/lang/module/ModuleReader
instanceKlass jdk/internal/loader/BuiltinClassLoader$5
instanceKlass jdk/internal/loader/BuiltinClassLoader$2
instanceKlass jdk/internal/module/Resources
instanceKlass kotlin/Result$Failure
instanceKlass kotlin/ResultKt
instanceKlass kotlin/Result$Companion
instanceKlass kotlin/Result
instanceKlass kotlinx/coroutines/internal/FastServiceLoaderKt
instanceKlass kotlinx/coroutines/internal/MainDispatcherFactory
instanceKlass kotlinx/coroutines/internal/FastServiceLoader
instanceKlass kotlinx/coroutines/internal/MainDispatcherLoader
instanceKlass java/lang/invoke/VarForm
instanceKlass java/lang/invoke/VarHandleGuards
instanceKlass java/lang/invoke/VarHandles
instanceKlass java/util/concurrent/atomic/AtomicReferenceArray
instanceKlass kotlinx/coroutines/internal/LockFreeTaskQueueCore$Companion
instanceKlass kotlinx/coroutines/internal/LockFreeTaskQueueCore
instanceKlass java/util/concurrent/atomic/AtomicReferenceFieldUpdater$AtomicReferenceFieldUpdaterImpl$1
instanceKlass java/util/concurrent/atomic/AtomicReferenceFieldUpdater
instanceKlass java/util/concurrent/atomic/AtomicIntegerFieldUpdater$AtomicIntegerFieldUpdaterImpl$1
instanceKlass sun/reflect/misc/ReflectUtil
instanceKlass kotlinx/coroutines/internal/Symbol
instanceKlass java/util/concurrent/atomic/AtomicIntegerFieldUpdater
instanceKlass kotlinx/coroutines/internal/ResizableAtomicArray
instanceKlass kotlinx/coroutines/internal/LockFreeTaskQueue
instanceKlass java/util/concurrent/atomic/AtomicLongFieldUpdater$CASUpdater$1
instanceKlass java/util/concurrent/atomic/AtomicLongFieldUpdater
instanceKlass kotlinx/coroutines/scheduling/CoroutineScheduler$Companion
instanceKlass kotlinx/coroutines/scheduling/CoroutineScheduler
instanceKlass java/util/concurrent/Executor
instanceKlass kotlinx/coroutines/scheduling/SchedulerTimeSource
instanceKlass kotlin/ranges/RangesKt__RangesKt
instanceKlass kotlinx/coroutines/internal/SystemPropsKt__SystemPropsKt
instanceKlass kotlinx/coroutines/internal/SystemPropsKt__SystemProps_commonKt
instanceKlass kotlinx/coroutines/internal/SystemPropsKt
instanceKlass kotlinx/coroutines/scheduling/TasksKt
instanceKlass  @bci kotlinx/coroutines/ExecutorCoroutineDispatcher$Key <init> ()V 7 <appendix> argL0 ; # kotlinx/coroutines/ExecutorCoroutineDispatcher$Key$$Lambda+0x000001441d006000
instanceKlass kotlin/jvm/internal/Intrinsics
instanceKlass  @bci androidx/compose/ui/awt/SwingPanel_desktopKt <clinit> ()V 0 <appendix> form vmentry <vmtarget> ; # java/lang/invoke/LambdaForm$MH+0x000001441d004000
instanceKlass jdk/internal/org/objectweb/asm/FieldVisitor
instanceKlass java/util/ArrayList$Itr
instanceKlass java/lang/invoke/InvokerBytecodeGenerator$ClassData
instanceKlass jdk/internal/org/objectweb/asm/Frame
instanceKlass java/lang/invoke/LambdaFormBuffer
instanceKlass java/lang/invoke/LambdaFormEditor$TransformKey
instanceKlass java/lang/invoke/LambdaFormEditor
instanceKlass java/lang/invoke/DelegatingMethodHandle$Holder
instanceKlass java/lang/invoke/DirectMethodHandle$2
instanceKlass java/lang/invoke/ClassSpecializer$Factory
instanceKlass java/lang/invoke/ClassSpecializer$SpeciesData
instanceKlass java/lang/invoke/ClassSpecializer$1
instanceKlass java/lang/invoke/ClassSpecializer
instanceKlass sun/invoke/empty/Empty
instanceKlass sun/invoke/util/VerifyType
instanceKlass  @bci kotlinx/coroutines/CoroutineDispatcher$Key <init> ()V 7 <appendix> argL0 ; # kotlinx/coroutines/CoroutineDispatcher$Key$$Lambda+0x000001441d003448
instanceKlass java/lang/invoke/MethodHandles$Lookup$ClassDefiner
instanceKlass java/lang/invoke/MethodHandles$Lookup$ClassFile
instanceKlass jdk/internal/org/objectweb/asm/AnnotationVisitor
instanceKlass jdk/internal/org/objectweb/asm/Attribute
instanceKlass jdk/internal/org/objectweb/asm/Handler
instanceKlass jdk/internal/org/objectweb/asm/Label
instanceKlass jdk/internal/org/objectweb/asm/MethodVisitor
instanceKlass java/lang/invoke/LambdaProxyClassArchive
instanceKlass jdk/internal/org/objectweb/asm/ByteVector
instanceKlass jdk/internal/org/objectweb/asm/Symbol
instanceKlass jdk/internal/org/objectweb/asm/SymbolTable
instanceKlass jdk/internal/org/objectweb/asm/ClassVisitor
instanceKlass java/lang/invoke/InfoFromMemberName
instanceKlass java/lang/invoke/MethodHandleInfo
instanceKlass jdk/internal/org/objectweb/asm/ConstantDynamic
instanceKlass sun/invoke/util/BytecodeDescriptor
instanceKlass jdk/internal/org/objectweb/asm/Handle
instanceKlass sun/security/action/GetBooleanAction
instanceKlass jdk/internal/org/objectweb/asm/Type
instanceKlass java/lang/invoke/AbstractValidatingLambdaMetafactory
instanceKlass java/lang/invoke/MethodHandleImpl$1
instanceKlass jdk/internal/access/JavaLangInvokeAccess
instanceKlass java/lang/invoke/Invokers$Holder
instanceKlass java/lang/invoke/BootstrapMethodInvoker
instanceKlass kotlin/jvm/functions/Function1
instanceKlass kotlin/Function
instanceKlass java/lang/invoke/InvokerBytecodeGenerator$1
instanceKlass java/lang/invoke/InvokerBytecodeGenerator
instanceKlass java/lang/invoke/LambdaForm$Holder
instanceKlass java/lang/invoke/LambdaForm$Name
instanceKlass java/lang/invoke/Invokers
instanceKlass java/lang/invoke/MethodHandleImpl
instanceKlass sun/invoke/util/ValueConversions
instanceKlass java/lang/invoke/DirectMethodHandle$Holder
instanceKlass java/lang/invoke/LambdaForm$NamedFunction
instanceKlass sun/invoke/util/Wrapper$Format
instanceKlass java/lang/invoke/MethodTypeForm
instanceKlass jdk/internal/util/StrongReferenceKey
instanceKlass jdk/internal/util/ReferenceKey
instanceKlass jdk/internal/util/ReferencedKeyMap
instanceKlass java/lang/invoke/MethodType$1
instanceKlass java/lang/invoke/LambdaMetafactory
instanceKlass kotlin/coroutines/ContinuationInterceptor$Key
instanceKlass kotlin/coroutines/AbstractCoroutineContextKey
instanceKlass kotlin/coroutines/CoroutineContext$Key
instanceKlass kotlin/coroutines/AbstractCoroutineContextElement
instanceKlass kotlin/coroutines/ContinuationInterceptor
instanceKlass kotlin/coroutines/CoroutineContext$Element
instanceKlass kotlin/coroutines/CoroutineContext
instanceKlass kotlinx/coroutines/Dispatchers
instanceKlass java/lang/Void
instanceKlass java/lang/PublicMethods$Key
instanceKlass java/lang/PublicMethods$MethodList
instanceKlass androidx/compose/runtime/CompositionLocal
instanceKlass kotlinx/coroutines/CoroutineScope
instanceKlass java/util/TreeMap$PrivateEntryIterator
instanceKlass java/util/TreeMap$Entry
instanceKlass java/util/NavigableMap
instanceKlass java/util/SortedMap
instanceKlass java/util/NavigableSet
instanceKlass java/util/SortedSet
instanceKlass java/util/SequencedSet
instanceKlass jdk/internal/misc/PreviewFeatures
instanceKlass jdk/internal/misc/MainMethodFinder
instanceKlass org/jetbrains/compose/devtools/Main
instanceKlass java/security/SecureClassLoader$DebugHolder
instanceKlass java/security/Permission
instanceKlass java/security/Guard
instanceKlass java/security/PermissionCollection
instanceKlass java/security/SecureClassLoader$1
instanceKlass java/util/zip/Checksum$1
instanceKlass java/util/zip/CRC32
instanceKlass java/util/zip/Checksum
instanceKlass sun/nio/ByteBuffered
instanceKlass java/lang/Package$VersionInfo
instanceKlass java/lang/NamedPackage
instanceKlass java/lang/reflect/Array
instanceKlass java/util/jar/Attributes$Name
instanceKlass java/util/SequencedMap
instanceKlass java/util/jar/Attributes
instanceKlass jdk/internal/loader/Resource
instanceKlass sun/security/action/GetIntegerAction
instanceKlass sun/security/util/Debug
instanceKlass sun/security/util/SignatureFileVerifier
instanceKlass java/util/zip/ZipFile$InflaterCleanupAction
instanceKlass java/util/zip/Inflater$InflaterZStreamRef
instanceKlass java/util/zip/Inflater
instanceKlass java/util/zip/ZipEntry
instanceKlass java/util/zip/ZipFile$2
instanceKlass java/nio/Bits$1
instanceKlass jdk/internal/misc/VM$BufferPool
instanceKlass java/nio/Bits
instanceKlass sun/nio/ch/DirectBuffer
instanceKlass jdk/internal/perf/PerfCounter$CoreCounters
instanceKlass jdk/internal/perf/Perf
instanceKlass jdk/internal/perf/Perf$GetPerfAction
instanceKlass jdk/internal/perf/PerfCounter
instanceKlass sun/util/locale/LocaleObjectCache
instanceKlass sun/util/locale/BaseLocale$Key
instanceKlass sun/util/locale/LocaleUtils
instanceKlass sun/util/locale/BaseLocale
instanceKlass java/util/Locale
instanceKlass java/nio/file/attribute/FileTime
instanceKlass java/util/zip/ZipUtils
instanceKlass java/util/zip/ZipFile$Source$End
instanceKlass java/util/zip/ZipFile$Source$RandomAccessFileAccessor
instanceKlass java/util/zip/ZipFile$Source$FileAccessor
instanceKlass java/io/RandomAccessFile$2
instanceKlass jdk/internal/access/JavaIORandomAccessFileAccess
instanceKlass java/io/RandomAccessFile
instanceKlass java/io/DataInput
instanceKlass java/io/DataOutput
instanceKlass sun/nio/fs/WindowsNativeDispatcher$CompletionStatus
instanceKlass sun/nio/fs/WindowsNativeDispatcher$AclInformation
instanceKlass sun/nio/fs/WindowsNativeDispatcher$Account
instanceKlass sun/nio/fs/WindowsNativeDispatcher$DiskFreeSpace
instanceKlass sun/nio/fs/WindowsNativeDispatcher$VolumeInformation
instanceKlass sun/nio/fs/WindowsNativeDispatcher$FirstStream
instanceKlass sun/nio/fs/WindowsNativeDispatcher$FirstFile
instanceKlass java/util/Enumeration
instanceKlass java/util/concurrent/ConcurrentHashMap$Traverser
instanceKlass jdk/internal/loader/NativeLibraries$3
instanceKlass jdk/internal/loader/NativeLibrary
instanceKlass java/util/ArrayDeque$DeqIterator
instanceKlass jdk/internal/loader/NativeLibraries$NativeLibraryContext$1
instanceKlass jdk/internal/loader/NativeLibraries$NativeLibraryContext
instanceKlass jdk/internal/loader/NativeLibraries$2
instanceKlass jdk/internal/loader/NativeLibraries$1
instanceKlass jdk/internal/loader/NativeLibraries$LibraryPaths
instanceKlass sun/nio/fs/WindowsNativeDispatcher
instanceKlass sun/nio/fs/NativeBuffer$Deallocator
instanceKlass sun/nio/fs/NativeBuffer
instanceKlass java/lang/ThreadLocal$ThreadLocalMap
instanceKlass java/lang/ThreadLocal
instanceKlass sun/nio/fs/NativeBuffers
instanceKlass sun/nio/fs/WindowsFileAttributes
instanceKlass java/nio/file/attribute/DosFileAttributes
instanceKlass sun/nio/fs/AbstractBasicFileAttributeView
instanceKlass sun/nio/fs/DynamicFileAttributeView
instanceKlass sun/nio/fs/WindowsFileAttributeViews
instanceKlass sun/nio/fs/Util
instanceKlass java/nio/file/attribute/BasicFileAttributeView
instanceKlass java/nio/file/attribute/FileAttributeView
instanceKlass java/nio/file/attribute/AttributeView
instanceKlass java/nio/file/Files
instanceKlass java/nio/file/CopyOption
instanceKlass java/nio/file/attribute/BasicFileAttributes
instanceKlass sun/nio/fs/WindowsPath
instanceKlass java/nio/file/Path
instanceKlass java/nio/file/Watchable
instanceKlass java/util/zip/ZipFile$Source$Key
instanceKlass sun/nio/fs/WindowsPathParser$Result
instanceKlass java/util/concurrent/ForkJoinPool$ManagedBlocker
instanceKlass java/util/concurrent/locks/AbstractQueuedSynchronizer$Node
instanceKlass sun/nio/fs/WindowsPathParser
instanceKlass java/nio/file/FileSystem
instanceKlass java/nio/file/OpenOption
instanceKlass java/nio/file/spi/FileSystemProvider
instanceKlass sun/nio/fs/DefaultFileSystemProvider
instanceKlass java/util/zip/ZipFile$Source
instanceKlass java/lang/ref/Cleaner$Cleanable
instanceKlass jdk/internal/ref/CleanerImpl
instanceKlass java/lang/ref/Cleaner$1
instanceKlass java/lang/ref/Cleaner
instanceKlass jdk/internal/ref/CleanerFactory$1
instanceKlass java/util/concurrent/ThreadFactory
instanceKlass jdk/internal/ref/CleanerFactory
instanceKlass java/util/zip/ZipCoder
instanceKlass java/util/zip/ZipFile$CleanableResource
instanceKlass java/lang/Runtime$Version
instanceKlass java/util/jar/JavaUtilJarAccessImpl
instanceKlass jdk/internal/access/JavaUtilJarAccess
instanceKlass jdk/internal/loader/FileURLMapper
instanceKlass jdk/internal/loader/URLClassPath$JarLoader$1
instanceKlass java/util/zip/ZipFile$1
instanceKlass jdk/internal/access/JavaUtilZipFileAccess
instanceKlass java/util/zip/ZipFile
instanceKlass java/util/zip/ZipConstants
instanceKlass jdk/internal/loader/URLClassPath$Loader
instanceKlass jdk/internal/loader/URLClassPath$3
instanceKlass java/security/PrivilegedExceptionAction
instanceKlass sun/net/util/URLUtil
instanceKlass java/lang/StringCoding
instanceKlass sun/nio/cs/ArrayDecoder
instanceKlass java/nio/charset/CharsetDecoder
instanceKlass sun/launcher/LauncherHelper
instanceKlass java/lang/invoke/StringConcatFactory
instanceKlass java/lang/ModuleLayer$Controller
instanceKlass java/util/concurrent/CopyOnWriteArrayList
instanceKlass jdk/internal/module/ServicesCatalog$ServiceProvider
instanceKlass jdk/internal/loader/AbstractClassLoaderValue$Memoizer
instanceKlass java/util/ImmutableCollections$ListItr
instanceKlass java/util/ListIterator
instanceKlass java/lang/ModuleLayer
instanceKlass jdk/internal/module/ModuleLoaderMap$Modules
instanceKlass jdk/internal/module/ModuleLoaderMap$Mapper
instanceKlass jdk/internal/module/ModuleLoaderMap
instanceKlass java/util/AbstractMap$1$1
instanceKlass java/lang/module/ResolvedModule
instanceKlass java/lang/module/Configuration
instanceKlass jdk/internal/loader/BuiltinClassLoader$LoadedModule
instanceKlass jdk/internal/loader/AbstractClassLoaderValue
instanceKlass jdk/internal/module/ServicesCatalog
instanceKlass java/util/Deque
instanceKlass java/util/Queue
instanceKlass sun/net/util/IPAddressUtil$MASKS
instanceKlass sun/net/util/IPAddressUtil
instanceKlass java/net/URLStreamHandler
instanceKlass sun/net/www/ParseUtil
instanceKlass java/net/URL$3
instanceKlass jdk/internal/access/JavaNetURLAccess
instanceKlass java/net/URL$DefaultFactory
instanceKlass java/net/URLStreamHandlerFactory
instanceKlass jdk/internal/loader/URLClassPath
instanceKlass java/security/Principal
instanceKlass java/security/ProtectionDomain$Key
instanceKlass java/security/ProtectionDomain$JavaSecurityAccessImpl
instanceKlass jdk/internal/access/JavaSecurityAccess
instanceKlass java/lang/ClassLoader$ParallelLoaders
instanceKlass java/security/cert/Certificate
instanceKlass jdk/internal/loader/ArchivedClassLoaders
instanceKlass java/util/concurrent/ConcurrentHashMap$CollectionView
instanceKlass jdk/internal/loader/ClassLoaderHelper
instanceKlass jdk/internal/loader/NativeLibraries
instanceKlass java/lang/Module$EnableNativeAccess
instanceKlass jdk/internal/loader/BootLoader
instanceKlass java/util/Optional
instanceKlass jdk/internal/module/SystemModuleFinders$SystemModuleFinder
instanceKlass java/lang/module/ModuleFinder
instanceKlass jdk/internal/module/SystemModuleFinders$3
instanceKlass jdk/internal/module/ModuleHashes$HashSupplier
instanceKlass jdk/internal/module/SystemModuleFinders$2
instanceKlass java/util/function/Supplier
instanceKlass java/lang/module/ModuleReference
instanceKlass jdk/internal/module/ModuleResolution
instanceKlass java/util/Collections$UnmodifiableMap
instanceKlass jdk/internal/module/ModuleHashes$Builder
instanceKlass jdk/internal/module/ModuleHashes
instanceKlass jdk/internal/module/ModuleTarget
instanceKlass java/util/ImmutableCollections$Set12$1
instanceKlass java/lang/reflect/AccessFlag$18
instanceKlass java/lang/reflect/AccessFlag$17
instanceKlass java/lang/reflect/AccessFlag$16
instanceKlass java/lang/reflect/AccessFlag$15
instanceKlass java/lang/reflect/AccessFlag$14
instanceKlass java/lang/reflect/AccessFlag$13
instanceKlass java/lang/reflect/AccessFlag$12
instanceKlass java/lang/reflect/AccessFlag$11
instanceKlass java/lang/reflect/AccessFlag$10
instanceKlass java/lang/reflect/AccessFlag$9
instanceKlass java/lang/reflect/AccessFlag$8
instanceKlass java/lang/reflect/AccessFlag$7
instanceKlass java/lang/reflect/AccessFlag$6
instanceKlass java/lang/reflect/AccessFlag$5
instanceKlass java/lang/reflect/AccessFlag$4
instanceKlass java/lang/reflect/AccessFlag$3
instanceKlass java/lang/reflect/AccessFlag$2
instanceKlass java/lang/reflect/AccessFlag$1
instanceKlass java/lang/module/ModuleDescriptor$Version
instanceKlass java/lang/module/ModuleDescriptor$Provides
instanceKlass java/lang/module/ModuleDescriptor$Opens
instanceKlass java/util/ImmutableCollections$SetN$SetNIterator
instanceKlass java/lang/module/ModuleDescriptor$Exports
instanceKlass java/lang/module/ModuleDescriptor$Requires
instanceKlass jdk/internal/module/Builder
instanceKlass jdk/internal/module/SystemModules$default
instanceKlass jdk/internal/module/SystemModules
instanceKlass jdk/internal/module/SystemModulesMap
instanceKlass java/net/URI$1
instanceKlass jdk/internal/access/JavaNetUriAccess
instanceKlass java/net/URI
instanceKlass jdk/internal/module/SystemModuleFinders
instanceKlass jdk/internal/module/ArchivedModuleGraph
instanceKlass jdk/internal/module/ArchivedBootLayer
instanceKlass jdk/internal/module/ModuleBootstrap$Counters
instanceKlass jdk/internal/module/ModulePatcher
instanceKlass java/io/FileSystem
instanceKlass java/io/DefaultFileSystem
instanceKlass java/io/File
instanceKlass java/lang/module/ModuleDescriptor$1
instanceKlass jdk/internal/access/JavaLangModuleAccess
instanceKlass sun/invoke/util/VerifyAccess
instanceKlass java/util/KeyValueHolder
instanceKlass java/util/ImmutableCollections$MapN$MapNIterator
instanceKlass java/lang/StrictMath
instanceKlass java/lang/invoke/MethodHandles$Lookup
instanceKlass java/lang/invoke/MemberName$Factory
instanceKlass java/lang/invoke/MethodHandles
instanceKlass java/lang/module/ModuleDescriptor
instanceKlass jdk/internal/module/ModuleBootstrap
instanceKlass java/lang/Character$CharacterCache
instanceKlass java/util/HexFormat
instanceKlass jdk/internal/util/ClassFileDumper
instanceKlass sun/security/action/GetPropertyAction
instanceKlass java/lang/invoke/MethodHandleStatics
instanceKlass java/util/concurrent/locks/AbstractQueuedSynchronizer$ConditionObject
instanceKlass java/util/concurrent/locks/Condition
instanceKlass jdk/internal/misc/Blocker
instanceKlass java/util/Collections
instanceKlass java/lang/Thread$ThreadIdentifiers
instanceKlass sun/io/Win32ErrorMode
instanceKlass jdk/internal/misc/OSEnvironment
instanceKlass java/lang/Integer$IntegerCache
instanceKlass jdk/internal/misc/Signal$NativeHandler
instanceKlass java/util/Hashtable$Entry
instanceKlass jdk/internal/misc/Signal
instanceKlass java/lang/Terminator$1
instanceKlass jdk/internal/misc/Signal$Handler
instanceKlass java/lang/Terminator
instanceKlass java/nio/ByteOrder
instanceKlass java/nio/Buffer$2
instanceKlass jdk/internal/access/JavaNioAccess
instanceKlass java/nio/Buffer$1
instanceKlass jdk/internal/misc/ScopedMemoryAccess
instanceKlass java/nio/charset/CodingErrorAction
instanceKlass sun/nio/cs/SingleByte
instanceKlass java/lang/StringUTF16
instanceKlass sun/nio/cs/MS1252$Holder
instanceKlass sun/nio/cs/ArrayEncoder
instanceKlass java/nio/charset/CharsetEncoder
instanceKlass java/io/Writer
instanceKlass java/io/PrintStream$1
instanceKlass jdk/internal/access/JavaIOPrintStreamAccess
instanceKlass jdk/internal/misc/InternalLock
instanceKlass java/io/OutputStream
instanceKlass java/io/Flushable
instanceKlass java/io/FileDescriptor$1
instanceKlass jdk/internal/access/JavaIOFileDescriptorAccess
instanceKlass java/io/FileDescriptor
instanceKlass jdk/internal/util/StaticProperty
instanceKlass jdk/internal/reflect/MethodHandleAccessorFactory
instanceKlass java/lang/reflect/Modifier
instanceKlass java/lang/Class$1
instanceKlass java/lang/Class$Atomic
instanceKlass java/lang/Class$ReflectionData
instanceKlass java/nio/charset/StandardCharsets
instanceKlass sun/nio/cs/HistoricallyNamedCharset
instanceKlass java/nio/charset/spi/CharsetProvider
instanceKlass java/nio/charset/Charset
instanceKlass java/util/HashMap$HashIterator
instanceKlass java/util/concurrent/locks/LockSupport
instanceKlass java/util/concurrent/ConcurrentHashMap$Node
instanceKlass java/util/concurrent/ConcurrentHashMap$CounterCell
instanceKlass java/util/concurrent/locks/ReentrantLock
instanceKlass java/util/concurrent/locks/Lock
instanceKlass java/lang/CharacterData
instanceKlass java/util/Arrays
instanceKlass jdk/internal/util/Preconditions$3
instanceKlass jdk/internal/util/Preconditions$2
instanceKlass jdk/internal/util/Preconditions$4
instanceKlass java/util/function/BiFunction
instanceKlass jdk/internal/util/Preconditions$1
instanceKlass java/util/function/Function
instanceKlass jdk/internal/util/Preconditions
instanceKlass java/lang/Runtime
instanceKlass java/lang/VersionProps
instanceKlass java/lang/StringConcatHelper
instanceKlass java/util/HashMap$Node
instanceKlass java/util/Map$Entry
instanceKlass jdk/internal/util/ArraysSupport
instanceKlass jdk/internal/util/SystemProps$Raw
instanceKlass jdk/internal/util/SystemProps
instanceKlass java/lang/System$2
instanceKlass jdk/internal/access/JavaLangAccess
instanceKlass java/lang/ref/NativeReferenceQueue$Lock
instanceKlass java/lang/ref/ReferenceQueue
instanceKlass java/lang/ref/Reference$1
instanceKlass jdk/internal/access/JavaLangRefAccess
instanceKlass jdk/internal/reflect/ReflectionFactory
instanceKlass java/lang/Math
instanceKlass java/lang/StringLatin1
instanceKlass jdk/internal/reflect/Reflection
instanceKlass jdk/internal/reflect/ReflectionFactory$GetReflectionFactoryAction
instanceKlass java/security/PrivilegedAction
instanceKlass jdk/internal/access/SharedSecrets
instanceKlass java/lang/reflect/ReflectAccess
instanceKlass jdk/internal/access/JavaLangReflectAccess
instanceKlass java/util/ImmutableCollections
instanceKlass java/util/Objects
instanceKlass java/util/Set
instanceKlass jdk/internal/misc/CDS
instanceKlass java/lang/Module$ArchivedData
instanceKlass jdk/internal/misc/VM
instanceKlass java/lang/String$CaseInsensitiveComparator
instanceKlass java/util/Comparator
instanceKlass java/io/ObjectStreamField
instanceKlass jdk/internal/vm/FillerObject
instanceKlass jdk/internal/vm/vector/VectorSupport$VectorPayload
instanceKlass jdk/internal/vm/vector/VectorSupport
instanceKlass java/lang/reflect/RecordComponent
instanceKlass java/util/Iterator
instanceKlass java/lang/Number
instanceKlass java/lang/Character
instanceKlass java/lang/Boolean
instanceKlass java/util/concurrent/locks/AbstractOwnableSynchronizer
instanceKlass java/lang/LiveStackFrame
instanceKlass java/lang/StackFrameInfo
instanceKlass java/lang/StackWalker$StackFrame
instanceKlass java/lang/StackStreamFactory$AbstractStackWalker
instanceKlass java/lang/StackWalker
instanceKlass java/nio/Buffer
instanceKlass java/lang/StackTraceElement
instanceKlass java/util/RandomAccess
instanceKlass java/util/List
instanceKlass java/util/SequencedCollection
instanceKlass java/util/AbstractCollection
instanceKlass java/util/Collection
instanceKlass java/lang/Iterable
instanceKlass java/util/concurrent/ConcurrentMap
instanceKlass java/util/AbstractMap
instanceKlass java/security/CodeSource
instanceKlass jdk/internal/loader/ClassLoaders
instanceKlass java/util/jar/Manifest
instanceKlass java/lang/Enum
instanceKlass java/net/URL
instanceKlass java/io/InputStream
instanceKlass java/io/Closeable
instanceKlass java/lang/AutoCloseable
instanceKlass jdk/internal/module/Modules
instanceKlass jdk/internal/misc/Unsafe
instanceKlass jdk/internal/misc/UnsafeConstants
instanceKlass java/lang/AbstractStringBuilder
instanceKlass java/lang/Appendable
instanceKlass java/lang/AssertionStatusDirectives
instanceKlass java/lang/invoke/MethodHandleNatives$CallSiteContext
instanceKlass jdk/internal/foreign/abi/ABIDescriptor
instanceKlass jdk/internal/foreign/abi/NativeEntryPoint
instanceKlass java/lang/invoke/CallSite
instanceKlass java/lang/invoke/MethodType
instanceKlass java/lang/invoke/TypeDescriptor$OfMethod
instanceKlass java/lang/invoke/LambdaForm
instanceKlass java/lang/invoke/MethodHandleNatives
instanceKlass java/lang/invoke/ResolvedMethodName
instanceKlass java/lang/invoke/MemberName
instanceKlass java/lang/invoke/VarHandle
instanceKlass java/lang/invoke/MethodHandle
instanceKlass jdk/internal/reflect/CallerSensitive
instanceKlass java/lang/annotation/Annotation
instanceKlass jdk/internal/reflect/FieldAccessor
instanceKlass jdk/internal/reflect/ConstantPool
instanceKlass jdk/internal/reflect/ConstructorAccessor
instanceKlass jdk/internal/reflect/MethodAccessor
instanceKlass jdk/internal/reflect/MagicAccessorImpl
instanceKlass jdk/internal/vm/StackChunk
instanceKlass jdk/internal/vm/Continuation
instanceKlass jdk/internal/vm/ContinuationScope
instanceKlass java/lang/reflect/Parameter
instanceKlass java/lang/reflect/Member
instanceKlass java/lang/reflect/AccessibleObject
instanceKlass java/lang/Module
instanceKlass java/util/Map
instanceKlass java/util/Dictionary
instanceKlass java/lang/ThreadGroup
instanceKlass java/lang/Thread$UncaughtExceptionHandler
instanceKlass java/lang/Thread$Constants
instanceKlass java/lang/Thread$FieldHolder
instanceKlass java/lang/Thread
instanceKlass java/lang/Runnable
instanceKlass java/lang/ref/Reference
instanceKlass java/lang/Record
instanceKlass java/security/AccessController
instanceKlass java/security/AccessControlContext
instanceKlass java/security/ProtectionDomain
instanceKlass java/lang/SecurityManager
instanceKlass java/lang/Throwable
instanceKlass java/lang/System
instanceKlass java/lang/ClassLoader
instanceKlass java/lang/Cloneable
instanceKlass java/lang/Class
instanceKlass java/lang/invoke/TypeDescriptor$OfField
instanceKlass java/lang/invoke/TypeDescriptor
instanceKlass java/lang/reflect/Type
instanceKlass java/lang/reflect/GenericDeclaration
instanceKlass java/lang/reflect/AnnotatedElement
instanceKlass java/lang/String
instanceKlass java/lang/constant/ConstantDesc
instanceKlass java/lang/constant/Constable
instanceKlass java/lang/CharSequence
instanceKlass java/lang/Comparable
instanceKlass java/io/Serializable
ciInstanceKlass java/lang/Object 1 1 124 7 1 10 12 1 1 10 7 12 1 1 1 10 7 12 1 1 1 10 12 1 1 8 1 10 12 1 1 10 7 12 1 1 1 10 12 1 10 12 1 1 10 7 12 1 1 1 10 12 1 10 12 1 7 1 10 7 12 1 1 1 10 12 1 1 10 12 1 100 1 8 1 10 12 1 3 8 1 7 1 5 0 1 1 1 1 1 1 1 1 1 1 1 1 1 1 1 1 7 1 1 1 1 1 1 1 1 1 1 7 1 1 1 1 1 1 1 1 1 1 3 1 1
ciInstanceKlass java/io/Serializable 1 0 7 100 1 100 1 1 1
ciInstanceKlass java/lang/System 1 1 854 10 7 12 1 1 1 9 7 12 1 1 1 10 12 1 10 12 1 1 10 12 1 1 10 12 1 9 12 1 1 10 7 12 1 1 1 11 100 12 1 1 1 10 100 12 1 1 1 10 12 1 1 10 12 1 1 100 1 8 1 10 12 1 10 7 12 1 1 1 10 7 12 1 1 1 18 12 1 1 10 7 12 1 1 1 7 1 10 12 1 1 10 7 12 1 1 1 10 12 1 10 7 12 1 1 1 9 100 12 1 1 1 10 7 12 1 1 1 11 7 12 1 1 1 10 12 1 1 10 7 12 1 1 1 7 1 10 10 12 1 1 8 1 10 12 1 8 1 10 12 1 9 12 1 1 8 1 10 7 12 1 1 1 10 12 1 1 100 1 8 1 10 9 12 1 1 8 1 10 12 1 1 10 100 12 1 1 1 8 1 10 12 1 7 1 10 12 1 8 1 10 12 1 10 12 1 1 100 1 10 12 10 12 1 9 12 1 1 9 12 1 1 10 7 12 1 1 1 10 7 12 1 1 1 10 12 1 1 10 12 1 10 12 1 10 7 12 1 1 1 10 12 1 100 1 100 1 8 1 10 12 1 10 12 1 1 7 1 10 12 1 100 1 8 1 10 10 12 1 100 1 8 1 10 8 1 10 7 12 1 1 8 1 10 12 100 1 8 1 10 10 12 1 1 10 7 12 1 1 1 100 1 18 12 1 100 1 9 100 12 1 1 1 10 12 1 100 1 10 12 1 1 10 12 1 1 10 7 12 1 1 1 10 12 1 1 10 12 1 10 12 1 10 12 1 1 10 12 1 7 1 10 12 1 9 7 12 1 1 1 10 7 12 1 1 1 10 12 1 10 12 1 10 7 12 1 1 1 7 1 8 1 10 9 12 1 9 12 1 10 12 1 10 7 12 1 1 10 12 1 10 12 1 1 8 1 10 12 1 1 8 1 11 12 1 10 12 11 12 1 1 11 7 12 1 1 1 11 7 12 1 1 11 12 1 1 7 1 11 12 1 10 12 1 8 1 10 12 1 1 8 1 8 1 8 1 8 1 11 12 1 10 12 1 10 12 1 10 12 1 8 1 10 12 1 1 8 1 9 12 1 8 1 10 7 12 1 1 8 1 7 1 9 7 12 1 1 1 10 12 1 7 1 9 12 10 9 12 7 1 10 12 9 12 1 1 8 1 10 12 1 1 8 1 10 7 12 1 1 10 12 1 10 12 1 1 11 7 12 1 1 10 12 10 7 12 1 1 1 9 12 1 1 7 1 8 1 10 12 1 1 10 7 12 1 1 1 7 1 10 12 1 1 10 12 1 8 1 8 1 10 8 1 8 1 8 1 8 1 10 10 7 12 1 1 10 12 1 10 12 1 1 10 12 1 1 10 12 1 10 100 12 1 1 1 10 7 1 8 1 10 10 10 12 1 1 10 12 1 1 8 1 10 12 1 8 1 8 1 10 12 1 10 7 12 1 1 1 10 12 1 1 8 1 10 12 1 8 1 10 100 12 1 1 7 1 10 10 12 1 10 12 1 9 12 1 1 3 1 3 1 1 1 1 1 1 1 1 1 1 1 1 100 1 1 100 1 1 1 1 1 1 1 1 1 1 1 100 1 7 1 1 1 1 1 1 1 1 1 1 1 1 1 1 1 1 1 1 1 1 1 1 1 1 1 1 1 1 1 1 1 1 1 1 1 1 1 1 1 1 1 1 1 1 1 1 1 1 1 1 1 1 1 1 1 1 1 1 100 1 1 1 1 1 1 1 1 1 1 1 1 1 1 1 1 1 1 1 1 1 1 1 1 1 1 1 1 1 1 1 1 1 1 1 1 100 1 1 16 15 10 12 1 1 16 15 10 12 16 1 15 10 100 12 1 1 1 1 1 1 1 1 100 1 100 1 1 1 100 1 100 1 1
staticfield java/lang/System in Ljava/io/InputStream; java/io/BufferedInputStream
staticfield java/lang/System out Ljava/io/PrintStream; java/io/PrintStream
staticfield java/lang/System err Ljava/io/PrintStream; java/io/PrintStream
ciInstanceKlass java/lang/SecurityManager 0 0 576 10 7 12 1 1 1 9 7 12 1 1 1 10 7 12 1 1 1 100 1 8 1 10 12 1 10 12 1 1 10 7 12 1 1 1 10 7 1 10 100 1 10 9 100 12 1 1 1 10 7 12 1 1 1 10 12 1 1 10 7 12 1 1 100 1 8 1 10 9 12 1 1 9 12 1 8 1 9 12 1 7 1 10 8 1 10 12 1 1 10 12 1 10 12 1 1 100 1 10 10 12 1 1 100 1 8 1 10 12 1 8 1 8 1 8 1 8 1 8 1 8 1 10 12 1 8 1 8 1 8 1 8 1 8 1 10 7 12 1 1 1 10 12 1 1 8 1 100 1 8 1 10 8 1 8 1 8 1 8 1 8 1 10 100 12 1 1 8 1 100 1 8 1 8 1 10 8 1 10 12 1 100 1 8 1 10 10 12 1 1 10 12 1 10 12 1 10 12 1 10 100 12 1 1 1 10 12 1 10 100 12 1 1 11 100 12 1 1 1 18 12 1 1 11 100 12 1 1 1 18 12 1 1 11 12 1 1 18 18 11 12 1 18 12 1 11 12 1 1 9 12 1 1 9 12 1 9 12 1 9 12 1 100 1 10 100 12 1 1 10 12 1 10 12 1 18 12 1 18 10 100 12 1 1 1 18 12 1 10 12 1 18 18 8 1 10 12 1 9 12 1 1 11 7 12 1 1 1 8 1 100 1 10 12 1 10 12 1 1 10 12 1 1 9 12 1 1 10 12 1 10 12 1 1 8 1 100 1 10 9 12 1 8 1 10 12 1 8 1 100 1 10 10 100 12 1 1 10 100 1 9 7 12 1 1 1 11 12 1 1 10 12 1 11 12 1 10 12 1 7 1 10 10 12 1 1 10 12 1 1 1 1 1 1 1 1 1 1 1 7 1 1 1 1 1 1 1 1 1 1 1 1 1 1 1 1 1 1 1 1 1 1 1 1 1 1 1 1 1 1 1 1 1 1 1 1 1 1 1 1 1 1 1 1 1 1 1 1 1 1 1 1 1 1 1 1 3 1 1 1 1 1 1 1 1 1 1 100 1 1 1 1 1 1 1 1 1 1 1 1 1 1 1 1 1 1 1 1 1 1 1 1 1 1 1 1 1 1 1 1 1 1 1 1 1 1 16 15 10 7 12 1 1 1 16 1 16 15 10 12 16 1 15 10 12 16 15 11 7 1 16 1 16 1 15 10 12 16 15 10 12 16 15 10 12 1 16 1 15 11 12 1 15 10 12 16 15 10 16 1 15 10 100 12 1 1 1 1 1 1 100 1 100 1 1
ciInstanceKlass java/security/AccessController 1 1 295 10 7 12 1 1 1 10 7 12 1 1 1 10 7 12 1 1 1 10 12 1 1 10 12 1 1 10 7 12 1 1 1 10 12 1 1 10 12 1 10 12 1 1 10 12 1 100 1 8 1 10 12 1 10 12 1 10 12 1 1 10 12 1 7 1 7 1 10 12 1 1 10 12 1 10 12 1 10 12 1 1 10 7 12 1 1 1 10 12 1 1 9 100 12 1 1 1 10 7 12 1 1 1 10 12 1 10 12 1 9 100 12 1 1 1 10 12 1 10 12 1 1 9 12 1 1 10 100 1 10 11 7 12 1 1 1 10 7 12 1 1 11 7 1 7 1 10 12 1 10 12 1 10 12 1 8 1 10 12 1 1 8 1 10 100 12 1 1 1 8 1 7 1 10 10 12 1 1 10 12 1 10 7 12 1 1 1 10 12 1 8 1 10 7 12 1 1 8 1 8 1 10 12 1 8 1 10 12 1 10 12 1 1 10 12 1 1 1 1 1 1 1 1 1 1 1 1 1 1 1 1 1 1 1 1 1 1 1 1 1 1 1 1 100 1 1 1 1 1 1 1 1 1 1 1 1 1 1 1 1 1 1 1 1 1 1 1 1 1 1 1 1 1 1 1 1 1 1 100 1 100 1 1 1 1 1 1 1 1 1 3 1 1 1
staticfield java/security/AccessController $assertionsDisabled Z 1
ciInstanceKlass java/security/ProtectionDomain 1 1 348 10 7 12 1 1 1 9 7 12 1 1 1 7 1 10 9 12 1 1 9 12 1 1 9 12 1 1 10 7 12 1 1 7 1 9 12 1 9 12 1 1 7 1 9 12 1 1 9 12 1 10 100 12 1 1 10 100 12 1 1 1 10 12 1 1 10 12 1 9 12 1 9 100 12 1 1 10 12 1 1 10 100 1 10 12 1 1 8 1 7 1 8 1 10 12 1 10 11 10 7 12 1 1 1 10 12 1 1 8 1 11 8 1 10 12 1 8 1 8 1 10 12 1 1 10 12 1 10 12 1 1 10 12 1 8 1 10 12 1 8 1 8 1 10 7 12 1 1 1 9 100 12 1 1 1 10 12 1 1 9 100 12 1 1 1 10 7 12 1 1 1 100 1 18 12 1 1 10 7 12 1 1 1 10 7 1 10 12 1 10 12 1 1 11 100 12 1 1 11 12 1 100 1 11 7 12 1 1 1 10 12 1 10 11 12 1 1 11 12 1 1 10 12 1 10 7 12 1 1 10 100 12 1 1 11 12 1 10 12 10 12 1 8 1 8 1 10 7 12 1 1 1 7 1 10 10 7 12 1 1 1 1 1 1 1 1 1 1 7 1 1 7 1 1 1 1 1 1 1 1 1 1 1 1 1 1 1 1 1 1 1 1 1 1 1 1 1 1 1 1 1 1 1 1 1 1 1 1 1 1 1 1 1 1 1 1 7 1 1 1 1 1 1 100 1 1 16 15 10 12 16 15 10 100 12 1 1 1 1 1 1 1 100 1 100 1 1
staticfield java/security/ProtectionDomain filePermCompatInPD Z 0
ciInstanceKlass java/security/CodeSource 1 1 398 10 7 12 1 1 1 9 7 12 1 1 1 9 12 1 1 9 12 1 1 9 12 1 1 10 7 12 1 1 1 9 12 1 1 10 100 12 1 1 10 100 10 7 12 1 1 1 10 100 12 1 1 1 10 12 1 1 7 1 10 10 100 12 1 1 1 10 100 12 1 1 1 10 12 1 1 100 1 10 12 1 1 10 12 1 1 10 12 1 1 10 12 1 10 10 10 12 1 1 10 7 12 1 1 1 10 12 1 10 12 1 10 12 1 8 1 10 12 1 10 12 1 10 12 1 1 10 12 1 8 1 10 12 1 1 10 7 1 10 10 12 1 1 8 1 10 12 1 10 12 1 10 12 1 8 1 8 1 9 12 1 1 100 1 8 1 10 12 1 10 12 1 1 8 1 10 12 1 8 1 8 1 8 1 10 100 12 1 1 10 12 1 1 10 12 1 10 12 1 1 10 12 1 1 10 12 1 1 100 1 100 1 10 12 1 10 12 10 12 1 1 10 100 12 1 1 10 12 1 7 1 10 12 10 100 12 1 1 1 10 8 1 10 12 1 10 12 1 10 12 1 1 100 1 10 12 1 1 100 1 7 1 8 1 8 1 10 10 12 1 1 10 100 12 1 1 1 7 1 10 12 10 12 1 1 11 7 12 1 1 10 10 12 1 11 10 12 1 8 1 100 1 10 12 1 10 12 1 1 10 12 1 11 12 1 1 7 1 1 1 1 5 0 1 1 1 1 1 1 1 1 1 1 1 1 1 1 1 1 1 1 1 1 1 1 1 1 1 1 1 1 1 1 1 1 1 1 1 1 1 1 1 1 1 1 1 1 1 1 1 1 1 1 1 1 1 1 1 1 1 1 1 1 1 1 1 1 1 1 100 1 1 1 1 1 1 1
ciInstanceKlass java/lang/Boolean 1 1 152 10 7 12 1 1 1 9 7 12 1 1 1 10 12 1 1 10 12 1 8 1 10 7 12 1 1 9 12 1 1 9 12 1 10 12 1 1 10 12 1 1 10 12 1 1 10 7 12 1 1 1 100 1 100 1 10 12 1 1 9 100 12 1 1 9 12 10 100 12 1 1 1 10 12 1 1 8 1 10 7 12 1 1 1 9 12 1 1 7 1 7 1 7 1 1 1 1 1 1 5 0 1 1 1 1 1 1 1 1 1 1 3 1 1 1 1 1 1 1 1 1 1 1 1 1 1 1 1 1 1 7 1 1 1 1 1 1 1 1 1 1 100 1 1 1 1 1 1 1 1 1
staticfield java/lang/Boolean TRUE Ljava/lang/Boolean; java/lang/Boolean
staticfield java/lang/Boolean FALSE Ljava/lang/Boolean; java/lang/Boolean
staticfield java/lang/Boolean TYPE Ljava/lang/Class; java/lang/Class
ciInstanceKlass java/lang/Comparable 1 0 12 100 1 100 1 1 1 1 1 1 1 1
ciInstanceKlass java/lang/constant/Constable 1 0 11 100 1 100 1 1 1 1 1 1 1
ciInstanceKlass java/util/Map 1 1 263 11 7 12 1 1 1 11 12 1 1 10 100 12 1 1 11 12 1 1 11 7 12 1 1 1 11 100 12 1 1 1 11 12 1 1 7 1 11 12 1 11 12 1 100 1 100 1 10 12 1 1 11 100 12 1 1 1 11 100 12 1 1 1 11 12 1 11 12 1 10 12 1 1 11 12 1 11 100 12 1 9 7 12 1 1 1 100 1 10 12 7 1 7 1 10 12 1 7 1 10 7 1 11 12 1 11 12 1 1 11 12 1 1 7 1 11 12 1 1 1 1 1 1 1 1 1 1 1 1 1 1 1 1 1 1 1 1 1 1 1 1 1 1 1 1 1 1 1 1 1 1 1 1 1 1 1 1 1 1 1 1 1 1 1 1 1 1 1 1 1 1 1 1 1 1 1 1 1 1 1 1 1 1 1 1 1 1 1 1 1 1 1 1 1 1 1 1 1 1 1 1 1 1 1 1 1 1 1 1 1 1 1 1 1 1 1 1 1 1 1 1 1 1 1 1 1 1 1 1 1 1 1 1 1 1 1 1 1 1 1 1 1 1 100 1 1 1 1 1 1 1 1 1 1 1 1 1 1 1 1 1 1
ciInstanceKlass java/lang/Class 1 1 1698 10 7 12 1 1 1 9 7 12 1 1 1 9 12 1 1 10 12 1 1 8 1 10 12 1 8 1 8 1 10 12 1 1 10 7 12 1 1 1 10 12 1 7 1 10 10 12 1 10 12 1 1 10 12 1 1 10 12 1 1 10 100 12 1 1 10 12 1 10 12 1 10 12 1 8 1 10 12 1 8 1 10 12 1 8 1 8 1 10 12 1 1 10 7 12 1 1 1 18 12 1 1 11 7 12 1 1 1 8 1 8 1 8 1 10 7 12 1 1 1 11 12 1 1 8 1 10 12 1 10 11 100 12 1 1 1 11 7 12 1 1 1 11 8 1 18 8 1 10 12 1 10 7 12 1 1 10 12 1 1 10 7 12 1 1 1 10 12 1 1 10 12 1 1 10 7 12 1 1 1 10 12 9 100 12 1 1 1 10 7 12 1 1 1 10 12 1 10 7 12 1 1 1 10 12 1 1 18 12 1 1 10 7 12 1 1 1 10 7 12 1 10 12 1 1 10 7 1 7 1 10 12 1 1 9 12 1 1 100 1 8 1 10 12 1 10 12 1 1 10 12 1 1 10 7 12 1 1 1 7 1 10 12 1 7 1 100 1 10 10 12 1 1 10 12 1 1 100 1 10 7 12 1 1 1 10 12 1 1 10 12 1 1 9 12 1 1 10 12 1 10 12 1 1 9 12 1 1 9 12 1 1 10 12 1 1 10 100 1 10 12 1 10 12 1 10 12 1 1 10 9 12 1 10 12 1 8 1 10 12 1 1 10 12 1 1 10 12 1 10 12 1 1 10 12 1 1 10 12 1 1 9 7 12 1 1 1 10 7 12 1 1 10 12 10 12 1 10 12 1 10 12 1 10 12 1 9 100 12 1 1 1 9 12 1 10 12 1 10 100 12 1 1 1 10 12 1 1 10 100 12 1 1 10 12 1 10 12 1 1 10 100 12 1 1 1 10 12 1 10 12 1 1 10 12 1 10 12 1 10 12 1 1 10 7 1 10 10 10 12 1 1 10 12 1 1 10 12 10 10 12 1 1 7 1 8 1 10 10 12 1 1 10 12 1 100 1 11 12 1 10 100 12 1 1 10 12 1 10 12 1 10 100 12 1 1 10 10 12 1 1 8 1 10 12 1 10 12 1 1 8 1 10 12 1 9 12 1 10 12 1 10 12 1 10 12 1 10 12 7 1 9 12 1 10 12 1 9 12 1 10 12 1 10 12 1 10 12 1 10 10 12 1 10 12 1 10 7 12 1 1 10 12 1 10 12 1 10 12 1 1 10 12 1 10 12 1 10 12 1 100 1 10 12 1 10 12 1 1 10 12 1 1 10 12 1 1 10 12 1 1 10 12 1 1 10 12 1 1 7 1 10 10 12 1 1 10 12 1 1 10 12 1 1 10 10 12 1 10 12 1 1 10 12 1 1 10 12 1 1 10 12 1 1 7 1 10 10 12 11 7 12 1 1 10 12 1 10 12 1 10 100 12 1 1 1 10 12 1 1 10 10 12 1 1 7 1 10 10 12 1 1 10 7 12 1 1 1 100 1 100 1 10 12 1 1 10 12 1 10 10 12 1 1 10 12 1 10 12 1 10 12 1 10 100 12 1 1 1 11 100 12 1 1 10 12 1 10 12 1 9 12 1 10 12 1 1 10 12 1 9 12 1 1 100 1 10 9 12 1 1 10 12 7 1 10 12 1 9 12 1 10 100 12 1 1 1 10 12 1 10 12 1 10 100 12 1 1 1 10 12 1 10 12 10 12 1 1 100 1 10 8 1 10 12 1 11 11 12 1 1 11 7 12 1 1 11 12 1 8 1 10 12 1 10 12 1 1 9 12 1 9 12 1 1 10 7 12 1 1 9 12 1 10 12 1 1 10 10 12 1 10 7 12 1 1 1 10 100 12 1 1 10 100 12 1 1 9 12 1 1 10 12 1 9 12 1 10 12 1 10 12 1 1 9 12 1 1 9 12 1 10 12 1 10 12 1 1 9 12 1 100 1 10 10 12 1 1 7 1 10 12 1 1 100 11 7 1 9 12 1 1 9 12 1 7 1 10 12 1 9 12 1 1 9 12 1 10 12 1 10 12 1 1 9 12 1 100 1 10 10 12 1 1 10 10 12 1 10 12 10 10 12 1 9 12 1 10 12 1 1 10 7 12 1 1 1 10 12 1 1 10 12 1 8 10 7 8 1 18 8 1 8 1 10 12 1 9 12 1 9 12 1 1 10 12 1 7 1 7 1 10 12 1 9 12 1 1 7 1 10 10 12 1 10 7 1 9 12 1 8 1 10 12 1 7 1 10 12 1 10 12 1 1 100 1 7 1 9 12 1 100 1 8 1 10 10 7 12 1 1 1 10 12 11 7 12 1 1 1 10 12 1 10 12 1 1 10 8 1 8 1 10 12 1 1 9 100 12 1 1 11 12 7 1 11 7 12 1 1 9 12 1 10 100 12 1 1 1 10 100 12 1 1 10 12 1 1 9 12 1 9 10 12 1 1 10 12 1 1 10 12 1 1 10 12 1 1 10 12 1 1 11 12 1 100 1 11 12 1 10 100 12 1 1 1 10 12 1 11 12 1 10 100 12 1 1 1 10 12 1 10 100 12 1 1 1 11 12 1 11 12 1 1 10 12 1 10 12 1 1 9 12 1 1 9 100 12 1 1 10 12 1 10 100 12 1 1 1 10 12 1 1 10 12 1 10 12 1 10 12 1 10 7 12 1 1 1 10 12 1 8 1 10 12 1 10 12 1 10 12 1 100 1 10 12 10 100 12 1 1 1 11 100 12 1 1 1 10 12 1 1 10 12 1 18 12 1 1 11 12 1 1 18 11 12 1 18 12 1 11 12 1 10 12 1 1 10 12 1 10 12 1 10 12 1 10 12 1 10 12 10 12 1 8 1 10 12 1 7 1 9 12 1 1 7 1 7 1 7 1 7 1 1 1 3 1 3 1 3 1 1 1 1 1 1 1 5 0 1 1 1 1 1 1 1 1 1 1 1 1 1 1 1 1 1 1 1 1 1 1 1 1 100 1 1 1 1 1 1 1 100 1 1 1 1 1 7 1 1 1 1 1 1 1 1 1 1 1 1 1 1 1 1 1 1 1 1 1 1 1 1 1 1 1 1 1 1 1 1 1 1 1 1 1 1 1 1 1 1 100 1 1 1 1 1 1 1 1 1 1 1 1 1 1 1 1 1 1 1 1 1 1 1 1 1 1 1 1 1 1 1 100 1 1 1 1 1 1 1 1 1 1 1 1 1 1 1 1 1 1 1 1 3 1 1 1 1 1 1 1 1 1 1 1 1 1 1 1 1 1 1 1 1 1 1 1 1 1 1 1 1 1 1 1 1 1 1 1 7 1 7 1 1 1 1 1 1 1 1 1 1 1 1 1 1 1 1 1 1 1 1 1 1 1 1 1 1 1 1 1 1 1 1 1 1 1 1 1 1 1 1 1 1 1 1 1 1 1 1 1 1 1 1 1 1 1 1 1 1 1 1 1 1 1 1 1 1 1 1 1 1 1 1 1 1 1 1 1 1 1 1 1 1 1 1 1 1 1 1 1 1 1 1 1 1 1 1 1 1 1 1 1 1 1 1 1 1 1 1 1 1 1 1 1 1 1 1 1 1 1 1 1 1 1 1 1 1 1 1 1 1 1 1 16 15 10 12 16 15 11 12 16 1 16 15 16 15 10 12 16 16 15 10 12 16 15 16 1 15 10 12 16 15 10 7 12 1 1 1 1 1 1 1 1 1 1 1 1 7 1 1 100 1 100 1 1 100 1 100 1 1 100 1 100 1 1
staticfield java/lang/Class EMPTY_CLASS_ARRAY [Ljava/lang/Class; 0 [Ljava/lang/Class;
staticfield java/lang/Class serialPersistentFields [Ljava/io/ObjectStreamField; 0 [Ljava/io/ObjectStreamField;
ciInstanceKlass java/lang/reflect/AnnotatedElement 1 1 164 11 7 12 1 1 1 11 12 1 1 7 1 10 100 12 1 1 1 10 12 1 1 10 12 1 1 10 12 1 10 100 12 1 1 1 11 12 1 1 11 7 12 1 1 10 7 12 1 1 1 10 12 1 10 100 12 1 1 1 18 12 1 1 11 100 12 1 1 18 12 1 18 12 1 1 10 100 12 1 1 1 11 100 12 1 1 1 7 1 10 100 12 1 1 1 1 1 1 1 1 1 1 1 1 1 1 1 1 1 1 1 1 1 1 1 1 1 100 1 1 1 1 1 1 1 1 1 1 1 16 15 16 1 16 1 15 11 12 16 16 1 15 10 100 12 1 1 1 16 1 15 10 100 12 1 1 1 1 100 1 100 1 1
ciInstanceKlass java/lang/invoke/TypeDescriptor 1 0 17 100 1 100 1 1 1 1 1 1 100 1 100 1 1 1 1
ciInstanceKlass java/lang/reflect/GenericDeclaration 1 0 30 7 1 7 1 7 1 1 1 1 1 1 1 1 100 1 8 1 1 12 10 1 1 1 8 1 1 1 8 1
ciInstanceKlass java/lang/reflect/Type 1 1 17 11 100 12 1 1 1 100 1 1 1 1 1 1 1 1 1
ciInstanceKlass java/lang/invoke/TypeDescriptor$OfField 1 0 21 100 1 100 1 100 1 1 1 1 1 1 1 1 1 1 1 1 1 1 1
ciInstanceKlass java/lang/StringBuilder 1 1 422 10 7 12 1 1 1 10 12 1 10 12 1 10 12 1 1 10 7 12 1 1 1 10 7 12 1 1 1 10 12 1 10 12 1 10 12 1 10 12 1 10 12 1 10 12 1 10 12 1 10 12 1 10 12 1 10 12 1 10 12 1 10 12 1 10 12 1 10 12 1 1 10 12 1 10 12 1 1 10 12 1 1 10 12 1 10 12 1 10 12 1 10 12 1 10 12 1 10 12 1 10 12 1 10 12 10 12 1 10 12 1 10 12 1 10 12 1 1 10 12 1 10 12 1 10 12 10 12 1 1 10 12 1 10 12 1 10 12 1 10 100 12 1 1 1 9 12 1 1 10 12 1 10 12 1 1 10 12 1 1 9 12 1 1 10 100 12 1 1 1 10 100 1 10 12 1 1 10 100 12 1 1 10 12 1 10 12 1 1 100 1 100 1 8 1 10 10 12 1 1 10 12 1 10 12 1 10 12 1 1 10 12 1 10 12 1 10 12 1 10 12 1 10 12 1 10 12 10 12 1 10 12 1 10 12 1 10 12 1 10 12 1 10 12 1 10 12 1 10 12 1 10 12 1 1 10 12 1 1 10 12 1 10 12 1 10 12 1 10 12 10 12 10 12 1 10 12 1 10 12 1 10 12 10 12 1 10 12 1 10 12 1 10 12 1 10 12 1 10 12 1 10 12 1 10 12 1 10 12 1 1 10 12 1 10 12 1 1 10 12 1 10 12 1 1 10 12 1 10 12 1 1 10 12 1 10 12 1 10 12 1 10 10 12 1 10 12 1 7 1 7 1 7 1 7 1 1 1 1 5 0 1 1 1 1 1 1 1 1 1 1 1 1 1 1 1 1 1 1 1 1 1 1 1 1 1 1 1 1 1 1 1 1 1 1 1 1 1 1 1 1 1 1 1 1 100 1 1 1 7 1 1 1 1 1 1 1 1 1 1 1
instanceKlass java/lang/StringBuilder
instanceKlass java/lang/StringBuffer
ciInstanceKlass java/lang/AbstractStringBuilder 1 1 605 7 1 10 7 12 1 1 1 9 7 12 1 1 1 9 12 1 9 12 1 1 9 12 1 1 10 7 12 1 1 1 10 12 1 1 7 1 3 3 10 12 1 10 12 1 1 11 7 1 100 1 7 1 10 8 1 10 12 1 10 12 1 10 12 1 1 10 12 1 10 12 1 9 12 1 10 12 1 9 12 1 1 10 12 1 1 10 7 12 1 1 1 10 10 12 1 10 12 1 10 12 1 1 10 12 1 1 10 7 12 1 1 1 10 7 12 1 1 1 7 1 8 1 10 10 12 1 1 100 1 10 12 10 12 1 1 10 10 12 1 1 10 12 1 1 10 12 1 1 10 12 1 1 10 10 7 12 1 1 1 10 12 1 100 1 10 10 7 12 1 1 1 9 12 1 1 9 12 1 10 12 1 1 10 10 12 1 1 10 12 10 12 1 10 12 1 1 10 12 1 1 10 12 1 1 10 12 1 10 12 1 1 10 12 1 1 10 12 1 10 12 1 1 8 1 10 12 1 1 10 12 1 10 12 1 10 12 1 10 12 1 10 12 1 10 12 1 10 7 12 1 1 10 12 1 10 12 1 10 100 12 1 1 1 100 1 100 1 10 12 1 10 100 12 1 1 10 12 1 10 12 1 10 12 1 10 12 1 1 10 12 1 10 12 1 1 10 12 1 1 10 10 7 12 1 1 1 10 12 1 10 12 1 10 12 1 1 10 12 1 10 12 1 10 12 1 10 12 1 10 12 1 10 12 1 10 12 1 10 12 1 10 12 1 1 10 12 1 10 12 1 10 12 10 12 1 1 18 12 1 1 100 1 10 100 12 1 1 1 18 10 12 1 1 10 12 1 10 12 1 1 11 12 1 1 10 12 1 10 12 10 12 1 10 10 10 12 1 10 5 0 10 10 12 1 1 100 1 8 1 10 10 12 1 1 10 100 12 1 1 1 10 12 1 10 12 1 1 100 1 10 12 100 1 10 100 1 10 7 1 1 1 1 1 1 1 1 1 1 1 100 1 1 1 1 1 1 1 1 1 1 1 1 1 1 1 1 1 1 1 1 1 1 1 1 1 1 1 1 1 1 1 1 1 1 1 1 1 1 1 1 1 1 1 1 1 1 1 1 1 1 1 1 1 1 1 1 1 1 1 1 1 1 1 1 1 1 1 1 1 1 1 1 1 1 1 1 1 1 1 1 1 1 1 1 1 1 1 1 1 1 1 1 1 1 1 1 1 1 1 1 100 1 1 1 1 1 1 1 1 1 1 1 1 1 1 1 1 1 100 1 1 1 1 1 1 7 1 1 16 1 15 10 12 16 15 10 12 15 10 100 12 1 1 1 1 1 1 1 100 1 100 1 1
staticfield java/lang/AbstractStringBuilder EMPTYVALUE [B 0
ciInstanceKlass java/lang/Appendable 1 0 14 100 1 100 1 1 1 1 100 1 1 1 1 1
ciInstanceKlass java/lang/CharSequence 1 1 131 11 7 12 1 1 1 18 12 1 1 100 1 10 100 12 1 1 1 18 10 100 12 1 1 1 11 12 1 1 11 7 1 11 12 1 1 10 100 12 1 1 1 11 12 1 1 100 1 10 12 1 1 10 100 12 1 1 1 100 1 10 10 12 1 1 7 1 1 1 1 1 1 1 1 1 1 1 1 1 1 1 1 1 1 1 1 1 1 1 1 1 1 1 1 1 1 1 1 1 16 1 15 11 12 16 15 11 12 15 10 100 12 1 1 1 1 1 100 1 100 1 1 100 1 1 100 1 100 1 1
ciInstanceKlass java/lang/AutoCloseable 1 0 12 100 1 100 1 1 1 1 100 1 1 1
ciInstanceKlass java/io/Closeable 1 0 14 100 1 100 1 100 1 1 1 1 100 1 1 1
instanceKlass java/awt/FontFormatException
instanceKlass java/security/PrivilegedActionException
instanceKlass java/awt/datatransfer/UnsupportedFlavorException
instanceKlass java/lang/CloneNotSupportedException
instanceKlass java/lang/InterruptedException
instanceKlass org/jetbrains/compose/devtools/RecompilerContextDisposeException
instanceKlass kotlinx/coroutines/DispatchException
instanceKlass org/jetbrains/compose/reload/core/StopCollectingException
instanceKlass java/util/concurrent/TimeoutException
instanceKlass sun/nio/fs/WindowsException
instanceKlass io/sellmair/evas/EvasException
instanceKlass java/io/IOException
instanceKlass java/lang/ReflectiveOperationException
instanceKlass java/lang/RuntimeException
ciInstanceKlass java/lang/Exception 1 1 51 10 7 12 1 1 1 10 12 1 10 12 1 10 12 1 10 12 1 100 1 1 1 1 5 0 1 1 1 1 1 1 1 1 1 1 1 1 1 1 1 100 1 100 1 100 1 1 1 1 1
instanceKlass org/jetbrains/compose/reload/core/AsyncTracesThrowable$FrameThrowable
instanceKlass org/jetbrains/compose/reload/core/AsyncTracesThrowable
instanceKlass org/jetbrains/compose/reload/core/ValueFoundThrowable
instanceKlass java/lang/Exception
instanceKlass java/lang/Error
ciInstanceKlass java/lang/Throwable 1 1 428 10 7 12 1 1 1 9 7 12 1 1 1 9 12 1 1 9 12 1 9 12 1 1 9 12 1 10 12 1 1 9 12 1 1 10 12 1 1 10 12 1 100 1 7 1 10 8 1 10 12 1 1 8 1 10 7 12 1 1 10 10 12 1 100 1 8 1 10 10 12 1 1 10 7 12 1 1 10 12 1 8 1 9 7 12 1 1 1 10 12 1 1 100 1 10 12 10 12 1 10 100 12 1 1 1 100 1 10 12 10 12 1 10 12 1 100 1 10 10 7 12 1 1 1 11 100 12 1 1 1 10 12 1 1 10 12 1 1 8 1 10 12 1 10 12 1 1 8 1 8 1 10 12 1 1 10 12 1 8 1 8 1 9 12 1 1 10 12 1 1 100 1 10 11 12 1 8 1 8 1 10 7 12 1 1 8 1 10 12 1 8 1 100 1 10 12 1 9 12 1 1 10 12 1 10 7 12 1 9 12 1 1 10 12 1 1 100 1 8 1 10 12 1 10 100 12 1 1 10 12 1 1 7 1 10 100 12 1 1 1 10 12 1 11 7 12 1 1 1 11 7 12 1 1 11 12 1 8 1 10 12 1 1 8 1 10 10 9 100 12 1 1 1 8 1 10 12 1 1 11 10 100 1 8 1 10 11 12 1 1 8 1 9 12 1 10 100 12 1 1 11 9 12 1 1 11 12 1 1 100 9 12 1 1 11 100 12 1 1 7 1 10 12 1 10 12 1 1 7 1 1 1 1 5 0 1 1 1 1 1 1 1 1 1 1 1 1 1 1 1 1 1 1 1 1 1 1 1 1 1 1 1 1 1 1 1 1 1 1 1 1 1 1 1 1 1 1 1 1 1 1 1 1 1 1 1 1 1 1 1 1 1 100 1 7 1 1 1 1 1 1 1 1 1 1 1 1 1 1 1 1 1 1 1 1 1 1 1 1 1 1 1 100 1 100 1 1
staticfield java/lang/Throwable UNASSIGNED_STACK [Ljava/lang/StackTraceElement; 0 [Ljava/lang/StackTraceElement;
staticfield java/lang/Throwable SUPPRESSED_SENTINEL Ljava/util/List; java/util/Collections$EmptyList
staticfield java/lang/Throwable EMPTY_THROWABLE_ARRAY [Ljava/lang/Throwable; 0 [Ljava/lang/Throwable;
staticfield java/lang/Throwable $assertionsDisabled Z 1
instanceKlass java/security/Provider
ciInstanceKlass java/util/Properties 1 1 690 10 7 12 1 1 1 100 1 10 7 12 1 1 7 1 10 12 1 9 12 1 1 9 12 1 1 9 12 1 1 10 7 12 1 1 1 10 12 1 1 8 1 10 7 12 1 1 1 7 1 10 12 1 10 12 1 1 8 1 10 12 1 7 1 10 12 10 12 1 1 9 12 1 1 10 12 1 1 7 1 10 12 1 10 12 1 10 12 1 1 100 1 8 1 10 12 1 10 12 1 10 12 1 1 10 12 1 7 1 3 10 10 100 12 1 1 1 10 12 1 10 12 1 1 8 1 10 12 1 10 12 1 1 8 1 10 100 12 1 1 10 12 1 1 10 12 1 10 12 1 1 100 1 10 12 1 10 12 1 1 100 1 9 100 12 1 1 1 10 12 1 10 12 1 1 10 12 1 1 10 12 1 1 100 1 9 12 1 1 7 1 7 1 10 12 1 7 1 11 7 12 1 1 1 11 12 1 1 11 7 12 1 1 1 11 7 12 1 1 1 11 12 1 1 11 12 1 11 12 1 10 12 1 1 8 1 10 12 1 10 100 12 1 1 10 12 1 100 1 10 10 12 1 10 12 1 100 1 10 10 12 1 1 10 7 12 1 1 9 100 12 1 1 10 12 1 1 10 100 12 1 1 1 100 1 100 1 100 1 10 8 1 8 1 10 12 1 10 12 1 10 12 1 1 10 10 12 1 1 10 12 1 1 7 1 10 10 12 1 11 7 12 1 1 10 7 12 1 1 1 8 1 10 100 12 1 1 11 11 7 1 8 1 10 100 1 11 10 12 1 10 10 12 1 10 12 1 1 10 12 1 1 10 12 1 1 10 12 1 10 12 1 10 10 12 1 10 12 1 10 12 1 10 10 12 1 1 10 12 1 1 10 10 12 1 10 12 1 10 12 1 10 12 1 10 12 1 1 10 12 1 1 10 12 1 10 12 1 10 12 1 1 10 12 10 12 1 1 10 12 1 1 10 12 1 10 12 1 1 10 12 1 1 10 12 10 11 12 1 4 11 10 12 1 1 10 100 12 1 1 11 12 1 10 12 1 1 10 100 12 1 1 10 12 1 100 1 8 1 10 12 1 10 10 100 12 1 1 1 100 1 6 0 10 12 1 1 11 100 12 1 1 1 10 12 1 10 12 1 1 1 1 1 5 0 1 1 1 1 1 1 1 1 1 1 1 1 1 1 1 1 1 1 1 1 1 1 1 1 1 1 1 1 1 1 1 1 1 1 1 1 1 1 1 100 1 1 1 1 1 1 1 1 1 1 1 1 1 1 1 1 1 1 1 1 100 1 1 1 1 1 1 1 1 1 1 1 1 7 1 7 1 1 1 1 1 100 1 1 1 1 1 1 1 1 1 1 1 1 1 1 1 1 1 1 1 1 1 1 1 1 1 1 1 1 1 1 1 1 1 1 1 1 1 1 1 1 1 1 1 1 1 1 1 1 1 1 1 1 1 1 1 1 1 1 1 1 1 1 1 1 1 1 1 1 1 1 1 1 1 1 1 1 1 7 1 1 1 1 1 1 1 1 1 1 1 100 1 1
staticfield java/util/Properties UNSAFE Ljdk/internal/misc/Unsafe; jdk/internal/misc/Unsafe
instanceKlass java/util/Hashtable
ciInstanceKlass java/util/Dictionary 1 1 36 10 7 12 1 1 1 100 1 1 1 1 1 1 1 1 1 1 1 1 1 1 1 1 1 1 1 1 1 1 1 1 1 1 1 1
instanceKlass javax/swing/UIDefaults
instanceKlass java/util/Properties
ciInstanceKlass java/util/Hashtable 1 1 516 7 1 10 7 12 1 1 1 9 7 12 1 1 1 100 1 7 1 10 8 1 10 12 1 1 10 12 1 10 12 1 1 10 12 1 10 7 12 1 1 1 8 1 10 12 1 9 12 1 1 7 1 9 12 1 1 4 10 7 12 1 1 1 9 12 1 4 10 12 1 11 7 12 1 1 1 10 12 1 1 10 12 1 1 9 12 1 10 12 1 1 100 1 10 9 12 1 1 10 7 12 1 1 1 9 12 1 1 10 12 1 10 12 1 3 9 12 1 9 12 1 3 10 12 1 10 12 1 10 12 1 1 11 12 1 1 11 100 12 1 1 1 11 7 12 1 1 1 11 12 1 100 1 11 12 1 11 12 1 10 12 1 1 10 12 1 1 10 12 1 9 12 1 1 9 12 9 12 1 1 10 100 1 7 1 10 12 1 10 8 1 10 10 12 1 8 1 10 8 1 10 100 12 1 1 1 100 1 10 12 1 10 12 1 100 1 10 12 1 10 12 1 1 100 1 10 100 1 10 10 12 1 1 11 12 1 1 11 12 1 7 1 10 10 10 100 12 1 1 11 100 12 1 1 1 100 1 10 11 100 12 1 1 11 100 12 1 10 12 1 10 12 1 1 10 100 12 1 1 10 12 1 1 10 12 1 1 10 12 1 1 10 100 12 1 1 1 8 10 100 12 1 1 100 1 8 1 10 4 4 10 12 1 1 10 12 1 8 1 4 10 12 10 100 12 1 1 1 100 1 11 100 12 1 1 1 10 100 12 1 1 1 10 12 1 10 12 1 1 10 7 1 7 1 1 1 1 1 1 5 0 1 1 1 1 1 3 1 3 1 3 1 1 1 1 1 1 1 1 1 1 1 1 1 1 1 1 1 1 1 1 1 1 1 1 1 100 1 1 1 1 1 1 1 1 1 1 1 1 1 1 1 1 1 1 1 1 1 1 1 1 1 1 1 1 1 7 1 1 1 1 1 1 1 1 1 1 1 1 1 1 7 1 1 1 1 1 1 1 1 1 1 1 1 1 1 1 1 1 1 1 1 1 1 1 1 1 1 1 1 1 1 1 1 1 1 1 1 1 1 1 1 1 1 1 1 100 1 1 1 7 1 1 1 1 1 7 1 1 1 1 1 1 1 1 1 1 1 1 1 1 1 1 1 1
ciInstanceKlass java/lang/String 1 1 1443 10 7 12 1 1 1 8 1 9 7 12 1 1 1 9 12 1 1 9 12 1 1 9 12 1 1 10 12 1 10 12 1 1 10 12 1 1 9 12 1 10 7 12 1 1 1 10 7 1 10 7 12 1 1 1 10 12 1 1 10 12 1 1 10 12 1 10 12 1 1 10 12 1 10 7 12 1 1 1 7 1 9 7 12 1 1 1 10 7 12 1 1 1 10 7 12 1 1 1 10 12 1 1 10 12 1 1 10 12 1 1 10 12 1 1 9 7 12 1 1 10 12 9 7 12 1 1 10 12 1 1 3 10 12 1 1 7 1 11 12 1 1 11 12 1 11 12 1 1 10 7 12 1 1 1 10 12 1 1 9 100 12 1 1 1 10 12 1 1 10 12 1 11 12 1 1 10 12 1 1 10 12 10 12 1 1 10 7 12 1 1 1 10 12 1 1 10 12 1 1 7 1 7 1 10 12 1 10 12 1 10 12 1 1 100 1 10 12 1 1 100 1 10 12 1 1 10 12 1 1 10 12 1 10 10 12 1 100 1 100 1 7 1 10 12 1 10 12 1 1 10 12 1 1 10 12 1 10 12 1 1 10 12 1 1 10 100 12 1 1 100 1 11 10 7 12 1 1 11 12 1 11 12 1 10 12 1 1 10 12 1 10 12 10 12 1 1 10 10 7 12 1 1 1 10 7 12 1 1 10 12 1 1 10 7 12 1 1 10 12 1 10 12 1 1 10 12 1 1 10 12 1 10 12 1 10 12 1 1 100 1 10 12 1 1 10 12 10 12 1 10 12 1 1 10 12 1 1 10 7 12 1 1 1 10 12 1 10 12 1 1 10 12 1 10 12 1 3 3 10 12 1 1 10 12 1 10 12 1 1 10 12 1 1 10 12 1 1 10 12 1 10 12 1 1 10 12 1 1 10 12 1 10 12 1 10 12 1 10 12 1 1 10 12 1 10 12 1 10 12 1 10 12 1 10 12 1 10 12 1 10 7 1 10 8 1 10 12 1 1 10 12 1 8 1 10 12 1 1 10 12 10 12 1 8 1 10 10 12 1 1 10 12 1 1 10 12 1 1 10 7 1 10 10 12 1 10 12 1 10 12 1 10 10 12 1 10 12 1 10 12 1 10 12 1 10 12 1 10 12 1 10 12 1 1 10 12 1 1 10 12 1 1 10 10 12 1 1 10 10 12 1 100 1 10 10 12 1 1 10 12 1 1 10 7 1 10 12 1 10 12 1 10 7 12 1 1 1 10 12 1 10 12 1 1 10 12 1 11 7 1 11 12 10 12 1 10 12 1 1 10 12 1 1 10 10 12 1 10 12 1 9 12 1 1 11 7 12 1 1 1 10 12 10 10 12 1 10 12 1 1 10 10 12 1 10 12 1 10 12 1 1 10 12 1 1 10 10 12 1 1 10 12 1 10 10 12 1 10 12 10 10 12 10 10 12 1 10 12 1 10 10 12 10 7 12 1 1 1 10 12 10 10 12 10 12 1 10 12 10 12 10 10 12 1 10 12 1 1 10 12 1 1 10 10 12 1 10 7 12 1 1 1 10 12 1 1 10 10 7 12 1 1 1 11 10 12 1 10 12 1 1 10 12 1 1 10 7 12 1 1 1 10 12 1 10 12 1 10 12 1 10 12 1 10 12 1 10 12 1 100 1 7 1 8 1 10 10 10 12 1 10 12 1 1 8 1 10 12 1 3 3 10 12 1 10 12 1 1 10 12 7 1 10 10 12 1 1 10 12 1 10 12 1 10 12 1 1 10 12 1 1 11 7 12 1 1 1 7 1 10 12 1 10 12 1 1 8 1 10 12 1 1 10 12 1 11 7 12 1 1 1 11 7 12 1 1 11 12 1 10 12 1 10 12 1 1 10 10 7 12 1 1 1 10 12 1 10 12 1 10 10 12 10 12 1 1 10 10 12 1 10 10 12 1 10 10 12 1 10 10 12 1 10 12 1 1 10 10 12 1 8 1 10 12 1 1 18 12 1 1 11 100 12 1 1 1 7 1 3 18 12 1 18 12 1 8 1 10 100 12 1 1 1 11 12 1 1 10 12 10 10 12 1 10 11 12 1 1 10 12 1 1 11 12 1 18 3 11 10 12 1 11 11 10 12 1 10 12 1 1 8 1 10 12 1 10 12 1 10 12 1 1 10 10 12 1 11 100 12 1 100 1 100 1 10 12 100 1 10 10 100 12 1 1 1 100 1 10 7 1 10 10 12 1 10 10 12 1 8 1 10 10 12 1 8 1 8 1 10 12 1 10 12 1 10 10 12 10 7 12 1 1 10 7 12 1 1 10 7 12 1 1 8 1 10 12 1 10 12 1 10 9 12 1 10 12 9 7 12 1 1 1 10 12 1 10 12 1 10 12 1 10 12 1 10 12 1 8 1 10 100 12 1 1 1 10 12 10 12 1 1 10 12 10 10 12 10 12 7 1 9 12 1 1 7 1 10 7 1 7 1 7 1 7 1 1 1 1 1 1 5 0 1 1 1 1 1 3 1 3 1 1 1 1 1 1 1 1 1 1 1 1 1 1 1 100 1 1 1 1 1 1 1 1 1 1 1 1 1 1 1 1 1 1 1 1 1 1 1 1 1 1 1 1 1 1 1 100 1 1 1 1 1 1 1 1 1 1 7 1 1 1 1 1 1 1 1 1 1 1 1 1 1 1 1 1 1 1 1 1 1 1 1 1 1 1 1 1 1 1 1 1 1 1 1 1 1 1 1 1 1 1 1 1 1 1 1 1 1 1 1 1 1 1 1 1 1 1 1 1 1 1 1 1 1 1 1 1 1 1 1 1 1 1 1 1 1 1 1 1 1 1 1 1 1 1 1 1 1 1 1 1 1 1 1 1 1 1 1 1 1 1 1 1 1 1 1 1 1 1 1 1 1 1 1 1 1 1 1 1 1 1 1 1 1 1 1 1 1 1 1 1 1 1 1 1 1 1 1 1 1 1 1 1 1 1 1 1 1 1 1 1 1 1 1 1 1 1 1 1 1 1 1 1 1 1 1 1 1 1 1 1 1 1 100 1 1 1 1 1 1 1 1 1 1 1 1 1 1 1 1 1 1 1 1 1 1 1 100 1 1 1 1 1 1 1 1 1 1 1 1 1 1 1 7 1 1 1 1 1 1 1 1 1 1 1 1 1 1 1 16 15 10 12 16 15 10 12 15 10 12 15 10 12 15 10 100 12 1 1 1 1 1 1 1 100 1 100 1 1 1
staticfield java/lang/String COMPACT_STRINGS Z 1
staticfield java/lang/String serialPersistentFields [Ljava/io/ObjectStreamField; 0 [Ljava/io/ObjectStreamField;
staticfield java/lang/String CASE_INSENSITIVE_ORDER Ljava/util/Comparator; java/lang/String$CaseInsensitiveComparator
ciInstanceKlass java/lang/constant/ConstantDesc 1 0 37 100 1 100 1 1 1 1 100 1 1 1 1 100 1 100 1 100 1 100 1 100 1 100 1 100 1 100 1 100 1 1 100 1 100 1 1
ciInstanceKlass java/lang/InternalError 0 0 34 10 100 12 1 1 1 10 12 1 10 12 1 10 12 1 100 1 1 1 1 5 0 1 1 1 1 1 1 1 1 1 1 1
instanceKlass kotlin/jvm/KotlinReflectionNotSupportedError
instanceKlass kotlin/NotImplementedError
instanceKlass java/lang/AssertionError
instanceKlass java/lang/VirtualMachineError
instanceKlass java/lang/LinkageError
ciInstanceKlass java/lang/Error 1 1 40 10 7 12 1 1 1 10 12 1 10 12 1 10 12 1 10 12 1 100 1 1 1 1 5 0 1 1 1 1 1 1 1 1 1 1 1 1 1 1
instanceKlass java/lang/StackOverflowError
instanceKlass java/lang/OutOfMemoryError
instanceKlass java/lang/InternalError
ciInstanceKlass java/lang/VirtualMachineError 1 1 34 10 100 12 1 1 1 10 12 1 10 12 1 10 12 1 100 1 1 1 1 5 0 1 1 1 1 1 1 1 1 1 1 1
ciInstanceKlass java/util/Iterator 1 1 53 100 1 8 1 10 12 1 1 10 100 12 1 1 1 11 7 12 1 1 1 11 12 1 1 11 100 12 1 1 1 7 1 1 1 1 1 1 1 1 1 1 1 1 1 1 1 1 1 1 1 1 1
instanceKlass com/sun/imageio/plugins/common/InputStreamAdapter
instanceKlass java/io/SequenceInputStream
instanceKlass java/io/ObjectInputStream$PeekInputStream
instanceKlass java/io/ObjectInputStream$BlockDataInputStream
instanceKlass java/io/ObjectInputStream
instanceKlass java/lang/ProcessBuilder$NullInputStream
instanceKlass sun/nio/ch/ChannelInputStream
instanceKlass sun/nio/ch/NioSocketImpl$1
instanceKlass java/net/Socket$SocketInputStream
instanceKlass java/util/zip/ZipFile$ZipFileInputStream
instanceKlass java/io/FilterInputStream
instanceKlass java/io/FileInputStream
instanceKlass java/io/ByteArrayInputStream
ciInstanceKlass java/io/InputStream 1 1 195 7 1 10 7 12 1 1 1 100 1 10 10 7 12 1 1 1 10 7 12 1 1 1 10 12 1 100 1 3 10 12 1 1 100 1 8 1 10 12 1 10 7 12 1 1 1 3 7 1 8 1 10 10 100 12 1 1 1 7 1 10 11 7 12 1 1 1 10 12 1 1 11 12 1 1 11 7 12 1 1 1 11 12 1 1 100 1 10 7 12 1 1 1 5 0 10 12 1 10 12 1 1 100 1 10 8 1 10 8 1 8 1 10 12 1 1 10 100 12 1 1 1 7 1 5 0 10 12 1 100 1 7 1 1 1 1 3 1 3 1 1 1 1 1 1 1 1 1 1 1 1 1 1 1 1 1 1 1 1 1 1 1 1 1 1 1 1 1 1 1 1 1 1 1 1 1 1 1 1 1 1 1 1 1 1 1 1 1 1 1 1 1 1 1
ciInstanceKlass jdk/internal/misc/Unsafe 1 1 1287 10 7 12 1 1 1 9 7 12 1 1 1 9 12 1 1 10 12 1 1 10 7 12 1 1 1 10 12 1 1 10 12 1 1 10 12 1 1 10 12 1 1 10 12 1 1 10 12 1 1 10 12 1 1 10 12 1 1 10 12 1 1 10 12 1 1 10 12 1 1 10 12 1 1 10 12 1 1 10 12 1 10 12 1 100 1 10 10 12 1 1 10 12 1 1 5 0 10 12 1 1 10 12 1 1 10 7 12 1 1 1 10 12 1 1 10 12 1 10 12 1 10 12 1 1 10 12 1 1 10 12 1 10 12 1 7 1 7 1 10 8 1 10 12 1 1 10 12 1 8 1 10 12 1 1 10 12 1 10 12 1 10 12 1 1 10 12 1 10 12 1 1 10 12 1 1 10 12 1 10 12 1 10 12 1 10 12 1 1 10 12 1 10 12 1 10 12 1 1 10 12 1 5 0 5 0 5 0 10 12 1 10 12 1 10 12 1 10 12 1 10 12 1 10 12 1 10 12 1 10 12 1 10 12 1 1 10 12 1 10 12 1 7 1 8 1 10 100 1 10 10 12 1 1 10 12 1 1 10 12 1 10 12 1 1 10 12 1 1 10 12 1 10 12 1 1 10 12 1 9 7 12 1 1 9 12 1 100 1 10 10 12 1 1 8 1 10 8 1 8 1 10 12 1 1 9 7 12 1 1 1 9 7 1 9 7 1 9 7 1 9 9 7 1 9 7 1 9 7 1 10 12 1 1 10 12 1 1 10 12 1 1 10 12 1 1 5 0 5 0 9 12 1 1 10 12 1 10 12 1 10 12 1 1 10 12 1 1 10 12 1 8 1 3 10 12 1 1 10 12 1 1 10 12 1 10 12 1 1 10 12 1 1 10 12 1 10 12 1 10 12 1 10 12 1 10 12 1 10 12 1 1 10 12 1 1 10 12 1 10 12 1 10 12 1 10 12 1 10 12 1 10 12 1 1 10 12 1 1 10 12 1 10 12 1 10 12 1 10 12 1 10 12 1 10 12 1 1 10 12 1 1 10 12 1 1 10 12 1 1 10 12 1 10 12 1 10 12 1 10 12 1 10 12 1 10 12 1 10 12 1 1 10 12 1 1 10 12 1 10 12 1 10 12 1 10 12 1 10 12 1 10 12 1 10 12 1 1 10 12 1 1 10 12 1 10 12 1 10 12 1 10 12 1 10 12 1 10 12 1 10 12 1 10 12 1 1 10 12 1 10 12 1 10 12 1 10 12 1 10 12 1 1 10 12 1 10 12 1 10 12 1 10 12 1 10 12 1 10 12 1 10 12 1 10 12 1 1 10 12 1 10 12 1 10 12 1 10 12 1 10 12 1 10 12 1 1 10 12 1 10 12 1 10 12 1 1 10 12 1 10 12 1 10 12 1 10 12 1 10 12 1 10 12 1 10 12 1 10 12 1 10 12 1 10 12 1 10 12 1 10 12 1 10 12 1 10 12 1 10 12 1 10 12 1 10 12 1 10 12 1 10 12 1 10 12 1 10 12 1 10 12 1 10 12 1 100 1 10 100 1 10 9 12 1 5 0 10 12 1 1 5 0 10 12 1 5 0 10 12 1 10 12 1 10 12 1 1 10 12 1 1 10 12 1 10 12 1 10 12 1 10 12 1 1 10 12 1 10 12 1 10 12 1 10 12 1 10 12 1 1 10 12 1 10 12 1 10 12 1 10 12 1 1 10 12 1 10 12 1 10 12 1 1 10 12 1 10 12 1 10 12 1 10 12 1 1 10 12 1 10 10 12 1 1 10 12 1 10 12 1 1 10 12 1 10 12 5 0 5 0 5 0 10 12 1 1 10 12 1 10 12 1 10 12 10 100 12 1 1 8 1 100 1 11 12 1 1 8 1 11 12 1 1 10 100 12 1 1 10 12 1 10 12 1 10 12 1 10 12 1 10 12 1 1 10 12 1 10 12 1 10 12 1 10 12 1 10 12 1 10 12 1 10 7 1 10 12 1 9 12 1 7 1 9 12 1 7 1 9 12 1 7 1 9 12 1 7 1 9 12 1 7 1 9 12 1 7 1 9 12 1 7 1 9 12 1 7 1 9 12 1 10 12 1 9 12 1 9 12 1 9 12 1 9 12 1 9 12 1 9 12 1 9 12 1 9 12 1 9 12 1 9 12 1 1 1 3 1 1 1 1 1 1 1 1 1 1 1 1 1 1 1 1 1 1 1 1 1 1 1 1 1 1 1 1 1 1 1 1 1 1 1 1 1 1 1 1 1 1 1 1 1 1 1 1 1 1 1 1 1 1 1 1 1 1 1 1 1 1 1 1 1 1 1 1 1 1 1 1 1 1 1 1 1 1 1 1 1 1 1 1 1 1 1 1 1 100 1 1 1 1 1 1 1 1 1 1 1 1 1 1 1 1 1 1 1 1 1 1 1 1 1 1 1 1 1 1 1 1 1 1 1 1 1 1 1 1 1 1 1 1 1 1 1 1 1 1 1 1 1 1 1 1 1 1 1 1 1 1 1 1 1 1 1 1 1 1 1 1 1 1 1 1 1 1 1 1 1 1 1 1 1 1 1 1 1 1 1 1 1 1 1 1 1 1 1 1 1 1 1 1 1 1 1 1 1 1 1 1 1 1 1 1 1 1 1 1 1 1 1 1 1 1 1 1 1 1 1 1 1 1 1 1 1 1 1 1 1 1 1 1 1 1 1 1 1 1 1 1 1 1 1 1 1 1 1 1 1 1 1 1 1 1 1 1 1 1 1 1 1 1 1 1 1 1 1 1 1 1 1 1 1 1 1 1 1 1 1 1 1 1 1 1 1 1 1 1 1 1 1 1 1 1 3 1 1 1 1 1 1 1 1 1 1 1 1 1 1 1 1 1 1 1 1 1
staticfield jdk/internal/misc/Unsafe theUnsafe Ljdk/internal/misc/Unsafe; jdk/internal/misc/Unsafe
staticfield jdk/internal/misc/Unsafe ARRAY_BOOLEAN_BASE_OFFSET I 16
staticfield jdk/internal/misc/Unsafe ARRAY_BYTE_BASE_OFFSET I 16
staticfield jdk/internal/misc/Unsafe ARRAY_SHORT_BASE_OFFSET I 16
staticfield jdk/internal/misc/Unsafe ARRAY_CHAR_BASE_OFFSET I 16
staticfield jdk/internal/misc/Unsafe ARRAY_INT_BASE_OFFSET I 16
staticfield jdk/internal/misc/Unsafe ARRAY_LONG_BASE_OFFSET I 16
staticfield jdk/internal/misc/Unsafe ARRAY_FLOAT_BASE_OFFSET I 16
staticfield jdk/internal/misc/Unsafe ARRAY_DOUBLE_BASE_OFFSET I 16
staticfield jdk/internal/misc/Unsafe ARRAY_OBJECT_BASE_OFFSET I 16
staticfield jdk/internal/misc/Unsafe ARRAY_BOOLEAN_INDEX_SCALE I 1
staticfield jdk/internal/misc/Unsafe ARRAY_BYTE_INDEX_SCALE I 1
staticfield jdk/internal/misc/Unsafe ARRAY_SHORT_INDEX_SCALE I 2
staticfield jdk/internal/misc/Unsafe ARRAY_CHAR_INDEX_SCALE I 2
staticfield jdk/internal/misc/Unsafe ARRAY_INT_INDEX_SCALE I 4
staticfield jdk/internal/misc/Unsafe ARRAY_LONG_INDEX_SCALE I 8
staticfield jdk/internal/misc/Unsafe ARRAY_FLOAT_INDEX_SCALE I 4
staticfield jdk/internal/misc/Unsafe ARRAY_DOUBLE_INDEX_SCALE I 8
staticfield jdk/internal/misc/Unsafe ARRAY_OBJECT_INDEX_SCALE I 4
staticfield jdk/internal/misc/Unsafe ADDRESS_SIZE I 8
instanceKlass jdk/internal/reflect/DelegatingClassLoader
instanceKlass java/security/SecureClassLoader
ciInstanceKlass java/lang/ClassLoader 1 1 1108 9 7 12 1 1 1 10 7 12 1 1 1 9 12 1 1 10 7 12 1 1 1 7 1 10 12 1 1 10 12 1 1 9 12 1 1 10 12 1 1 100 1 10 12 1 10 12 1 1 10 7 12 1 1 1 100 1 8 1 10 12 1 10 7 12 1 1 1 10 7 12 1 10 7 1 10 7 1 7 1 7 1 10 12 1 10 12 1 9 12 1 1 10 10 7 12 1 1 1 9 12 1 1 9 12 1 9 12 1 1 9 12 1 9 12 1 1 9 12 1 1 7 1 10 12 1 9 12 1 1 10 12 1 1 10 7 12 1 1 1 9 12 1 9 12 1 1 9 12 1 10 12 1 1 9 12 10 12 1 1 7 1 10 8 1 10 12 1 1 10 12 1 10 7 1 7 1 10 12 1 1 10 7 12 1 1 1 8 1 10 12 1 10 12 1 10 12 1 1 10 12 1 1 10 12 1 1 10 12 1 1 10 12 1 1 10 12 1 7 1 10 12 1 10 100 12 1 1 1 10 12 1 1 10 12 1 10 12 1 10 12 1 10 12 1 10 12 1 1 10 10 12 1 10 12 1 10 100 12 1 1 10 12 1 1 10 12 1 1 10 12 1 100 1 10 12 1 7 1 10 12 1 10 7 12 1 1 1 10 10 12 1 1 10 12 1 1 7 1 8 1 10 8 1 10 12 1 10 12 1 100 1 8 1 10 12 1 1 10 12 1 1 10 10 12 1 1 10 12 1 1 10 12 1 1 10 7 1 10 12 1 1 10 12 1 1 10 12 1 1 10 12 1 1 10 12 1 1 10 12 1 1 10 12 1 10 100 12 1 1 1 10 12 1 10 12 1 10 12 1 1 10 12 1 10 12 1 10 12 1 10 12 1 1 10 12 1 10 12 1 1 8 1 9 12 1 10 12 1 1 8 1 8 1 10 7 12 1 1 100 1 10 10 12 10 12 1 10 12 1 10 12 1 10 12 1 1 10 7 12 1 1 10 12 1 10 7 1 7 1 10 12 1 1 10 12 1 10 7 1 10 12 1 100 1 18 12 1 10 7 12 1 1 1 10 100 12 1 1 1 10 7 12 1 1 10 12 1 10 12 1 100 1 10 12 1 8 1 10 10 12 1 1 10 12 1 10 12 1 1 100 1 10 12 1 10 12 1 1 10 7 12 1 1 10 12 1 8 1 100 1 10 10 12 1 9 12 1 10 7 12 1 1 10 12 1 7 1 8 1 10 12 1 10 8 1 8 1 10 12 1 1 10 12 1 1 10 12 1 1 10 7 12 1 1 7 1 100 1 10 12 1 1 7 1 7 1 10 7 12 1 1 10 12 1 10 12 1 1 10 12 1 10 12 1 1 10 12 1 1 9 100 12 1 1 1 10 12 1 1 10 12 1 10 12 1 10 12 1 1 10 12 1 8 1 7 1 18 12 1 1 10 12 1 1 10 12 1 10 12 1 10 12 1 8 1 10 12 1 10 12 1 18 12 1 11 100 12 1 1 1 100 1 10 12 1 1 10 12 1 10 11 12 1 1 10 18 10 12 1 1 11 7 12 1 18 12 1 11 12 1 1 10 12 10 12 1 1 10 12 1 1 100 1 8 1 10 10 12 1 8 1 8 1 10 100 12 1 1 10 12 1 100 1 10 10 12 1 8 1 8 1 8 1 10 12 1 10 12 1 1 10 12 1 10 7 12 1 1 1 11 7 12 1 1 100 1 10 11 10 12 1 10 12 1 10 12 1 1 9 7 12 1 1 9 12 1 1 9 12 9 12 1 9 12 1 9 12 1 8 10 12 1 1 10 7 12 1 1 1 10 12 1 1 10 12 1 1 10 12 1 10 10 12 1 11 12 1 1 10 7 12 1 1 1 100 1 10 12 1 10 12 1 10 12 1 1 1 1 1 1 1 1 1 1 1 1 1 1 1 1 1 1 1 1 1 1 1 1 1 1 1 1 100 1 1 1 1 1 1 1 1 1 1 1 1 1 1 1 1 1 1 1 1 1 100 1 1 1 1 1 1 1 1 1 1 100 1 1 1 1 1 1 1 1 1 1 1 1 1 1 1 1 1 1 1 1 1 1 1 1 1 1 1 1 1 1 1 1 1 1 1 1 1 1 1 1 1 100 1 1 1 1 1 1 1 1 1 1 1 1 1 1 1 1 1 1 1 7 1 1 1 1 1 1 1 1 1 1 1 1 1 1 1 1 1 1 1 1 1 1 1 1 1 1 1 1 1 1 1 1 1 1 1 1 1 1 1 1 1 1 1 1 1 1 1 1 1 1 100 1 1 1 1 1 1 1 1 1 1 1 1 1 1 1 1 1 1 1 1 1 1 1 1 1 1 1 1 1 1 1 1 1 1 1 1 1 1 1 1 1 1 1 1 1 1 16 1 15 10 12 16 1 16 15 10 12 16 1 16 1 15 10 12 16 15 10 12 16 15 10 12 16 15 10 7 12 1 1 1 1 1 100 1 100 1 1
staticfield java/lang/ClassLoader nocerts [Ljava/security/cert/Certificate; 0 [Ljava/security/cert/Certificate;
staticfield java/lang/ClassLoader $assertionsDisabled Z 1
ciInstanceKlass java/lang/reflect/Constructor 1 1 439 10 100 12 1 1 1 10 100 12 1 1 9 7 12 1 1 1 10 12 1 1 10 12 1 1 10 100 12 1 1 9 12 1 1 10 7 12 1 1 1 9 12 1 1 9 12 1 1 9 12 1 9 12 1 1 9 12 1 9 12 1 1 9 12 1 1 9 12 1 100 1 8 1 10 12 1 10 12 1 9 12 1 1 10 7 12 1 1 10 7 12 1 1 1 10 12 1 1 10 12 1 1 10 12 1 7 1 100 1 8 1 10 10 12 1 10 12 1 10 12 1 1 10 12 1 1 9 100 12 1 1 1 10 7 12 1 1 10 12 1 1 10 12 1 10 12 1 1 10 7 12 1 1 1 10 100 12 1 1 10 12 1 1 10 12 1 10 7 12 1 1 1 8 1 10 10 12 1 100 1 8 1 10 12 1 10 12 1 1 10 12 1 1 10 12 1 10 12 1 10 12 1 1 10 12 1 1 9 12 1 1 10 12 1 1 10 12 1 1 10 12 1 1 11 7 12 1 1 1 10 12 1 1 10 12 1 10 12 1 10 12 1 8 1 9 12 1 1 10 7 12 1 1 1 10 7 12 1 1 10 12 1 1 10 12 1 1 10 12 1 1 10 12 1 1 10 12 1 9 7 12 1 1 10 12 1 10 12 1 10 12 1 100 1 8 1 10 10 12 1 1 10 12 1 10 10 12 1 1 10 12 1 1 10 100 12 1 1 1 11 100 12 1 1 1 10 12 1 1 9 100 12 1 1 1 10 100 12 1 1 1 10 12 1 1 1 1 1 1 1 1 1 1 1 1 1 1 1 1 1 1 1 1 1 1 1 1 1 1 1 1 1 1 1 1 1 1 1 1 1 1 1 1 1 1 1 1 1 1 1 1 1 1 1 1 100 1 100 1 100 1 100 1 1 1 1 1 1 1 1 1 1 1 1 1 1 1 1 1 1 1 1 1 1 1 1 1 1 1 1 1 1 1 1 1 100 1 1
instanceKlass java/lang/reflect/Executable
instanceKlass java/lang/reflect/Field
ciInstanceKlass java/lang/reflect/AccessibleObject 1 1 400 10 7 12 1 1 1 9 100 12 1 1 1 10 7 12 1 1 1 10 7 12 1 1 10 7 12 1 1 1 10 100 12 1 1 1 10 12 1 1 10 12 1 1 9 12 1 1 7 1 10 7 12 1 1 1 11 12 1 7 1 10 12 1 7 1 100 1 10 12 1 10 12 1 1 10 12 1 1 10 12 1 1 10 12 1 1 7 1 10 7 12 1 1 1 10 12 1 1 11 10 7 12 1 1 1 10 12 1 1 10 12 1 10 12 1 10 12 1 1 10 12 1 8 1 7 1 7 1 10 10 12 1 1 8 1 10 12 1 10 12 1 8 1 8 1 8 1 8 1 8 1 8 1 8 1 8 1 8 1 100 1 10 12 1 10 12 1 9 12 1 1 10 12 1 1 10 12 1 10 7 1 100 1 8 1 10 8 1 10 12 1 8 1 10 12 1 10 12 1 1 10 100 1 8 1 10 11 7 12 1 1 1 10 12 1 1 10 12 1 1 10 12 1 1 9 12 1 1 100 1 10 12 1 7 1 10 12 1 10 12 1 1 10 100 1 10 12 1 10 12 10 12 1 10 12 1 10 12 1 1 10 12 1 9 12 1 10 100 12 1 1 8 1 10 100 12 1 1 1 8 1 10 7 12 1 1 1 9 12 1 7 1 10 7 1 10 10 7 12 1 1 1 7 1 10 10 7 12 1 1 1 7 1 9 12 1 1 1 1 1 1 1 1 1 1 1 1 1 1 1 1 1 1 1 1 1 1 1 1 1 1 1 1 1 1 1 1 1 1 1 1 1 1 1 1 1 1 1 1 1 1 1 1 1 1 1 1 1 1 1 1 1 1 1 1 1 1 1 1 1 1 1 1 1 1 1 1 1 1 1 1 1 1 1 1 1 1 1 1
staticfield java/lang/reflect/AccessibleObject reflectionFactory Ljdk/internal/reflect/ReflectionFactory; jdk/internal/reflect/ReflectionFactory
instanceKlass java/lang/reflect/Constructor
instanceKlass java/lang/reflect/Method
ciInstanceKlass java/lang/reflect/Executable 1 1 581 10 7 12 1 1 1 10 7 12 1 1 1 10 7 12 1 1 1 11 7 12 1 1 1 10 7 12 1 1 1 10 12 1 1 10 100 12 1 1 1 10 7 12 1 1 1 10 12 1 8 1 10 10 12 1 1 10 12 1 1 10 100 12 1 1 1 18 12 1 1 11 100 12 1 1 1 8 1 8 1 8 1 10 100 12 1 1 1 11 12 1 1 7 1 8 1 8 1 10 12 1 7 1 8 1 10 12 1 8 1 11 100 12 1 1 1 7 1 11 7 12 1 1 1 11 12 1 8 1 18 8 1 10 12 1 10 12 1 1 18 8 1 10 12 1 100 1 10 12 1 10 12 1 11 12 1 10 12 1 1 8 1 8 1 10 12 1 1 10 12 1 1 10 10 12 1 9 100 12 1 1 1 10 100 12 1 1 1 10 12 1 10 12 1 1 10 100 12 1 1 10 12 1 10 12 1 10 12 1 10 7 12 1 1 7 1 10 100 12 1 1 1 10 12 1 1 10 7 12 1 1 10 12 1 10 12 1 1 9 100 12 1 1 1 10 100 10 12 1 8 1 10 12 1 10 12 1 3 100 1 8 1 10 12 1 10 12 1 10 10 12 1 10 12 1 1 8 1 8 1 8 1 9 12 1 1 9 12 1 10 12 1 100 1 8 1 10 12 1 10 12 1 10 12 1 1 10 12 1 1 10 12 1 10 12 10 12 1 100 1 10 12 1 10 12 1 1 100 1 10 7 12 1 1 1 7 1 10 7 12 1 1 1 10 12 1 1 11 7 12 1 1 10 12 1 10 100 12 1 1 1 10 12 1 1 9 12 1 10 12 1 1 10 12 1 10 12 1 1 9 100 12 1 1 1 10 100 12 1 1 1 10 12 1 10 12 1 1 9 12 1 10 10 10 10 100 12 1 1 1 10 12 1 9 12 1 10 12 1 1 9 12 1 7 1 7 1 1 1 1 1 1 1 1 1 1 1 1 1 1 1 1 1 1 1 1 1 1 1 1 1 1 1 1 1 1 1 1 1 1 1 1 100 1 1 1 1 1 1 1 1 1 1 1 1 1 1 1 1 1 1 1 100 1 1 1 1 1 1 1 1 1 1 1 1 1 1 1 1 1 1 1 1 1 1 1 1 1 1 1 1 1 1 1 1 1 1 1 1 1 1 1 1 1 1 1 7 1 1 1 1 1 1 1 1 1 1 1 1 1 1 1 1 1 1 1 1 1 1 7 1 1 16 15 16 1 16 1 15 10 12 16 15 10 100 12 1 1 1 1 1 1 100 1 1 100 1 100 1 1
ciInstanceKlass java/lang/reflect/Member 1 1 37 100 1 10 12 1 1 100 1 100 1 1 1 1 3 1 3 1 1 1 1 1 1 1 1 1 1 1 1 1 1 1 1 1 1 1 1
instanceKlass kotlinx/coroutines/scheduling/CoroutineScheduler$Worker
instanceKlass kotlin/concurrent/ThreadsKt$thread$thread$1
instanceKlass org/jetbrains/compose/reload/core/WorkerThread
instanceKlass org/jetbrains/compose/devtools/ShutdownThread
instanceKlass java/awt/EventDispatchThread
instanceKlass jdk/internal/misc/InnocuousThread
instanceKlass java/util/concurrent/ForkJoinWorkerThread
instanceKlass java/lang/ref/Finalizer$FinalizerThread
instanceKlass java/lang/ref/Reference$ReferenceHandler
instanceKlass java/lang/BaseVirtualThread
ciInstanceKlass java/lang/Thread 1 1 870 10 7 12 1 1 1 9 12 1 1 10 7 12 1 1 10 12 1 10 100 12 1 1 100 1 8 1 10 12 1 1 9 12 1 9 12 1 1 9 12 1 1 7 1 10 12 1 1 10 12 1 10 100 12 1 1 1 10 12 9 12 1 1 10 12 1 7 1 10 12 1 100 1 8 1 10 9 100 12 1 1 1 10 12 1 1 10 12 1 1 10 12 1 1 10 12 1 10 12 1 1 3 8 1 7 1 5 0 10 7 12 1 1 1 9 12 1 10 12 1 1 10 7 12 1 1 1 10 7 12 1 1 1 10 12 1 1 10 12 1 1 9 12 1 1 10 7 1 8 1 10 7 1 10 12 1 9 12 1 1 10 7 12 1 1 1 10 10 12 1 1 9 100 12 1 1 1 10 12 1 1 10 12 1 1 10 7 12 1 1 10 12 1 10 12 1 10 7 12 1 1 9 12 1 10 7 12 1 1 1 10 12 1 1 9 12 1 1 9 12 1 1 10 7 12 1 1 1 9 12 1 1 10 100 12 1 1 10 100 12 1 1 1 10 12 1 10 12 1 10 7 12 1 1 9 12 1 8 1 9 7 12 1 1 9 12 1 1 5 0 100 1 10 100 1 10 100 1 10 7 1 10 8 1 10 12 1 1 10 7 12 1 10 12 1 10 12 1 100 1 8 1 10 10 12 1 10 12 1 1 10 100 12 1 1 1 10 100 12 1 1 1 10 12 1 7 1 9 12 1 1 100 1 10 10 12 1 9 12 1 1 10 12 1 1 10 12 1 1 10 12 1 10 12 1 9 12 1 1 10 10 12 1 1 10 12 1 1 11 7 12 1 1 10 7 12 1 1 9 12 1 9 12 1 1 9 12 1 1 10 100 12 1 1 10 12 1 1 9 7 12 1 1 1 10 7 12 1 1 10 12 1 10 12 1 100 1 10 10 12 9 12 1 1 10 12 1 11 100 12 1 1 10 12 1 10 12 1 10 12 1 9 12 1 10 10 12 1 10 12 1 1 9 12 1 9 12 10 12 1 8 1 10 12 1 10 12 1 10 12 1 10 12 1 10 12 1 1 10 12 1 10 12 1 1 10 12 1 10 12 1 10 12 1 10 12 1 10 12 1 1 9 7 12 1 1 1 8 1 10 9 12 1 10 12 1 7 1 8 1 10 10 12 1 8 1 10 12 1 1 9 12 10 12 8 1 10 10 12 1 10 12 1 8 1 10 12 1 10 8 1 10 100 12 1 1 10 12 1 1 100 1 8 1 10 9 12 1 9 12 1 1 10 12 1 1 10 10 12 1 10 12 1 100 10 7 12 1 1 1 9 12 1 10 12 1 1 10 12 1 1 10 100 12 1 1 1 11 7 12 1 1 1 9 100 12 1 1 1 10 100 12 1 1 1 7 1 10 12 1 100 1 10 12 1 10 12 1 1 10 12 1 1 8 1 9 12 1 10 12 1 10 12 1 1 11 7 12 1 1 1 10 12 1 1 1 1 3 1 3 1 3 1 3 1 1 1 1 1 1 1 1 1 1 1 1 1 1 1 1 1 1 1 1 1 7 1 1 1 1 1 1 1 1 1 1 1 1 1 1 1 1 1 1 1 1 1 1 100 1 1 1 1 1 1 1 1 1 1 1 1 1 1 1 1 7 1 7 1 1 1 1 1 1 1 1 1 1 1 1 1 1 1 1 1 1 1 1 1 1 1 1 1 1 1 1 1 1 1 1 1 1 1 1 1 1 1 1 1 1 1 1 1 1 1 1 1 1 1 1 1 1 1 1 1 1 1 1 1 1 1 1 1 1 1 1 1 1 1 1 1 1 1 1 100 100 1 1 1 1 1 1 1 1 1 1 1 1 1 1 1 1 1 1 1 1 1 1 1 1 1 1 100 1 100 1 100 1 100 1 100 1 1 100 1 1 1 1 1 1 1 1 1 1 1 1 1 1 1
staticfield java/lang/Thread NEW_THREAD_BINDINGS Ljava/lang/Object; java/lang/Class
staticfield java/lang/Thread EMPTY_STACK_TRACE [Ljava/lang/StackTraceElement; 0 [Ljava/lang/StackTraceElement;
ciInstanceKlass java/lang/Runnable 1 0 11 100 1 100 1 1 1 1 1 1 1
ciInstanceKlass java/net/URL 1 1 771 10 7 12 1 1 1 10 12 1 10 7 12 1 1 9 12 1 1 9 12 1 10 7 12 1 1 1 10 12 1 1 10 12 1 1 9 12 1 1 10 7 12 1 1 1 8 1 10 12 1 1 7 1 10 10 12 1 1 8 1 10 12 1 1 9 12 1 100 1 8 1 10 12 1 10 12 1 8 1 9 12 1 10 12 1 1 9 12 1 10 12 1 10 12 1 9 12 1 9 12 1 8 1 9 12 1 10 12 1 1 8 1 9 12 1 1 10 12 1 1 10 7 12 1 1 1 8 1 10 12 1 7 1 10 12 1 10 12 1 10 12 1 10 12 1 1 10 12 1 1 8 1 10 12 1 1 10 12 1 8 1 9 12 1 8 1 10 12 1 10 7 12 1 1 1 7 1 10 12 1 10 12 1 1 10 100 12 1 1 1 100 1 8 1 10 10 12 1 8 1 10 12 1 1 10 12 1 10 12 1 10 12 1 10 12 1 10 12 1 10 12 1 8 1 10 12 1 8 1 10 10 100 1 10 10 12 1 8 1 10 7 12 1 1 1 10 12 1 9 100 12 1 1 1 10 7 12 1 1 1 9 12 1 1 10 12 1 10 100 12 1 1 1 100 1 100 1 10 12 1 10 12 1 10 12 1 10 12 1 10 12 1 10 12 10 10 12 1 10 12 1 10 12 1 1 8 1 9 100 12 1 1 1 10 100 12 1 1 1 10 12 1 1 9 100 12 1 1 1 10 12 1 1 100 1 10 12 1 10 12 1 10 10 12 1 1 10 12 1 1 10 12 1 10 12 1 10 12 1 10 7 12 1 1 1 10 12 1 1 10 12 1 9 12 1 1 9 12 1 1 7 1 8 1 10 10 12 1 9 12 1 1 10 7 12 1 1 8 1 10 100 12 1 1 8 1 10 12 1 1 10 12 1 8 1 8 1 10 7 12 1 1 1 7 1 10 7 12 1 1 1 10 12 1 10 12 1 100 1 10 9 100 12 1 1 1 10 100 12 1 1 10 12 1 1 10 12 1 8 1 100 1 10 10 7 12 1 1 1 10 12 1 8 9 100 12 1 1 1 10 12 1 1 10 12 1 10 12 1 1 10 100 12 1 1 11 7 12 1 1 10 12 1 10 12 1 9 12 1 10 12 1 1 10 100 12 1 1 10 100 12 1 1 1 8 10 100 12 1 1 100 1 10 8 8 10 12 1 8 8 8 100 1 10 12 1 9 12 1 1 10 12 1 10 12 1 1 10 12 1 10 12 10 12 1 1 10 12 1 1 10 10 10 12 1 10 12 1 10 12 1 10 12 1 10 12 1 10 10 12 1 100 1 8 1 10 10 10 12 1 1 10 12 1 10 12 1 1 8 1 7 1 10 10 7 1 10 12 1 9 7 12 1 1 1 9 12 1 1 7 1 10 10 7 12 1 1 1 7 1 1 1 1 1 5 0 1 1 1 1 1 1 1 1 1 1 1 1 1 1 1 1 1 1 1 1 1 1 1 1 1 1 1 1 1 1 1 1 1 1 1 1 1 1 1 1 1 1 1 1 1 1 1 1 7 1 1 1 1 1 1 1 1 1 1 1 1 1 1 1 1 1 1 1 1 1 1 1 1 1 1 1 1 1 1 1 1 1 1 1 1 1 100 1 1 1 1 1 1 1 1 1 1 1 1 1 1 1 1 1 100 1 1 1 1 1 1 1 1 1 1 1 1 1 1 1 1 1 1 1
staticfield java/net/URL defaultFactory Ljava/net/URLStreamHandlerFactory; java/net/URL$DefaultFactory
staticfield java/net/URL streamHandlerLock Ljava/lang/Object; java/lang/Object
staticfield java/net/URL serialPersistentFields [Ljava/io/ObjectStreamField; 7 [Ljava/io/ObjectStreamField;
ciInstanceKlass java/lang/Module 1 1 1070 10 7 12 1 1 1 9 7 12 1 1 1 10 7 12 1 1 1 9 12 1 9 12 1 1 9 12 1 1 10 12 1 1 10 12 1 10 12 1 1 10 7 12 1 1 1 7 1 10 7 12 1 1 1 10 12 1 1 11 7 12 1 1 1 10 12 1 1 10 7 12 1 1 1 10 12 1 1 10 7 12 1 1 1 9 100 12 1 1 1 10 7 12 1 1 1 10 12 1 8 1 10 7 12 1 1 1 10 7 12 1 1 1 10 7 12 1 1 1 10 12 1 10 12 1 9 12 1 1 10 100 12 1 1 100 1 7 1 10 8 1 10 12 1 1 10 12 1 10 12 10 12 1 10 7 12 1 1 8 1 8 1 10 8 1 8 1 9 12 1 1 8 1 10 100 12 1 1 1 10 12 1 9 12 1 1 11 12 1 9 7 12 1 1 10 7 12 1 1 1 10 7 12 1 1 1 10 12 1 1 8 1 10 12 1 1 10 12 1 10 12 1 1 9 7 12 1 1 1 10 12 1 1 10 12 1 1 9 12 1 10 12 1 10 12 1 9 12 1 1 11 7 12 1 1 10 12 1 1 9 12 1 9 12 1 10 12 1 10 12 1 100 1 8 1 10 10 12 1 1 10 12 1 8 1 10 12 1 1 8 1 8 1 10 12 1 1 10 12 1 10 12 1 1 18 12 1 1 10 12 1 1 11 12 1 9 12 1 11 12 10 100 12 1 1 100 1 8 1 10 11 12 1 1 10 7 12 1 1 1 10 12 1 10 12 1 1 11 12 1 1 11 7 12 1 1 11 12 1 1 9 12 1 11 12 1 10 12 1 1 10 12 1 1 9 12 1 10 12 10 7 12 1 1 10 7 1 18 12 1 1 11 100 12 1 1 1 18 12 1 11 12 1 1 10 100 12 1 1 1 11 12 1 1 10 7 12 1 1 7 1 11 12 1 7 1 7 1 10 12 1 10 7 12 1 1 1 10 11 7 12 1 8 1 10 10 12 1 1 10 7 12 1 1 10 12 1 10 12 1 7 1 10 12 1 10 11 12 1 1 10 12 10 12 1 1 9 12 1 1 100 1 10 10 12 1 1 11 7 1 10 12 1 1 11 12 1 10 10 12 1 11 10 12 1 1 10 12 1 1 10 12 1 1 10 7 12 1 1 10 12 1 10 12 1 1 10 10 12 1 1 10 12 1 18 12 1 11 12 1 18 12 1 10 12 1 10 12 1 10 12 7 1 10 12 1 10 12 1 10 12 1 9 12 1 7 1 10 10 10 10 12 1 10 12 1 10 12 1 10 12 1 1 10 12 1 1 10 12 1 9 12 1 18 12 1 1 10 7 12 1 1 1 100 1 8 1 10 12 1 1 10 12 1 1 10 7 12 1 1 7 1 10 12 1 1 7 1 8 1 10 12 1 1 100 1 11 12 1 1 10 100 12 1 1 1 18 12 1 1 11 100 12 1 1 1 100 1 10 12 1 10 12 1 1 7 1 7 1 10 12 8 1 10 12 1 1 10 12 1 1 10 7 12 1 1 10 12 1 1 10 12 1 10 12 10 12 1 1 7 1 10 10 12 1 1 10 7 12 1 1 1 100 1 10 12 1 1 10 7 12 1 1 8 1 18 12 1 1 100 1 100 1 9 12 1 1 9 12 1 9 12 1 11 100 12 1 1 1 100 1 11 12 1 1 100 1 10 12 1 8 1 10 12 1 10 12 10 12 1 8 1 10 10 100 12 1 1 7 1 10 10 12 1 10 7 12 1 1 9 12 1 9 12 1 9 12 1 9 12 1 10 12 11 12 1 10 12 1 7 1 1 1 1 1 1 1 1 1 1 1 1 1 1 1 1 1 1 1 100 1 1 1 1 1 1 1 1 1 1 1 1 1 1 1 1 1 1 1 1 1 1 1 1 1 1 1 1 1 1 1 1 1 1 1 1 1 1 1 1 1 1 1 1 1 1 1 1 1 1 1 1 1 1 1 1 1 1 1 1 1 1 1 1 1 1 1 1 1 1 1 1 1 1 1 1 1 1 1 1 1 1 1 1 1 1 1 1 1 1 1 1 1 1 1 100 100 1 1 1 1 1 1 1 1 1 1 1 1 1 1 1 1 1 1 1 1 1 1 1 1 1 1 1 100 1 100 1 1 1 1 1 1 1 1 1 1 1 1 1 1 1 1 1 1 1 1 100 1 1 1 1 1 1 1 1 1 1 1 1 1 1 1 1 1 1 1 1 1 1 1 16 15 10 12 16 16 15 10 12 16 16 15 10 16 1 15 10 12 16 1 15 10 12 16 1 16 15 10 12 16 16 1 15 10 12 16 15 10 100 12 1 1 1 15 10 100 12 1 1 1 1 1 1 1 1 1 1 1 100 1 100 1 1 100 1 100 1 1
staticfield java/lang/Module ALL_UNNAMED_MODULE Ljava/lang/Module; java/lang/Module
staticfield java/lang/Module ALL_UNNAMED_MODULE_SET Ljava/util/Set; java/util/ImmutableCollections$Set12
staticfield java/lang/Module EVERYONE_MODULE Ljava/lang/Module; java/lang/Module
staticfield java/lang/Module EVERYONE_SET Ljava/util/Set; java/util/ImmutableCollections$Set12
staticfield java/lang/Module $assertionsDisabled Z 1
ciInstanceKlass java/lang/Character 1 1 604 7 1 7 1 100 1 9 12 1 1 8 1 9 12 1 1 7 1 9 12 1 1 10 7 12 1 1 1 10 100 12 1 1 1 10 100 12 1 1 1 10 7 12 1 1 1 9 7 12 1 1 1 10 12 1 10 12 1 1 10 12 1 1 10 7 12 1 1 10 12 1 1 3 3 3 3 3 10 12 1 1 10 12 1 3 11 7 12 1 1 1 11 12 1 1 10 12 1 1 10 12 1 1 100 1 10 10 12 1 3 10 12 1 1 10 12 1 10 12 1 1 100 1 8 1 10 12 1 1 10 12 1 10 12 1 10 12 1 10 100 12 1 1 1 10 12 1 10 12 1 10 12 1 1 10 12 1 10 7 12 1 1 10 10 12 1 10 10 12 1 10 12 1 1 10 12 1 10 10 12 1 10 12 1 10 12 1 10 12 1 10 12 1 10 12 1 10 12 1 10 12 10 10 12 10 10 12 1 10 10 12 1 10 10 12 1 10 10 12 1 10 12 1 10 12 1 10 12 1 10 12 1 10 12 1 10 12 1 10 10 12 1 10 10 12 1 10 10 12 1 1 10 10 12 1 10 5 0 10 12 1 10 12 1 10 10 12 1 10 10 12 1 1 10 10 12 1 10 10 12 1 9 12 1 1 100 1 10 10 12 1 10 12 1 1 3 10 100 12 1 1 1 10 12 1 10 100 12 1 1 7 1 10 10 12 1 1 10 12 1 1 10 12 1 1 8 1 10 12 1 9 100 12 1 1 1 10 12 1 10 10 12 1 10 12 1 1 10 12 1 10 10 12 1 1 10 10 12 1 1 7 1 8 1 10 12 1 1 10 7 12 1 1 1 8 1 10 12 1 1 9 12 1 1 7 1 7 1 7 1 1 1 1 3 1 3 1 3 1 3 1 1 1 1 1 3 1 1 3 1 3 1 3 1 3 1 3 1 3 1 3 1 3 1 3 1 3 1 3 1 3 1 3 1 3 1 3 1 3 1 3 1 3 1 3 1 3 1 3 1 3 1 3 1 3 1 3 1 3 1 3 1 3 1 1 1 1 1 1 1 1 1 1 1 1 1 1 1 1 1 1 1 3 1 1 1 1 1 1 1 3 1 1 3 1 1 1 1 1 3 1 1 5 0 1 1 1 1 1 1 1 1 1 1 1 1 1 1 1 1 1 1 1 1 1 1 1 1 1 1 1 1 1 1 1 1 1 1 1 1 1 1 1 1 1 1 1 1 1 1 1 1 1 1 1 1 1 1 1 1 1 1 1 1 1 1 1 1 1 1 1 1 1 1 1 1 1 1 1 1 1 1 1 1 1 1 1 1 1 1 1 1 1 1 100 1 100 1 1 1 1 1 1
staticfield java/lang/Character TYPE Ljava/lang/Class; java/lang/Class
staticfield java/lang/Character $assertionsDisabled Z 1
ciInstanceKlass java/lang/OutOfMemoryError 1 1 26 10 100 12 1 1 1 10 12 1 100 1 1 1 1 5 0 1 1 1 1 1 1 1 1 1
ciInstanceKlass java/lang/Integer 1 1 453 7 1 7 1 7 1 7 1 10 12 1 1 9 12 1 1 9 12 1 1 10 7 12 1 1 1 10 12 1 1 10 100 12 1 1 1 10 10 12 1 1 10 7 12 1 1 1 10 12 1 10 12 1 1 10 7 12 1 1 1 10 12 1 1 10 12 1 1 10 12 1 10 12 1 10 12 1 1 10 10 12 1 9 12 1 1 9 12 1 100 1 8 1 10 12 1 7 1 10 12 1 8 1 10 12 1 1 10 12 1 8 1 10 12 1 8 1 10 12 1 1 3 10 12 1 1 3 10 12 1 1 10 12 1 1 10 7 12 1 1 1 11 7 1 10 12 1 1 11 10 12 1 1 8 1 10 12 1 1 8 1 7 1 10 12 1 1 10 12 1 1 5 0 8 1 10 12 1 10 12 1 10 12 1 10 12 1 1 7 1 9 12 1 1 9 12 1 1 10 12 1 10 7 1 9 12 1 10 12 1 10 12 1 10 12 1 1 10 7 12 1 1 1 100 1 100 1 10 12 1 1 10 12 1 1 8 1 8 1 10 12 1 1 8 1 8 1 8 1 8 1 8 1 8 1 10 12 1 10 12 1 5 0 3 3 3 3 10 12 1 10 12 1 3 10 12 1 10 100 12 1 1 1 10 12 1 1 10 12 1 1 8 1 10 7 12 1 1 1 9 12 1 1 7 1 7 1 7 1 1 1 1 3 1 1 1 3 1 3 1 1 5 0 1 1 1 1 1 1 1 1 1 100 1 1 1 1 1 1 1 1 1 1 1 1 1 1 1 1 1 1 1 1 1 1 1 1 1 1 1 1 1 1 1 1 1 1 1 1 1 1 1 1 3 1 1 1 1 1 1 1 1 1 1 1 1 1 1 1 1 7 1 1 1 1 1 1 1 1 1 1 1 1 1 1 1 1 1 1 1 1 1 1 1 1 1 1 1 1 1 1 1 1 1 1 1 1 1 1 1 1 1 1 1 1 1 1 7 1 1 1 1 1 1 1 1 1 100 1 100 1 1
staticfield java/lang/Integer TYPE Ljava/lang/Class; java/lang/Class
staticfield java/lang/Integer digits [C 36
staticfield java/lang/Integer DigitTens [B 100
staticfield java/lang/Integer DigitOnes [B 100
instanceKlass java/util/concurrent/atomic/Striped64
instanceKlass java/math/BigInteger
instanceKlass java/util/concurrent/atomic/AtomicLong
instanceKlass java/util/concurrent/atomic/AtomicInteger
instanceKlass java/lang/Long
instanceKlass java/lang/Integer
instanceKlass java/lang/Short
instanceKlass java/lang/Byte
instanceKlass java/lang/Double
instanceKlass java/lang/Float
ciInstanceKlass java/lang/Number 1 1 37 10 7 12 1 1 1 10 100 12 1 1 1 100 1 1 1 1 5 0 1 1 1 1 1 1 1 1 1 1 1 1 1 1 1 1 1
ciInstanceKlass java/lang/Thread$FieldHolder 1 1 48 10 7 12 1 1 1 9 7 12 1 1 1 9 12 1 1 9 12 1 1 9 12 1 1 9 12 1 1 1 1 1 1 1 1 1 1 100 1 100 1 1 1 1 100 1 1 1
ciInstanceKlass java/lang/Thread$Constants 0 0 59 7 1 10 7 12 1 1 1 100 1 10 10 7 12 1 1 1 7 1 8 1 10 12 1 9 7 12 1 1 1 7 1 7 1 10 12 1 10 12 1 9 12 1 1 1 1 1 1 1 1 1 1 1 1 1 1 1 1
ciInstanceKlass java/lang/ThreadGroup 1 1 411 10 7 12 1 1 1 9 7 12 1 1 1 8 1 9 12 1 1 7 1 9 12 1 1 9 12 1 1 10 7 12 1 1 1 10 12 1 1 10 12 1 10 12 1 10 12 1 10 12 1 1 10 12 1 1 10 12 1 10 12 1 1 10 12 1 10 12 1 10 100 12 1 1 1 10 12 1 1 18 12 1 1 11 7 12 1 1 1 10 7 12 1 1 1 10 7 12 1 10 12 1 1 10 12 1 1 10 12 1 1 10 100 12 1 1 1 10 12 1 11 12 1 1 11 7 12 1 1 11 12 1 1 10 12 1 1 10 12 1 10 12 1 11 12 1 11 12 1 1 100 1 10 10 12 1 100 1 10 18 12 1 1 11 7 12 1 1 1 11 12 1 1 9 12 1 1 10 12 1 1 8 1 10 7 12 1 1 1 10 100 12 1 1 1 10 12 1 1 11 12 10 12 1 1 10 12 1 1 11 7 1 9 12 1 7 1 10 8 1 10 12 1 1 10 12 1 1 8 1 10 12 1 10 7 12 1 1 1 10 12 1 1 10 7 1 8 1 10 8 1 10 12 1 10 12 1 8 1 9 12 1 1 9 12 1 10 100 12 1 1 1 100 9 12 1 1 7 1 9 12 1 10 12 10 12 1 1 100 10 12 9 12 1 10 12 1 100 1 10 11 12 1 1 7 1 10 10 12 1 10 12 1 1 1 1 1 1 1 1 1 1 1 1 1 1 1 1 1 1 3 1 1 1 1 1 1 1 1 1 1 1 1 100 1 1 1 1 1 1 1 1 1 1 1 1 1 1 1 1 1 1 1 1 1 1 1 1 1 1 1 1 1 1 1 1 1 1 1 1 1 1 1 1 1 1 1 16 15 10 12 16 16 15 10 12 16 15 10 100 12 1 1 1 1 1 100 1 100 1 1
staticfield java/lang/ThreadGroup $assertionsDisabled Z 1
ciInstanceKlass java/lang/Thread$UncaughtExceptionHandler 1 0 16 100 1 100 1 1 1 1 1 1 1 1 100 1 1 1
ciInstanceKlass java/security/AccessControlContext 1 1 374 9 7 12 1 1 1 9 12 1 1 10 100 12 1 1 1 8 1 10 100 12 1 1 1 10 7 12 1 1 1 9 12 1 9 12 1 1 9 12 1 1 10 7 12 1 1 7 1 10 12 1 11 7 12 1 1 1 11 12 1 11 12 1 11 12 1 1 7 1 11 12 1 1 10 12 1 10 7 12 1 1 1 9 100 12 1 1 1 10 7 12 1 1 1 11 100 12 1 1 1 10 7 1 100 1 8 1 10 12 1 10 12 1 1 7 1 10 7 12 1 1 1 9 12 1 9 12 1 9 12 1 9 12 1 1 9 12 1 1 9 12 1 9 12 1 10 7 12 1 1 1 9 12 1 10 12 1 1 10 12 1 1 8 1 10 12 1 1 10 12 1 1 10 7 12 1 1 1 7 1 10 10 12 1 1 10 7 12 1 1 1 10 8 1 10 7 12 1 1 8 1 10 7 12 1 1 8 1 8 1 10 12 1 8 1 10 12 1 8 1 10 12 1 10 12 1 10 12 1 1 8 1 8 1 100 1 10 12 1 10 12 1 1 100 1 10 12 1 8 1 10 12 1 10 12 1 10 8 1 10 12 1 1 10 12 1 1 10 12 1 1 10 12 1 1 10 12 1 10 12 1 11 10 12 1 10 12 1 1 10 10 10 12 1 1 1 1 1 1 1 1 1 1 1 1 1 1 1 1 1 1 1 1 1 1 1 1 100 1 1 1 1 1 1 1 1 1 1 1 1 1 1 1 1 1 1 1 1 1 1 1 1 1 1 1 1 1 1 1 1 1 1 1 1 1 1 1 1 1 1 1 1 1 1 1 1 1 1 1 1 3 1 1
instanceKlass java/lang/ThreadBuilders$BoundVirtualThread
instanceKlass java/lang/VirtualThread
ciInstanceKlass java/lang/BaseVirtualThread 0 0 36 10 100 12 1 1 1 100 1 1 1 1 1 1 1 1 1 1 1 1 1 1 1 1 1 1 1 1 100 1 100 1 1 100 1 1
ciInstanceKlass java/lang/VirtualThread 0 0 907 9 7 12 1 1 1 10 7 12 1 1 1 10 100 12 1 1 1 10 7 12 1 1 1 9 12 1 1 9 12 1 1 100 1 10 12 1 9 12 1 1 18 12 1 1 9 12 1 1 10 12 1 1 100 1 10 12 1 10 12 1 1 10 12 1 1 10 12 1 1 10 12 1 10 7 12 1 10 12 1 10 12 1 10 12 1 10 12 1 11 100 12 1 1 1 100 1 10 12 1 1 10 100 12 1 1 1 10 100 12 1 1 1 10 12 1 100 1 10 10 12 1 10 12 1 1 9 12 1 1 10 12 1 1 9 12 1 1 10 12 1 9 12 1 1 9 12 1 100 1 10 10 12 1 10 100 12 1 1 10 9 10 10 12 1 1 10 12 1 1 10 100 12 1 1 10 100 1 10 9 10 10 12 1 7 1 10 12 1 1 10 12 1 10 12 1 10 12 1 1 9 12 1 10 12 1 10 12 1 9 12 1 1 10 12 1 10 12 1 9 12 1 1 10 12 1 10 12 1 10 12 1 11 100 12 1 1 10 12 1 1 10 12 1 1 10 12 1 1 9 12 1 10 100 1 10 12 1 1 10 12 1 1 10 12 1 10 12 1 10 12 1 10 12 9 12 1 1 10 100 12 1 1 10 12 1 10 12 1 1 10 100 12 1 1 10 12 1 100 1 8 1 10 12 1 10 12 1 1 10 12 1 10 12 1 10 100 12 1 1 10 12 1 10 12 1 1 10 12 1 10 12 1 1 10 7 12 1 1 10 12 1 1 10 12 1 1 100 1 10 10 12 1 7 1 9 12 1 1 10 7 12 1 1 10 9 12 1 1 18 9 100 12 1 1 1 11 100 12 1 1 1 11 100 1 11 12 10 12 1 10 12 1 1 10 12 1 100 1 10 10 12 1 10 12 1 1 10 12 1 1 10 12 1 10 12 1 10 12 1 9 12 1 1 11 100 12 1 1 10 12 9 100 12 1 1 1 9 12 1 10 12 1 1 9 12 1 9 12 1 9 12 1 7 1 10 10 12 1 1 10 12 1 10 12 7 1 7 1 10 8 1 10 12 1 1 10 12 1 10 12 1 10 10 12 1 8 1 10 10 12 1 10 12 1 10 7 12 1 1 8 1 8 1 10 9 100 12 1 1 1 10 12 1 1 10 12 1 10 10 10 12 9 12 1 10 12 1 1 9 12 1 10 12 1 1 9 12 1 10 12 1 1 18 12 1 1 18 12 1 10 7 12 1 1 1 8 1 10 100 12 1 1 1 10 7 12 1 1 1 18 12 1 10 100 12 1 1 1 100 1 10 12 1 8 1 10 12 1 8 1 10 12 1 1 8 1 8 1 10 100 12 1 1 8 1 10 12 1 8 1 8 1 10 100 12 1 1 1 10 12 1 10 12 1 1 10 12 1 18 12 1 1 18 12 1 1 5 0 9 12 1 10 12 1 18 12 1 100 1 10 12 10 7 12 1 1 10 12 1 1 7 1 8 1 10 10 12 1 10 12 1 1 10 12 1 9 12 1 8 10 12 1 1 8 8 9 12 1 8 10 12 1 1 3 1 3 1 3 1 3 1 3 1 3 1 3 1 3 1 3 1 3 1 3 1 3 3 1 3 1 1 1 1 1 1 1 1 1 1 1 1 1 1 7 1 1 1 1 1 1 1 1 1 1 1 1 1 1 7 1 1 1 1 1 1 1 1 1 1 1 7 1 1 1 1 1 1 1 1 1 1 1 1 1 1 1 1 1 1 1 1 1 1 1 1 1 1 1 1 1 1 1 1 1 1 1 1 1 1 1 100 1 1 1 1 1 1 1 1 1 1 1 1 1 1 1 1 1 1 1 1 1 1 1 1 1 1 1 1 1 1 1 1 1 1 1 100 1 1 1 1 1 1 1 1 1 1 1 1 1 1 100 1 1 16 15 10 12 15 16 15 10 12 16 15 10 12 16 16 15 10 12 16 15 10 12 16 15 10 12 16 15 10 12 16 1 15 10 100 12 1 1 1 1 1 1 1 7 1 1 100 1 100 1 1
ciInstanceKlass java/lang/ThreadBuilders$BoundVirtualThread 0 0 132 10 7 12 1 1 1 9 7 12 1 1 1 10 7 12 1 1 1 9 12 1 1 10 12 1 1 10 12 1 1 9 12 1 1 10 7 12 1 1 1 10 12 1 1 7 1 8 1 10 12 1 10 12 1 1 10 12 1 1 10 12 1 1 10 7 12 1 1 1 8 1 10 12 1 8 1 10 12 1 1 10 100 12 1 1 9 100 12 1 1 1 10 12 1 1 10 10 12 1 1 1 1 1 1 1 1 1 1 1 1 1 1 1 1 1 1 1 1 1 1 1 1 1 1 1 1 100 1 1 1 1
ciInstanceKlass jdk/internal/vm/ContinuationScope 0 0 50 10 100 12 1 1 1 10 100 12 1 1 1 100 1 9 100 12 1 1 1 10 12 1 1 10 100 12 1 1 1 10 12 1 1 10 12 1 1 1 1 1 1 1 1 1 1 1 1 1
ciInstanceKlass jdk/internal/vm/StackChunk 0 0 32 10 100 12 1 1 1 9 100 12 1 1 1 9 12 1 1 9 12 1 1 1 1 1 1 1 1 1 1 1 1 1
ciInstanceKlass java/lang/Float 1 1 279 7 1 7 1 10 100 12 1 1 1 10 7 12 1 1 1 4 7 1 10 12 1 1 10 12 1 1 8 1 8 1 10 7 12 1 1 1 10 12 1 1 10 12 1 1 10 100 1 4 10 7 12 1 1 9 12 1 1 10 12 1 1 10 12 1 10 10 12 1 1 10 12 1 10 12 1 3 3 100 1 4 4 4 3 10 12 1 1 9 12 1 1 100 1 10 3 3 4 4 10 12 1 3 3 3 10 12 1 1 10 12 1 1 10 12 1 10 100 12 1 1 1 10 12 1 1 10 12 1 1 10 7 12 1 1 1 8 1 10 12 1 1 9 12 1 1 7 1 7 1 7 1 1 1 1 4 1 4 1 1 1 4 1 1 3 1 3 1 3 1 3 1 3 1 1 1 1 5 0 1 1 1 1 1 1 1 1 1 1 100 1 1 1 1 1 1 1 1 1 1 1 1 1 3 1 1 1 1 1 1 1 1 1 1 1 1 1 1 1 1 1 1 1 1 1 1 1 1 1 1 1 1 1 1 1 1 1 1 1 1 1 1 1 1 1 1 1 1 1 1 1 1 1 1 1 1 1 1 1 1 1 1 1 1 1 7 1 1 1 1 1 1 1 100 1 100 1 1
staticfield java/lang/Float TYPE Ljava/lang/Class; java/lang/Class
staticfield java/lang/Float $assertionsDisabled Z 1
ciInstanceKlass java/lang/Double 1 1 290 7 1 7 1 10 100 12 1 1 1 10 12 1 1 10 7 1 10 12 1 1 10 7 12 1 1 1 6 0 8 1 10 12 1 1 8 1 10 12 1 1 8 1 6 0 10 12 1 1 100 1 5 0 5 0 8 1 8 1 10 7 12 1 1 1 10 7 12 1 1 1 8 1 10 12 1 1 8 1 8 1 8 1 10 12 1 1 10 12 1 10 12 1 1 10 12 1 10 12 1 10 12 1 1 10 12 1 10 7 1 6 0 10 7 12 1 1 9 12 1 1 10 12 1 10 12 1 10 12 1 10 12 1 10 12 1 5 0 10 12 1 1 10 12 1 10 12 1 10 100 12 1 1 1 10 12 1 1 10 12 1 1 8 1 10 7 12 1 1 1 9 12 1 1 7 1 7 1 7 1 1 1 6 0 1 6 0 1 6 0 1 1 1 6 0 1 1 3 1 3 1 3 1 3 1 3 1 1 1 1 5 0 1 1 1 1 1 1 1 1 1 1 1 1 1 1 1 1 100 1 1 1 1 1 1 1 1 1 1 1 1 3 1 1 1 1 1 1 1 1 1 1 1 1 1 1 1 1 1 1 1 1 1 1 1 1 1 1 1 1 1 1 1 1 1 1 7 1 1 1 1 1 1 1 100 1 100 1 1
staticfield java/lang/Double TYPE Ljava/lang/Class; java/lang/Class
ciInstanceKlass java/lang/Byte 1 1 213 7 1 100 1 10 7 12 1 1 1 9 12 1 1 8 1 9 12 1 1 7 1 10 12 1 1 10 12 1 1 10 100 12 1 1 1 10 100 12 1 1 1 9 100 12 1 1 1 10 12 1 1 100 1 7 1 10 12 1 1 8 1 10 12 1 1 8 1 10 12 1 10 12 1 10 12 1 10 12 1 1 10 12 1 10 12 1 10 12 1 1 10 8 1 8 1 10 7 1 9 12 1 1 10 12 1 1 10 12 1 1 10 12 1 1 10 12 1 5 0 10 12 1 1 8 1 10 7 12 1 1 1 9 12 1 1 7 1 7 1 1 1 3 1 3 1 1 1 1 3 1 3 1 1 5 0 1 1 1 1 1 1 1 1 1 1 1 1 1 1 1 1 1 1 1 1 1 1 1 1 1 1 1 1 1 1 1 1 1 1 1 1 1 1 1 1 1 1 1 1 1 1 1 1 1 1 1 1 1 1 1 1
staticfield java/lang/Byte TYPE Ljava/lang/Class; java/lang/Class
ciInstanceKlass java/lang/Short 1 1 222 7 1 7 1 100 1 10 7 12 1 1 1 10 12 1 1 100 1 7 1 10 12 1 1 8 1 10 12 1 1 8 1 10 12 1 10 12 1 10 12 1 10 12 1 1 10 12 1 1 10 12 1 9 12 1 1 8 1 9 12 1 1 7 1 10 12 1 1 10 12 1 10 100 12 1 1 1 10 100 12 1 1 1 9 7 12 1 1 1 10 12 1 10 12 1 1 10 8 1 8 1 10 7 1 9 12 1 1 10 12 1 1 10 12 1 1 10 12 1 1 10 12 1 3 3 5 0 10 12 1 1 8 1 10 7 12 1 1 1 9 12 1 1 7 1 7 1 1 1 3 1 3 1 1 1 1 3 1 3 1 1 5 0 1 1 1 1 1 1 1 1 1 1 1 1 1 1 1 1 1 1 1 1 1 1 1 1 1 1 1 3 1 1 1 1 1 1 1 1 1 1 1 1 1 1 1 1 1 1 1 1 1 1 1 1 1 1 1 1 1 1
staticfield java/lang/Short TYPE Ljava/lang/Class; java/lang/Class
ciInstanceKlass java/lang/Long 1 1 524 7 1 7 1 7 1 7 1 10 12 1 1 9 12 1 1 9 7 12 1 1 1 10 7 12 1 1 1 10 12 1 1 10 100 12 1 1 1 10 10 12 10 12 1 10 12 1 10 12 1 5 0 5 0 7 1 10 12 1 1 10 12 1 1 10 12 1 10 12 1 10 12 1 10 12 1 1 10 100 12 1 1 10 12 1 10 12 1 1 10 12 1 1 10 12 1 1 10 12 1 1 10 100 12 1 1 1 10 12 1 1 10 12 1 10 12 1 10 12 1 10 12 1 1 10 10 12 1 5 0 5 0 9 12 1 1 9 12 1 5 0 100 1 8 1 10 12 1 8 1 10 12 1 8 1 8 1 10 12 1 1 5 0 10 12 1 1 5 0 10 12 1 1 10 12 1 1 10 100 12 1 1 1 11 7 1 10 12 1 1 11 10 12 1 1 8 1 10 12 1 1 8 1 7 1 10 12 1 1 10 12 1 8 1 8 1 11 12 1 1 10 12 1 10 12 1 10 12 1 5 0 5 0 9 7 12 1 1 1 10 12 1 10 12 1 1 8 1 8 1 10 12 1 1 8 1 8 1 8 1 8 1 8 1 8 1 10 12 1 10 7 1 9 12 1 1 10 12 1 10 12 1 1 10 12 1 1 10 7 12 1 1 1 100 1 100 1 10 12 1 1 10 12 1 1 5 0 10 12 1 10 12 1 5 0 5 0 5 0 10 12 1 1 10 12 1 5 0 5 0 10 12 1 10 12 1 10 100 12 1 1 1 10 12 1 1 10 12 1 1 8 1 10 7 12 1 1 1 9 12 1 1 7 1 7 1 7 1 1 1 1 5 0 1 1 1 1 3 1 3 1 5 0 1 1 1 1 1 1 1 1 1 100 1 1 1 1 1 1 1 1 1 1 1 1 1 1 1 1 1 1 1 1 1 1 1 1 1 1 1 1 1 1 1 1 1 1 1 1 1 1 1 1 1 1 1 1 1 1 1 1 1 1 1 1 1 1 1 3 1 1 1 1 1 1 1 1 1 1 1 1 1 1 1 7 1 1 1 1 1 1 1 1 1 1 1 1 1 1 1 1 1 1 1 1 1 1 1 1 1 1 1 1 1 1 1 1 1 1 1 1 1 1 1 1 1 1 1 7 1 1 1 1 1 1 1 1 1 100 1 100 1 1
staticfield java/lang/Long TYPE Ljava/lang/Class; java/lang/Class
ciInstanceKlass jdk/internal/vm/vector/VectorSupport 0 0 573 100 1 10 100 12 1 1 1 9 12 1 1 10 12 1 1 100 1 10 12 1 11 100 12 1 1 1 11 100 12 1 1 1 11 100 12 1 1 11 100 12 1 1 11 100 12 1 1 1 11 100 12 1 1 11 100 12 1 1 11 100 12 1 1 11 100 12 1 1 11 100 12 1 1 11 100 12 1 1 11 100 12 1 1 1 11 100 12 1 1 11 100 12 1 1 1 11 100 12 1 1 1 11 100 12 1 1 11 100 12 1 1 1 11 100 12 1 1 100 1 10 12 1 1 11 100 12 1 1 11 100 12 1 1 11 100 12 1 1 11 100 12 1 1 11 100 12 1 1 11 100 12 1 1 9 12 1 1 10 100 12 1 1 11 100 12 1 1 10 12 1 1 10 100 12 1 1 1 10 12 1 10 12 1 1 10 12 1 1 1 1 1 3 1 3 1 3 1 3 1 3 1 3 1 3 1 3 1 3 1 3 1 3 1 3 1 3 1 3 1 3 1 3 1 3 1 3 1 3 1 3 1 3 1 3 1 3 1 3 1 3 1 3 1 3 1 3 1 3 1 3 1 3 1 3 1 3 1 3 1 3 1 3 1 3 1 3 1 3 1 3 1 3 1 3 1 3 1 3 1 3 1 3 1 3 1 3 1 3 1 3 1 3 1 3 1 3 1 1 1 1 1 1 1 1 1 1 1 1 1 1 1 1 1 1 1 1 1 1 1 1 1 1 1 1 1 1 1 1 1 1 1 1 1 1 1 1 1 1 1 1 1 1 1 1 1 1 1 1 1 1 1 1 1 1 1 1 1 1 1 1 1 1 1 1 1 1 1 1 1 1 1 1 1 1 1 1 1 1 1 1 1 1 1 1 1 1 1 1 1 1 1 1 1 1 1 1 1 1 1 1 1 1 1 1 1 1 1 1 1 1 1 1 1 1 1 1 1 1 1 1 1 1 1 1 1 1 1 1 1 1 1 1 1 1 1 1 1 1 1 1 1 1 1 1 1 1 1 1 1 1 1 1 1 1 1 1 1 1 1 1 1 1 1 1 1 1 1 1 1 1 1 1 1 1 1 1 1 1 1 1 1 1 1 1 1 1 1 1 1 1 1 1 1 1 1 1 1 1 1 1 1 1 1 1 1 1 1 1 1 1 1 1 1 1 1 1 1 1 1 1 1 1 1 1 1 1 1 1 1 1 1 100 1 100 1 100 1 100 1 100 1 1 1 1 1 1 1 1 1 1 1 1 1 1 1 1 1 1 1 1 1 1 1 1 1 1 1 1 1 1 1
instanceKlass jdk/internal/vm/vector/VectorSupport$VectorShuffle
instanceKlass jdk/internal/vm/vector/VectorSupport$VectorMask
instanceKlass jdk/internal/vm/vector/VectorSupport$Vector
ciInstanceKlass jdk/internal/vm/vector/VectorSupport$VectorPayload 0 0 32 10 100 12 1 1 1 9 100 12 1 1 1 10 100 12 1 1 1 1 1 1 1 1 1 1 1 1 1 1 1 1
ciInstanceKlass jdk/internal/vm/vector/VectorSupport$Vector 0 0 28 10 100 12 1 1 1 100 1 1 1 1 1 1 1 1 1 1 1 1 1 1 1 100 1 1 1 1
ciInstanceKlass jdk/internal/vm/vector/VectorSupport$VectorMask 0 0 28 10 100 12 1 1 1 100 1 1 1 1 1 1 1 1 1 1 1 1 1 1 1 100 1 1 1 1
ciInstanceKlass jdk/internal/vm/vector/VectorSupport$VectorShuffle 0 0 28 10 100 12 1 1 1 100 1 1 1 1 1 1 1 1 1 1 1 1 1 1 1 100 1 1 1 1
ciInstanceKlass jdk/internal/vm/FillerObject 0 0 16 10 100 12 1 1 1 100 1 1 1 1 1 1 1 1
instanceKlass java/lang/ref/PhantomReference
instanceKlass java/lang/ref/FinalReference
instanceKlass java/lang/ref/WeakReference
instanceKlass java/lang/ref/SoftReference
ciInstanceKlass java/lang/ref/Reference 1 1 190 9 7 12 1 1 1 9 7 12 1 1 10 12 1 1 10 12 1 1 9 12 1 1 10 12 1 1 9 12 1 1 9 12 1 1 7 1 10 12 1 10 7 12 1 1 10 12 1 10 12 1 1 10 12 1 7 1 8 1 10 12 1 1 7 1 10 12 1 1 10 12 1 1 10 12 1 9 12 1 10 12 1 1 10 12 1 10 12 1 9 12 1 7 1 100 1 10 12 9 12 1 9 12 1 100 1 10 10 12 1 10 10 7 12 1 1 7 1 10 10 7 12 1 1 1 1 1 1 1 1 1 1 1 1 1 1 1 1 1 1 1 7 1 1 1 100 1 1 1 1 1 1 1 1 1 1 1 1 1 1 1 1 1 1 1 1 1 1 1 1 1 1 1 1 1 1 1 1 1 1 1 7 1 7 1 7 1 1 1
staticfield java/lang/ref/Reference processPendingLock Ljava/lang/Object; java/lang/Object
staticfield java/lang/ref/Reference $assertionsDisabled Z 1
instanceKlass java/io/ClassCache$CacheRef
instanceKlass java/util/ResourceBundle$BundleReference
instanceKlass java/lang/invoke/LambdaFormEditor$Transform
instanceKlass sun/util/locale/LocaleObjectCache$CacheEntry
ciInstanceKlass java/lang/ref/SoftReference 1 1 47 10 7 12 1 1 1 9 7 12 1 1 1 9 12 1 10 12 1 10 12 1 1 1 1 1 1 1 1 1 1 1 1 1 1 1 1 1 1 1 1 100 1 1 1 1 1
instanceKlass sun/awt/WeakIdentityHashMap$WeakKey
instanceKlass javax/swing/plaf/metal/MetalLookAndFeel$AATextListener
instanceKlass java/lang/ClassValue$Entry
instanceKlass sun/nio/ch/FileLockTable$FileLockReference
instanceKlass androidx/compose/runtime/internal/WeakReference
instanceKlass java/util/ResourceBundle$KeyElementReference
instanceKlass jdk/internal/util/WeakReferenceKey
instanceKlass java/lang/ThreadLocal$ThreadLocalMap$Entry
instanceKlass java/util/WeakHashMap$Entry
ciInstanceKlass java/lang/ref/WeakReference 1 1 31 10 7 12 1 1 1 10 12 1 100 1 1 1 1 1 1 1 1 1 1 1 1 1 1 1 1 1 1 1 1
instanceKlass java/lang/ref/Finalizer
ciInstanceKlass java/lang/ref/FinalReference 1 1 50 10 7 12 1 1 1 10 7 12 1 1 1 10 12 1 1 7 1 8 1 10 12 1 1 1 1 1 1 1 1 1 1 1 1 1 1 1 1 1 1 1 1 1 1 1 1 1 7 1
instanceKlass org/jetbrains/skia/impl/CleanableImpl
instanceKlass jdk/internal/ref/PhantomCleanable
instanceKlass jdk/internal/ref/Cleaner
ciInstanceKlass java/lang/ref/PhantomReference 1 1 39 10 100 12 1 1 1 10 7 12 1 1 1 1 1 1 1 1 1 1 1 1 1 1 1 1 1 1 1 1 1 1 1 1 1 1 1 1 1
ciInstanceKlass java/lang/ref/Finalizer 1 1 155 9 7 12 1 1 1 10 7 12 1 1 1 9 12 1 1 9 12 1 1 9 12 1 9 12 1 9 12 1 1 10 12 1 7 1 8 1 10 12 1 10 12 1 1 9 12 1 100 1 10 12 1 7 1 11 100 12 1 1 10 12 1 7 1 10 12 1 100 1 10 12 1 10 7 12 1 1 1 10 100 12 1 1 1 100 1 10 10 12 1 7 1 10 12 1 7 1 10 12 1 1 10 12 1 1 10 12 1 10 7 12 1 1 1 7 1 10 7 1 10 10 12 1 1 1 1 1 1 1 1 1 1 1 1 1 1 1 1 1 1 1 1 1 1 1 1 1 1 1 1 1 1 1 1
staticfield java/lang/ref/Finalizer lock Ljava/lang/Object; java/lang/Object
staticfield java/lang/ref/Finalizer ENABLED Z 1
staticfield java/lang/ref/Finalizer $assertionsDisabled Z 1
instanceKlass androidx/compose/animation/core/AnimationEndReason
instanceKlass androidx/compose/animation/core/MutatePriority
instanceKlass org/jetbrains/skia/MipmapMode
instanceKlass org/jetbrains/skia/FilterMode
instanceKlass org/jetbrains/skia/svg/SVGPreserveAspectRatioScale
instanceKlass org/jetbrains/skia/svg/SVGPreserveAspectRatioAlign
instanceKlass java/lang/invoke/MethodHandleImpl$ArrayAccess
instanceKlass org/jetbrains/skia/FilterTileMode
instanceKlass org/jetbrains/skia/PaintStrokeJoin
instanceKlass org/jetbrains/skia/ClipMode
instanceKlass org/jetbrains/skia/svg/SVGLengthUnit
instanceKlass androidx/compose/ui/focus/FocusStateImpl
instanceKlass org/jetbrains/compose/devtools/Tag
instanceKlass org/jetbrains/compose/devtools/theme/DtImages$Image
instanceKlass org/jetbrains/skia/paragraph/Direction
instanceKlass org/jetbrains/skia/paragraph/HeightMode
instanceKlass org/jetbrains/skia/paragraph/Alignment
instanceKlass org/jetbrains/skia/FontSlant
instanceKlass org/jetbrains/skia/BlendMode
instanceKlass org/jetbrains/skia/FontHinting
instanceKlass org/jetbrains/skia/FontEdging
instanceKlass androidx/compose/ui/text/FontHinting
instanceKlass androidx/compose/ui/text/FontSmoothing
instanceKlass androidx/compose/ui/text/platform/Platform
instanceKlass androidx/compose/ui/text/style/ResolvedTextDirection
instanceKlass kotlin/LazyThreadSafetyMode
instanceKlass androidx/compose/foundation/layout/Direction
instanceKlass androidx/compose/animation/core/RepeatMode
instanceKlass androidx/compose/ui/platform/TextToolbarStatus
instanceKlass androidx/compose/ui/node/Invalidation
instanceKlass androidx/compose/ui/node/LayoutNode$LayoutState
instanceKlass org/jetbrains/skia/PaintMode
instanceKlass androidx/compose/ui/node/LayoutNode$UsageByParent
instanceKlass javax/swing/ClientPropertyKey
instanceKlass org/jetbrains/skiko/SkiaLayer$PropertyKind
instanceKlass java/awt/event/FocusEvent$Cause
instanceKlass org/jetbrains/skia/PixelGeometry
instanceKlass org/jetbrains/skiko/GpuPriority
instanceKlass org/jetbrains/skiko/FrameBuffering
instanceKlass org/jetbrains/skia/paragraph/DecorationLineStyle
instanceKlass org/jetbrains/skia/skottie/LogLevel
instanceKlass org/jetbrains/skia/ColorAlphaType
instanceKlass org/jetbrains/skia/ColorType
instanceKlass androidx/lifecycle/Lifecycle$Event
instanceKlass androidx/lifecycle/Lifecycle$State
instanceKlass androidx/compose/ui/LayerType
instanceKlass org/jetbrains/skiko/Arch
instanceKlass org/jetbrains/skiko/OS
instanceKlass java/awt/Component$BaselineResizeBehavior
instanceKlass com/sun/java/swing/plaf/windows/TMSchema$Control
instanceKlass com/sun/java/swing/plaf/windows/TMSchema$Part
instanceKlass org/jetbrains/skiko/GraphicsApi
instanceKlass java/awt/Dialog$ModalExclusionType
instanceKlass java/awt/Window$Type
instanceKlass java/awt/Dialog$ModalityType
instanceKlass java/awt/GraphicsDevice$WindowTranslucency
instanceKlass androidx/compose/runtime/InvalidationResult
instanceKlass java/util/stream/Collector$Characteristics
instanceKlass androidx/compose/ui/window/WindowPlacement
instanceKlass java/util/stream/StreamShape
instanceKlass kotlinx/coroutines/scheduling/CoroutineScheduler$WorkerState
instanceKlass sun/java2d/SunGraphicsEnvironment$LogDisplay
instanceKlass androidx/compose/ui/unit/LayoutDirection
instanceKlass androidx/compose/runtime/Recomposer$State
instanceKlass java/security/DrbgParameters$Capability
instanceKlass sun/security/util/KnownOIDs
instanceKlass org/jetbrains/compose/reload/core/BuildSystem
instanceKlass org/jetbrains/compose/reload/orchestration/OrchestrationClientRole
instanceKlass org/jetbrains/compose/reload/orchestration/OrchestrationPackageType
instanceKlass kotlinx/coroutines/channels/BufferOverflow
instanceKlass kotlinx/coroutines/CoroutineStart
instanceKlass org/jetbrains/compose/reload/core/Os
instanceKlass org/jetbrains/compose/reload/core/HotReloadProperty$Visibility
instanceKlass org/jetbrains/compose/reload/core/HotReloadProperty$Environment
instanceKlass org/jetbrains/compose/reload/core/HotReloadProperty$Type
instanceKlass org/jetbrains/compose/reload/core/HotReloadProperty
instanceKlass java/net/Proxy$Type
instanceKlass java/net/StandardProtocolFamily
instanceKlass kotlin/time/DurationUnit
instanceKlass kotlin/coroutines/intrinsics/CoroutineSingletons
instanceKlass java/awt/EventFilter$FilterAction
instanceKlass org/jetbrains/compose/reload/core/Logger$Level
instanceKlass java/awt/desktop/UserSessionEvent$Reason
instanceKlass sun/font/EAttribute
instanceKlass java/time/format/TextStyle
instanceKlass java/time/format/DateTimeFormatterBuilder$SettingsParser
instanceKlass java/time/format/ResolverStyle
instanceKlass java/util/Locale$Category
instanceKlass java/time/format/SignStyle
instanceKlass java/time/temporal/JulianFields$Field
instanceKlass java/time/temporal/IsoFields$Unit
instanceKlass java/time/temporal/IsoFields$Field
instanceKlass java/time/temporal/ChronoUnit
instanceKlass java/time/temporal/ChronoField
instanceKlass java/util/regex/Pattern$Qtype
instanceKlass sun/awt/OSInfo$OSType
instanceKlass jdk/internal/util/OperatingSystem
instanceKlass sun/java2d/StateTrackable$State
instanceKlass sun/awt/AppContext$State
instanceKlass jdk/internal/logger/BootstrapLogger$LoggingBackend
instanceKlass java/util/stream/StreamOpFlag$Type
instanceKlass java/util/stream/StreamOpFlag
instanceKlass java/lang/System$Logger$Level
instanceKlass sun/util/logging/PlatformLogger$Level
instanceKlass java/lang/invoke/MethodHandles$Lookup$ClassOption
instanceKlass java/lang/invoke/VarHandle$AccessType
instanceKlass java/lang/invoke/VarHandle$AccessMode
instanceKlass java/lang/invoke/MethodHandleImpl$Intrinsic
instanceKlass java/lang/invoke/LambdaForm$BasicType
instanceKlass java/lang/invoke/LambdaForm$Kind
instanceKlass sun/invoke/util/Wrapper
instanceKlass java/util/zip/ZipCoder$Comparison
instanceKlass java/nio/file/LinkOption
instanceKlass sun/nio/fs/WindowsPathType
instanceKlass java/nio/file/StandardOpenOption
instanceKlass java/util/concurrent/TimeUnit
instanceKlass java/io/File$PathStatus
instanceKlass java/lang/module/ModuleDescriptor$Requires$Modifier
instanceKlass java/lang/reflect/AccessFlag$Location
instanceKlass java/lang/reflect/AccessFlag
instanceKlass java/lang/module/ModuleDescriptor$Modifier
instanceKlass java/lang/reflect/ClassFileFormatVersion
instanceKlass java/lang/Thread$State
ciInstanceKlass java/lang/Enum 1 1 204 9 7 12 1 1 1 9 12 1 1 10 7 12 1 1 1 9 12 1 10 7 12 1 1 1 100 1 10 10 12 1 1 10 12 1 7 1 10 10 7 12 1 1 10 12 1 1 18 12 1 1 10 100 12 1 1 1 10 12 1 1 11 7 12 1 1 1 100 1 8 1 10 12 1 100 1 7 1 10 8 1 10 12 1 1 10 12 1 1 8 1 10 12 1 10 100 1 8 1 10 10 12 1 1 10 100 12 1 1 1 7 1 7 1 7 1 1 1 1 1 1 1 1 1 1 1 1 1 1 1 1 1 1 1 1 1 1 1 1 1 1 1 1 1 1 1 1 1 1 1 1 1 1 1 1 1 1 1 1 1 1 1 3 1 1 1 1 100 1 7 1 1 100 1 1 1 1 1 1 1 1 1 1 1 16 15 10 12 16 15 10 100 12 1 1 1 1 1 100 1 100 1 1
ciInstanceKlass java/lang/reflect/Method 1 1 472 9 7 12 1 1 1 10 100 12 1 1 1 10 100 12 1 1 9 12 1 1 10 12 1 1 10 12 1 1 10 100 12 1 1 10 7 12 1 1 1 9 12 1 1 9 12 1 9 12 1 1 9 12 1 9 12 1 9 12 1 1 9 12 1 9 12 1 1 9 12 1 9 12 1 9 12 1 1 100 1 8 1 10 12 1 10 12 1 9 12 1 1 8 1 10 7 12 1 1 10 7 12 1 1 1 10 12 1 1 10 12 1 1 10 12 1 10 12 1 1 10 12 1 1 9 100 12 1 1 1 10 12 1 1 10 12 10 7 12 1 1 10 12 1 1 10 12 1 10 12 1 10 12 1 10 7 12 1 1 1 10 12 1 1 10 7 1 10 7 12 1 1 1 10 7 12 1 1 10 12 1 1 10 12 1 1 10 12 1 10 7 12 1 1 1 10 12 1 10 8 1 10 12 1 10 12 1 100 1 8 1 8 1 8 1 10 12 1 10 12 1 1 10 12 1 1 10 10 12 1 1 10 12 1 11 7 1 10 12 1 9 12 1 1 10 12 1 1 10 12 1 10 12 1 1 10 12 1 1 11 7 12 1 1 1 11 12 1 9 12 1 1 10 12 1 10 12 1 10 12 1 10 12 1 10 12 1 10 12 1 9 12 1 1 10 7 12 1 1 1 10 7 12 1 1 10 12 1 1 10 100 12 1 1 1 10 100 12 1 1 1 10 100 12 1 1 1 11 100 12 1 1 1 10 100 12 1 1 1 100 1 100 1 100 1 10 12 1 10 12 1 1 10 12 1 100 1 8 1 10 12 1 10 10 12 1 1 10 12 1 1 10 12 1 1 10 12 1 1 8 1 10 12 1 1 1 1 1 1 1 1 1 1 1 1 1 1 1 1 1 1 1 1 1 1 1 1 1 1 1 1 1 1 1 1 1 1 1 1 1 1 1 1 1 1 1 1 1 1 1 1 1 1 1 1 1 100 1 100 1 100 1 1 1 1 1 1 1 1 1 1 1 1 1 1 1 1 1 1 1 1 1 1 1 1 1 1 1 1 1 1
ciInstanceKlass java/lang/reflect/Field 1 1 457 9 7 12 1 1 1 10 12 1 1 10 100 12 1 1 1 10 100 12 1 1 9 12 1 1 10 12 1 1 10 12 1 1 10 100 12 1 1 10 7 12 1 1 1 9 12 1 1 9 12 1 9 12 1 9 12 1 1 9 12 1 1 9 12 1 9 12 1 1 9 12 1 1 100 1 8 1 10 12 1 10 12 1 9 12 1 1 9 12 1 10 12 1 10 7 12 1 1 10 12 1 1 10 12 1 1 10 12 1 10 12 1 1 9 100 12 1 1 1 10 100 12 1 1 1 7 1 10 12 1 1 10 12 1 1 10 12 1 1 10 12 1 10 12 1 10 7 1 10 7 12 1 1 7 1 10 8 1 10 12 1 1 10 12 1 1 8 1 10 12 10 12 1 8 1 8 1 10 11 7 1 9 12 1 10 12 1 1 10 12 1 1 11 7 12 1 1 1 10 12 1 11 12 1 1 11 12 1 1 11 12 1 1 11 12 1 1 11 12 1 1 11 12 1 1 11 12 1 1 11 12 1 1 11 12 1 1 11 12 1 1 11 12 1 1 11 12 1 1 11 12 1 1 11 12 1 1 11 12 1 1 11 12 1 1 11 12 1 1 10 12 1 10 7 12 1 1 10 12 1 10 12 1 10 12 1 9 12 1 1 10 7 12 1 1 1 10 12 1 1 10 12 1 10 100 12 1 1 10 12 1 1 11 7 1 10 12 1 7 1 10 100 12 1 1 1 10 100 12 1 1 1 9 12 1 10 100 12 1 1 1 11 100 12 1 1 1 10 12 1 1 10 12 1 1 9 100 12 1 1 10 100 12 1 1 1 10 12 1 1 7 1 1 1 1 1 1 1 1 1 1 1 1 1 1 1 1 1 1 1 1 1 1 1 1 1 1 1 1 1 1 1 1 1 1 1 1 1 1 1 100 1 1 1 1 1 1 1 1 1 1 1 1 1 1 1 1 1 1 1 1 1 1 1 1 1 1 1 1 1 1 1 1 7 1 1 1 1 1 1 1 1 1 100 1 1
ciInstanceKlass java/lang/reflect/Parameter 0 0 243 10 7 12 1 1 1 9 7 12 1 1 1 9 12 1 1 9 12 1 1 9 12 1 10 12 1 1 10 12 1 1 10 7 12 1 1 1 7 1 10 10 12 1 1 11 7 12 1 1 1 10 12 1 10 100 12 1 1 1 10 12 1 1 10 12 1 10 12 1 8 1 8 1 10 7 12 1 1 1 10 12 1 10 12 9 100 12 1 1 1 10 100 12 1 1 1 10 12 1 8 1 10 12 1 9 12 1 1 10 12 1 1 9 12 1 1 10 12 1 1 10 12 1 1 10 12 1 1 10 12 1 10 10 12 1 10 100 12 1 1 1 10 12 1 1 11 7 12 1 1 10 7 12 1 1 7 1 10 100 12 1 1 1 10 12 1 1 10 12 1 1 10 12 1 1 10 12 1 1 9 12 1 100 1 10 11 12 1 1 11 12 1 1 7 1 1 1 1 1 1 1 1 1 1 1 1 1 1 1 1 1 1 1 1 1 1 1 1 1 1 1 1 1 1 1 1 1 1 1 1 1 1 1 1 1 100 1 1 1 1 1 1
ciInstanceKlass java/lang/reflect/RecordComponent 0 0 196 10 7 12 1 1 1 9 7 12 1 1 1 9 12 1 1 9 12 1 10 12 1 1 10 12 1 1 10 100 12 1 1 1 10 12 1 1 9 12 1 1 10 12 1 1 10 12 1 1 10 12 1 10 100 12 1 1 10 100 12 1 1 9 12 1 1 10 100 12 1 1 1 11 100 12 1 1 1 10 9 100 12 1 1 1 10 100 12 1 1 1 9 12 1 1 10 100 12 1 1 1 10 12 1 1 11 7 12 1 1 10 7 12 1 1 7 1 9 12 1 9 12 1 1 9 12 1 10 100 12 1 1 1 10 12 1 1 10 12 1 1 7 1 10 10 12 1 10 12 1 1 8 1 10 12 1 10 12 1 9 12 1 7 1 1 1 1 1 1 1 1 1 1 1 1 1 1 1 1 1 1 1 1 1 1 7 1 1 1 1 1 1 100 1 1
ciInstanceKlass java/lang/StringBuffer 1 1 483 10 7 12 1 1 1 10 12 1 10 12 1 10 12 1 1 9 7 12 1 1 1 10 12 1 1 10 12 1 10 12 1 1 9 12 1 1 10 12 1 10 12 1 1 10 12 1 1 10 12 1 10 12 1 1 10 12 1 10 12 1 1 10 12 1 1 10 7 12 1 1 1 10 12 1 1 10 12 1 10 12 1 10 12 1 10 12 1 10 12 1 10 12 1 10 12 1 10 12 1 10 12 1 10 12 1 10 12 1 10 12 1 10 12 1 10 12 1 1 10 12 1 10 12 1 1 10 12 1 1 10 10 12 1 1 10 12 1 10 12 1 10 12 1 10 12 1 10 12 1 10 12 1 10 12 10 12 1 10 12 1 10 12 1 10 12 1 1 10 12 1 10 12 1 10 10 12 1 1 10 12 1 10 12 1 10 12 1 10 10 100 12 1 1 1 10 10 12 1 1 9 12 1 1 10 100 12 1 1 10 100 1 8 10 100 12 1 1 1 8 10 12 1 8 1 10 12 1 10 12 1 10 100 12 1 1 1 10 100 12 1 1 1 7 1 10 12 100 1 8 1 10 10 12 1 1 10 12 1 1 10 12 1 10 12 1 10 12 1 1 10 12 1 10 12 1 10 12 1 10 12 1 10 12 1 10 12 10 12 1 10 12 1 10 12 1 10 12 1 10 12 1 10 12 1 10 12 1 10 12 1 10 12 1 10 12 1 10 12 10 12 10 12 1 10 12 1 10 12 1 10 12 10 12 1 10 12 1 10 12 1 10 12 1 10 12 1 10 12 1 10 12 1 10 12 1 10 12 1 10 12 1 10 12 1 7 1 10 12 1 9 7 12 1 1 1 9 7 1 9 12 1 1 7 1 7 1 7 1 7 1 1 1 1 5 0 1 1 1 1 1 1 1 1 1 1 1 1 1 1 1 1 1 1 1 1 1 1 1 1 1 1 1 1 1 1 1 1 1 1 1 1 1 1 1 1 1 1 1 1 1 1 1 1 1 1 1 1 1 1 1 1 1 1 1 1 1 100 1 1 1 1 1 7 1 1 1 1 1 1 1 1 1 1 1 1 1 1 1 1 1 1
staticfield java/lang/StringBuffer serialPersistentFields [Ljava/io/ObjectStreamField; 3 [Ljava/io/ObjectStreamField;
instanceKlass jdk/internal/loader/BuiltinClassLoader
instanceKlass java/net/URLClassLoader
ciInstanceKlass java/security/SecureClassLoader 1 1 102 10 7 12 1 1 1 7 1 10 12 1 9 7 12 1 1 1 10 12 1 10 12 1 10 12 1 1 10 12 1 1 10 12 1 7 1 10 7 1 10 12 1 7 1 10 12 1 11 7 12 1 1 1 7 1 11 12 1 10 12 1 1 1 1 1 1 1 1 1 1 1 1 1 1 1 1 1 1 1 1 1 1 1 1 1 1 1 1 1 1 1 1 1 1 1 1 100 1 1 1 1
ciInstanceKlass java/net/URLClassLoader 0 0 600 10 7 12 1 1 1 100 1 10 12 1 9 7 12 1 1 1 10 7 12 1 1 1 9 12 1 1 100 1 10 12 1 9 12 1 1 10 12 1 10 10 12 1 10 100 12 1 1 1 10 12 1 1 10 7 12 1 1 1 10 100 12 1 1 1 100 1 10 12 1 1 10 12 1 1 10 12 1 1 100 1 100 1 10 7 12 1 1 1 100 1 8 1 10 12 1 10 7 12 1 1 1 10 12 1 1 10 12 1 1 11 100 12 1 1 1 11 7 12 1 1 1 11 12 1 1 7 1 11 12 1 11 7 12 1 1 10 12 1 11 12 1 11 12 1 1 11 10 12 1 1 10 12 1 1 10 12 1 1 100 1 10 12 1 10 12 1 1 7 1 100 1 10 12 1 1 7 1 10 10 12 1 1 10 100 12 1 1 10 12 1 100 1 7 1 10 8 1 10 12 1 1 8 1 10 12 1 1 10 10 12 1 8 1 8 1 10 12 1 1 10 7 12 1 1 1 10 100 12 1 1 1 10 12 1 1 10 12 1 1 10 12 1 1 10 12 1 10 12 1 100 1 100 1 8 1 10 12 1 10 12 1 1 10 12 1 1 7 1 10 12 1 10 100 12 1 1 1 10 12 1 1 10 12 1 1 10 12 1 1 10 12 1 10 100 12 1 1 1 10 12 1 1 8 1 10 12 1 1 11 100 12 1 1 1 9 100 12 1 1 1 10 100 12 1 1 1 9 12 1 9 12 1 9 12 1 9 12 1 9 12 1 9 12 1 10 7 12 1 1 1 8 1 10 12 1 1 100 1 10 10 12 1 10 12 1 1 10 12 1 1 100 1 10 12 1 10 12 1 1 10 12 1 10 12 1 1 100 1 10 100 12 1 1 9 100 12 1 1 1 10 12 1 8 1 100 1 8 1 10 12 1 10 12 1 8 1 10 12 1 10 12 1 9 12 1 1 10 100 12 1 1 10 12 1 10 12 1 10 100 1 8 1 10 100 1 10 12 1 10 100 12 1 100 1 10 12 1 10 12 1 100 1 10 10 7 12 1 1 1 1 1 1 1 1 1 1 1 1 1 1 1 1 1 1 1 1 1 1 1 1 1 1 1 1 1 1 1 1 1 1 1 1 1 7 1 100 1 7 1 7 1 1 1 1 1 1 1 1 1 1 1 1 1 1 1 1 1 1 1 1 1 1 1 1 1 1 1 1 1 1 1 1 1 1 1 1 1 1 1 1 1 1 1 1 1 1 100 1 1 1 1 1 1 1 1 1 1 1 1 1 1 1 1 1 1 1 1 1 1 1 1 1 1 1 1 1 1 1 1 1 1 1 1 1 100 1 1 1
ciInstanceKlass java/util/jar/Manifest 1 1 339 10 7 12 1 1 1 7 1 10 9 7 12 1 1 1 7 1 10 9 12 1 1 9 12 1 1 10 12 1 10 12 1 1 10 12 1 1 10 12 1 1 10 12 1 1 11 7 1 11 12 1 1 10 12 1 1 10 100 12 1 1 1 100 1 7 1 10 8 1 10 12 1 1 10 12 1 1 10 12 1 10 12 1 11 100 1 10 12 1 10 12 1 1 11 12 1 1 10 12 1 11 12 1 1 11 100 12 1 1 1 11 7 12 1 1 11 12 1 1 100 1 10 12 1 8 1 11 12 1 7 1 10 12 1 1 11 12 1 10 12 1 10 12 1 10 7 12 1 1 1 8 1 10 12 1 1 10 9 100 12 1 1 1 10 12 1 1 10 100 12 1 10 12 1 10 12 1 9 100 12 1 1 1 8 1 10 12 1 8 1 8 1 7 1 10 12 1 10 12 1 10 12 1 1 100 1 8 1 10 12 1 1 8 1 10 10 12 1 1 8 1 10 12 1 1 10 7 12 1 1 1 10 12 1 10 11 12 1 1 10 12 1 10 100 12 1 1 1 10 12 1 1 10 12 1 10 12 1 1 11 10 12 1 11 10 12 1 7 1 1 1 1 1 1 1 1 1 1 1 1 1 1 1 1 1 1 1 1 1 1 1 1 1 1 1 1 1 1 1 1 1 1 1 1 1 1 1 1 1 1 1 100 1 1 1 1 1 1 1 1 1 1 1 1 1 1 7 1 1 1 1 1 1 1 1 1 1 1
ciInstanceKlass java/io/ByteArrayInputStream 1 1 117 10 7 12 1 1 1 9 7 12 1 1 1 9 12 1 1 9 12 1 9 12 1 10 100 12 1 1 1 10 7 12 1 1 1 10 7 12 1 1 1 10 100 12 1 1 1 10 12 1 1 3 10 100 1 10 100 12 1 1 1 9 12 1 1 100 1 10 10 7 12 1 1 1 1 1 1 1 1 1 1 1 1 1 1 1 1 1 1 1 1 1 1 1 1 1 1 1 1 1 1 1 100 1 1 1 1 1 1 1 1 1 1 1 1 1 1
staticfield java/io/ByteArrayInputStream $assertionsDisabled Z 1
instanceKlass java/nio/ShortBuffer
instanceKlass java/nio/CharBuffer
instanceKlass java/nio/IntBuffer
instanceKlass java/nio/LongBuffer
instanceKlass java/nio/ByteBuffer
ciInstanceKlass java/nio/Buffer 1 1 256 100 1 10 7 12 1 1 1 9 7 12 1 1 1 9 12 1 9 12 1 1 9 12 1 9 12 1 1 10 12 1 1 10 12 1 1 10 12 100 1 7 1 10 8 1 10 12 1 1 10 12 1 8 1 8 1 10 12 1 1 10 12 1 8 1 9 12 1 1 100 1 8 1 10 12 1 8 1 8 1 9 12 10 12 1 8 1 8 1 8 1 10 12 1 8 1 8 1 8 1 100 1 10 100 1 10 100 1 10 9 12 1 1 10 7 12 1 1 1 100 1 10 12 1 1 10 12 1 10 100 12 1 1 10 7 12 1 1 1 10 7 12 1 1 1 9 12 1 1 10 7 12 1 1 1 9 12 1 1 7 1 10 10 12 1 1 7 1 10 10 7 12 1 1 1 1 1 3 1 1 1 1 1 1 1 1 1 1 1 1 1 1 100 1 1 1 1 1 1 1 7 1 1 1 1 1 1 1 1 1 1 1 1 1 1 1 1 1 1 1 1 1 1 1 1 1 1 1 1 1 1 1 1 1 1 1 1 1 1 1 100 1 100 1 100 1 100 1 100 1 100 1 100 1 1
staticfield java/nio/Buffer UNSAFE Ljdk/internal/misc/Unsafe; jdk/internal/misc/Unsafe
staticfield java/nio/Buffer SCOPED_MEMORY_ACCESS Ljdk/internal/misc/ScopedMemoryAccess; jdk/internal/misc/ScopedMemoryAccess
staticfield java/nio/Buffer IOOBE_FORMATTER Ljava/util/function/BiFunction; jdk/internal/util/Preconditions$4
staticfield java/nio/Buffer $assertionsDisabled Z 1
instanceKlass java/util/Collections$CopiesList
instanceKlass java/util/AbstractSequentialList
instanceKlass sun/awt/util/IdentityArrayList
instanceKlass java/util/ArrayList$SubList
instanceKlass sun/security/jca/ProviderList$3
instanceKlass kotlin/collections/AbstractMutableList
instanceKlass java/util/Vector
instanceKlass java/util/Arrays$ArrayList
instanceKlass java/util/Collections$SingletonList
instanceKlass java/util/Collections$EmptyList
instanceKlass java/util/ArrayList
ciInstanceKlass java/util/AbstractList 1 1 218 10 7 12 1 1 1 9 7 12 1 1 1 10 12 1 1 10 12 1 1 100 1 10 10 12 1 1 11 7 12 1 1 1 11 12 1 1 11 12 1 10 7 12 1 1 1 10 12 1 11 12 1 11 12 1 11 12 1 10 12 1 1 10 12 1 1 11 7 12 1 1 1 11 7 1 11 7 1 10 12 1 7 1 10 12 1 10 12 1 1 7 1 100 1 10 12 1 100 1 10 100 1 7 1 10 8 1 10 12 1 1 10 12 1 10 12 1 1 10 12 1 8 1 100 1 8 1 8 1 8 1 10 7 1 11 10 10 12 1 11 12 1 10 12 1 1 8 1 8 1 1 1 1 1 1 1 1 1 1 1 1 1 1 1 1 1 1 1 1 1 1 1 1 1 1 1 1 1 1 1 1 1 1 1 1 1 1 1 1 1 1 1 1 1 1 1 1 1 1 1 1 1 1 1 1 1 1 100 1 100 1 1 1 1 1 1 1
ciInstanceKlass java/lang/Iterable 1 1 62 10 100 12 1 1 1 11 7 12 1 1 1 11 7 12 1 1 1 11 12 1 1 11 100 12 1 1 1 10 100 12 1 1 1 100 1 1 1 1 1 1 1 1 1 1 1 1 1 1 1 1 1 1 1 1 1 1 1 1 1 1
ciInstanceKlass java/util/Collection 1 1 115 11 100 12 1 1 1 100 1 11 7 12 1 1 1 10 100 12 1 1 1 11 12 1 1 11 100 12 1 1 1 11 12 1 1 11 100 12 1 1 1 11 12 1 1 10 100 12 1 1 1 11 12 1 10 7 12 1 1 1 100 1 100 1 1 1 1 1 1 1 1 1 1 1 1 1 1 1 1 1 1 1 1 1 1 1 1 1 1 1 1 1 1 1 1 1 1 1 1 1 1 1 1 1 1 1 1 1 1 1 1 1 1 1 1
ciInstanceKlass java/util/SequencedCollection 1 1 109 100 1 10 12 1 1 11 7 12 1 1 1 11 7 12 1 1 1 11 12 1 1 11 12 1 7 1 7 1 1 1 1 1 1 1 1 1 1 1 1 1 1 1 1 1 1 1 1 1 1 1 1 1 1 1 1 1 100 1 8 1 1 12 10 1 1 1 8 1 1 1 8 1 1 1 8 1 1 1 8 1 1 8 1 1 1 8 1 1 8 1 1 1 8 1 1 8 1 1 1 8 1 1 8 1 1 8 1
ciInstanceKlass java/util/List 1 1 251 10 100 12 1 1 1 11 100 12 1 1 1 11 100 12 1 1 1 11 12 1 1 11 100 12 1 1 11 12 1 1 11 12 1 1 10 100 12 1 1 1 100 1 100 1 10 12 1 1 100 1 10 100 12 1 1 1 11 12 1 1 11 12 1 11 12 1 100 1 10 12 1 11 12 1 1 11 12 1 1 11 12 1 10 100 12 1 1 1 9 7 12 1 1 1 7 1 10 12 10 12 1 7 1 10 12 1 1 10 12 1 10 12 1 1 11 12 1 1 100 1 1 1 1 1 1 1 1 1 1 1 1 1 1 1 1 1 1 1 1 1 1 1 1 1 1 1 1 1 1 1 1 1 1 1 1 1 1 1 1 1 1 1 1 100 1 100 1 1 1 1 1 1 1 1 1 1 1 1 1 1 1 1 1 1 1 1 1 1 1 1 1 1 1 1 1 1 1 1 1 1 1 1 1 1 1 1 1 1 1 1 1 1 1 1 1 1 1 1 1 1 1 1 1 1 1 1 1 1 1 1 1 1 1 1 1 1 1 1 1 1 1 1 100 1 1 100 1 1 1
instanceKlass java/util/IdentityHashMap$Values
instanceKlass java/util/concurrent/ConcurrentLinkedDeque
instanceKlass java/util/AbstractQueue
instanceKlass java/util/HashMap$Values
instanceKlass java/util/ArrayDeque
instanceKlass java/util/AbstractSet
instanceKlass java/util/ImmutableCollections$AbstractImmutableCollection
instanceKlass java/util/AbstractList
ciInstanceKlass java/util/AbstractCollection 1 1 160 10 7 12 1 1 1 10 7 12 1 1 1 10 12 1 1 11 7 12 1 1 1 11 12 1 1 10 12 1 1 10 100 12 1 1 1 10 12 1 1 10 12 1 1 10 7 12 1 1 10 7 12 1 1 1 7 1 10 7 12 1 1 1 10 100 12 1 1 1 100 1 10 11 12 1 11 7 1 10 12 1 10 12 1 10 100 12 1 1 1 11 8 1 7 1 10 10 12 1 1 8 1 10 12 1 10 12 1 1 1 1 1 1 1 1 1 1 1 1 1 1 1 1 1 1 1 1 1 1 1 1 1 1 1 1 1 1 1 1 1 1 1 1 1 1 1 1 1 1 1 1 1 1 1 1 1 1 1 1
ciInstanceKlass java/lang/AssertionStatusDirectives 0 0 24 10 100 12 1 1 1 100 1 1 1 1 1 1 1 1 1 1 1 1 1 1 1 1
instanceKlass org/jetbrains/skiko/LibraryLoadException
instanceKlass org/jetbrains/skiko/RenderException
instanceKlass java/util/ConcurrentModificationException
instanceKlass kotlinx/coroutines/internal/UndeliveredElementException
instanceKlass kotlin/KotlinNothingValueException
instanceKlass java/lang/IndexOutOfBoundsException
instanceKlass kotlin/NoWhenBranchMatchedException
instanceKlass java/util/concurrent/RejectedExecutionException
instanceKlass java/util/NoSuchElementException
instanceKlass java/lang/SecurityException
instanceKlass kotlin/UninitializedPropertyAccessException
instanceKlass java/lang/IllegalStateException
instanceKlass java/lang/UnsupportedOperationException
instanceKlass java/lang/IllegalArgumentException
instanceKlass java/lang/ArithmeticException
instanceKlass java/lang/NullPointerException
instanceKlass java/lang/IllegalMonitorStateException
instanceKlass java/lang/ArrayStoreException
instanceKlass java/lang/ClassCastException
ciInstanceKlass java/lang/RuntimeException 1 1 40 10 7 12 1 1 1 10 12 1 10 12 1 10 12 1 10 12 1 100 1 1 1 1 5 0 1 1 1 1 1 1 1 1 1 1 1 1 1 1
instanceKlass java/awt/Window$PerfCounter
instanceKlass sun/java2d/loops/RenderCache$Key
instanceKlass java/util/stream/Collectors$CollectorImpl
instanceKlass java/nio/DirectByteBuffer$Deallocator
instanceKlass jdk/net/UnixDomainPrincipal
instanceKlass java/security/SecureClassLoader$CodeSourceKey
instanceKlass jdk/internal/reflect/ReflectionFactory$Config
instanceKlass jdk/internal/foreign/abi/UpcallLinker$CallRegs
instanceKlass jdk/internal/foreign/abi/VMStorage
ciInstanceKlass java/lang/Record 1 1 22 10 7 12 1 1 1 100 1 1 1 1 1 1 1 1 1 1 1 1 1 1
ciInstanceKlass java/lang/invoke/MethodType 1 1 780 7 1 10 7 12 1 1 1 9 12 1 1 9 12 1 1 9 12 1 1 10 7 12 1 1 1 9 7 12 1 1 8 1 10 100 12 1 1 1 9 7 1 9 7 1 10 12 1 1 7 1 10 8 1 10 12 1 1 10 12 1 10 12 1 1 7 1 8 1 10 12 1 100 1 10 10 12 1 10 12 1 1 10 12 1 1 11 7 12 1 1 1 9 12 1 11 12 1 1 7 10 12 1 1 10 12 1 1 7 1 7 1 10 7 12 1 1 1 10 12 1 10 12 1 9 12 1 1 10 7 12 1 1 10 12 1 1 10 7 12 1 1 1 10 7 12 1 1 1 10 12 1 9 12 1 1 10 12 1 1 10 12 1 1 10 12 1 1 10 12 1 1 10 12 1 1 10 12 1 10 12 1 10 12 1 1 10 12 1 8 1 8 1 10 12 1 1 9 12 1 1 100 1 10 10 12 1 1 10 12 1 10 12 1 1 10 12 1 1 10 12 1 10 12 1 10 12 1 8 1 10 12 1 1 10 7 12 1 1 1 10 12 1 10 12 1 1 10 12 1 10 12 1 10 12 1 1 10 12 1 10 12 1 9 12 1 10 12 1 10 10 12 1 1 10 12 1 9 12 1 1 10 12 1 1 11 12 1 1 10 12 1 1 10 12 1 10 12 1 100 1 8 1 8 1 8 1 10 12 1 10 12 1 10 12 1 1 10 10 12 1 11 12 1 1 11 12 1 10 100 12 1 1 1 9 12 1 10 12 1 10 12 1 1 10 12 1 1 10 12 1 10 12 1 10 100 12 1 1 1 10 12 1 1 10 12 1 10 12 1 10 12 1 10 9 12 1 1 7 1 10 12 1 10 12 1 1 9 100 12 1 1 1 10 7 12 1 1 1 10 7 12 1 1 1 10 12 1 1 10 7 12 1 1 1 10 12 1 1 8 1 10 7 12 1 1 1 11 12 1 1 9 12 1 1 10 12 1 1 10 12 1 10 12 1 1 10 12 1 1 10 100 12 1 1 100 1 10 12 1 1 11 100 12 1 1 18 12 1 1 11 12 1 1 18 12 1 11 12 1 100 1 11 100 12 1 1 10 12 1 100 1 10 12 1 10 100 12 1 1 10 12 1 1 9 12 1 1 9 100 12 1 1 1 10 7 12 1 1 1 9 12 1 10 100 12 1 1 10 12 1 100 10 12 1 1 10 12 1 7 1 10 10 12 1 1 7 1 7 1 9 12 1 1 7 1 7 1 7 1 1 1 5 0 1 1 1 1 1 1 1 3 1 3 1 3 1 1 1 1 1 1 1 1 1 1 1 1 1 1 1 1 1 1 1 1 1 1 1 1 1 1 1 1 1 1 1 1 1 1 1 1 1 1 1 1 1 1 1 1 1 1 1 1 1 1 1 1 1 1 1 1 1 1 1 1 1 1 1 1 1 1 1 1 1 1 1 1 1 1 1 1 1 1 1 1 1 1 1 1 1 1 1 1 1 1 1 1 1 1 1 1 1 1 1 1 1 1 1 1 1 1 1 1 1 1 1 1 1 1 1 1 1 1 1 1 1 1 1 1 1 1 1 1 1 1 100 1 100 1 1 1 1 1 1 1 1 1 1 1 1 1 100 1 1 1 7 1 1 1 1 1 1 1 1 1 1 1 1 1 1 1 1 1 1 1 1 1 1 16 15 10 12 16 16 15 10 12 16 15 10 100 12 1 1 1 1 1 7 1 1 7 1 1 100 1 100 1 1
staticfield java/lang/invoke/MethodType internTable Ljdk/internal/util/ReferencedKeySet; jdk/internal/util/ReferencedKeySet
staticfield java/lang/invoke/MethodType NO_PTYPES [Ljava/lang/Class; 0 [Ljava/lang/Class;
staticfield java/lang/invoke/MethodType objectOnlyTypes [Ljava/lang/invoke/MethodType; 20 [Ljava/lang/invoke/MethodType;
staticfield java/lang/invoke/MethodType METHOD_HANDLE_ARRAY [Ljava/lang/Class; 1 [Ljava/lang/Class;
staticfield java/lang/invoke/MethodType serialPersistentFields [Ljava/io/ObjectStreamField; 0 [Ljava/io/ObjectStreamField;
staticfield java/lang/invoke/MethodType $assertionsDisabled Z 1
ciInstanceKlass java/lang/invoke/TypeDescriptor$OfMethod 1 0 43 100 1 100 1 100 1 1 1 1 1 1 1 1 1 1 1 1 1 1 1 1 1 1 1 1 1 1 1 1 1 1 1 1 1 1 1 1 1 1 100 1 1
instanceKlass java/lang/reflect/InvocationTargetException
instanceKlass java/lang/IllegalAccessException
instanceKlass java/lang/InstantiationException
instanceKlass java/lang/NoSuchFieldException
instanceKlass java/lang/NoSuchMethodException
instanceKlass java/lang/ClassNotFoundException
ciInstanceKlass java/lang/ReflectiveOperationException 1 1 34 10 7 12 1 1 1 10 12 1 10 12 1 10 12 1 100 1 1 1 1 5 0 1 1 1 1 1 1 1 1 1 1 1
instanceKlass java/lang/invoke/DelegatingMethodHandle
instanceKlass java/lang/invoke/BoundMethodHandle
instanceKlass java/lang/invoke/DirectMethodHandle
ciInstanceKlass java/lang/invoke/MethodHandle 1 1 733 100 1 9 7 12 1 1 1 10 7 12 1 1 1 10 7 12 1 1 1 7 1 7 1 10 12 1 1 9 12 1 1 10 12 1 10 12 1 1 10 12 1 1 10 100 12 1 1 1 10 12 1 1 10 12 1 1 11 7 12 1 1 1 10 12 1 1 10 12 1 10 12 1 10 12 1 1 9 12 1 1 9 12 1 1 10 7 12 1 1 1 10 12 1 1 10 12 1 10 12 1 100 1 7 1 10 8 1 10 12 1 1 10 12 1 8 1 10 12 1 1 10 12 1 10 7 12 1 1 1 10 12 1 1 10 12 1 1 10 12 1 1 10 7 12 1 1 1 10 12 1 1 10 12 1 1 10 12 1 10 12 1 1 10 7 12 1 1 10 7 12 1 1 10 12 1 10 12 1 10 12 1 1 10 12 1 1 10 12 1 1 10 12 1 1 10 7 12 1 1 1 10 7 12 1 1 1 10 12 1 1 10 12 1 1 10 12 1 1 8 1 10 7 12 1 1 1 8 1 10 12 1 10 12 1 1 10 12 1 1 10 12 1 8 1 10 12 1 1 8 1 10 12 1 8 1 10 7 12 1 1 1 9 12 1 1 100 1 10 9 7 12 1 1 1 9 7 1 8 1 10 12 1 1 10 12 1 10 12 1 1 10 12 1 10 12 1 1 10 12 1 10 12 1 1 10 12 1 10 12 1 1 10 12 1 1 8 1 10 12 1 1 8 1 10 12 1 10 12 1 1 10 12 1 10 12 1 10 12 1 1 9 100 12 1 1 1 10 12 1 1 11 12 1 10 12 1 10 12 1 1 10 100 12 1 1 100 1 11 12 1 10 100 1 11 12 1 7 1 10 12 1 11 12 1 9 100 12 1 1 1 11 12 1 1 11 100 12 1 1 1 10 12 1 1 9 12 1 11 12 1 9 12 1 9 12 1 9 12 1 11 12 1 1 9 12 1 9 12 1 9 12 1 9 12 1 9 12 1 9 12 1 9 12 1 8 1 10 12 1 10 12 1 8 1 10 12 1 10 12 1 10 12 1 1 10 10 10 7 12 1 1 10 12 1 1 100 1 100 1 8 1 8 1 10 10 12 1 1 10 12 1 10 12 1 7 1 10 100 12 1 1 1 10 9 7 12 1 1 1 10 12 1 1 10 12 1 1 8 1 8 1 10 7 12 1 1 9 12 1 9 12 1 1 9 12 1 1 10 12 1 7 1 10 12 1 10 12 1 1 9 12 1 1 9 12 1 1 10 7 12 1 1 1 11 7 12 1 1 9 12 1 10 12 1 1 9 12 1 10 12 1 8 10 12 1 1 8 1 1 1 1 1 1 1 1 7 1 1 1 1 1 1 1 1 1 1 1 1 1 1 1 1 1 1 1 1 1 1 1 1 1 1 1 1 1 1 100 1 1 1 1 1 1 1 1 1 1 1 1 1 1 1 1 1 1 1 1 1 1 1 1 1 1 1 1 1 1 1 1 1 1 1 1 1 1 1 1 1 1 1 1 1 1 1 1 1 1 1 1 1 1 1 1 1 1 1 1 1 1 1 1 1 1 1 1 1 1 1 1 1 1 1 1 1 1 1 1 1 1 1 1 1 1 100 1 1 100 1 7 1 100 1 1 100 1 1 100 1 1 1 1
staticfield java/lang/invoke/MethodHandle FORM_OFFSET J 20
staticfield java/lang/invoke/MethodHandle UPDATE_OFFSET J 13
staticfield java/lang/invoke/MethodHandle $assertionsDisabled Z 1
ciInstanceKlass java/util/concurrent/ConcurrentHashMap 1 1 1210 7 1 7 1 3 10 12 1 1 3 7 1 10 7 12 1 1 1 7 1 10 7 12 1 1 1 100 1 11 12 1 1 11 12 1 11 12 1 1 9 12 1 1 9 12 1 1 9 12 1 10 7 12 1 1 1 7 1 10 12 1 1 10 12 1 1 10 7 12 1 1 1 4 10 12 1 9 12 1 10 12 1 1 100 1 10 5 0 10 12 1 10 12 1 1 5 0 10 12 1 1 10 12 1 9 12 1 1 10 12 1 1 9 12 1 9 12 1 1 10 12 1 1 9 12 1 10 12 1 1 9 12 1 1 10 12 1 1 100 1 10 100 1 10 12 1 10 12 1 1 10 12 1 1 10 12 1 1 10 12 1 10 12 1 1 10 12 1 1 100 1 10 12 1 1 7 1 100 1 8 1 10 12 1 10 12 1 1 10 12 1 1 11 7 12 1 1 10 12 1 1 11 12 1 1 11 7 12 1 1 1 11 7 12 1 1 1 11 12 1 7 1 11 12 1 11 12 1 10 12 1 1 10 12 1 1 9 12 1 1 10 100 12 1 1 1 9 10 12 1 1 9 12 1 10 12 1 1 5 0 9 12 1 1 7 1 10 12 1 9 12 1 1 7 1 10 12 1 9 12 1 7 1 10 7 1 10 10 12 1 1 8 1 10 12 1 10 12 1 1 11 100 1 10 12 1 10 100 12 1 1 1 8 1 10 100 12 1 1 1 8 1 10 12 1 8 1 10 12 1 10 12 1 1 10 100 12 1 1 10 12 1 10 12 1 10 12 1 9 12 1 9 10 12 1 9 12 1 1 11 100 12 1 1 1 11 7 12 1 1 1 100 1 10 12 11 100 12 1 1 10 11 7 12 1 10 12 1 100 1 10 12 1 100 1 10 10 9 7 12 1 1 1 10 12 3 10 7 12 1 1 9 12 1 10 12 1 1 9 12 1 1 9 12 1 10 12 1 1 10 100 12 1 1 9 12 1 9 7 12 1 1 10 12 1 1 10 12 1 3 9 12 1 9 12 1 10 12 1 1 7 1 9 3 9 12 1 7 1 10 12 1 9 12 1 10 12 1 9 12 1 10 12 1 9 12 1 10 100 12 1 1 1 100 10 12 1 7 1 5 0 10 100 12 1 1 100 1 10 12 1 1 10 12 1 10 12 1 100 1 10 12 1 10 100 1 100 1 10 10 12 1 10 100 1 10 12 1 10 100 1 10 12 1 10 7 1 10 12 1 1 100 1 10 12 1 10 10 12 1 100 1 10 12 1 10 10 12 1 100 1 10 12 1 10 100 1 10 12 1 10 100 1 10 12 1 10 100 1 10 12 1 10 100 1 10 12 1 10 100 1 10 12 1 10 100 1 10 12 1 10 100 1 10 12 1 10 100 1 10 10 100 1 10 10 100 1 10 10 100 1 10 12 1 10 100 1 10 12 1 10 100 1 10 12 1 10 100 1 10 12 1 10 100 1 10 12 1 10 100 1 10 10 100 1 10 10 100 1 10 10 100 1 10 12 1 10 100 1 10 12 1 10 100 1 10 12 1 10 100 1 10 12 1 10 100 1 10 12 1 10 10 12 1 10 7 12 1 1 1 10 12 1 7 1 7 1 10 12 1 9 12 1 1 9 12 1 1 10 12 1 1 8 10 12 1 1 8 8 8 8 7 10 12 1 1 10 12 1 100 1 8 1 10 7 1 7 1 7 1 1 1 5 0 1 1 3 1 3 1 1 1 1 3 1 3 1 3 1 1 1 1 1 3 1 3 1 3 1 1 1 1 1 1 1 1 1 1 1 1 1 1 1 1 1 1 1 1 1 1 1 1 1 100 1 1 1 1 1 1 1 1 1 1 1 1 1 1 1 1 1 1 1 1 1 1 1 1 1 1 1 1 1 1 1 1 1 1 1 1 1 1 1 1 1 1 1 1 1 1 1 1 1 1 1 1 1 1 1 1 1 1 1 1 1 1 1 1 1 1 1 1 1 1 1 1 1 1 1 1 1 1 1 1 1 1 1 1 100 1 1 1 1 1 1 1 1 1 1 1 7 1 1 1 1 1 1 1 1 1 1 1 1 1 1 1 1 1 1 1 1 1 1 1 1 1 1 1 1 1 1 1 1 1 1 1 1 1 1 1 1 1 1 1 1 1 1 1 1 1 1 1 1 1 1 1 1 1 1 1 1 1 1 1 1 1 1 1 1 1 1 1 1 1 1 1 1 1 1 1 1 1 1 1 1 1 1 1 1 1 1 1 1 1 1 1 1 1 1 1 1 1 1 1 1 1 1 1 1 1 1 1 1 1 1 1 1 1 1 1 1 1 1 1 1 1 1 1 1 1 1 1 1 1 1 1 1 1 1 1 1 1 1 1 1 1 1 1 1 1 1 1 1 1 1 1 1 1 1 1 1 1 1 1 1 1 1 1 1 1 1 1 1 1 1 1 1 1 1 1 1 1 1 1 1 1 1 1 1 1 1 1 1 1 1 1 1 1 1 1 1 1 1 1 1 1 1 1 1 1 1 1 1 1 1 1 1 1 1 1 1 1 1 1 100 1 100 1 100 1 100 1 100 1 100 1 100 1 100 1 100 1 1 1 1 1 1 1 1 1 1 1 1 1 1 1 1 1 1 1 1 1 1 1 1 1 1 1 1 1 1 1 1 1 1 1 1 1 1 1 1 1 1 1 1 1 1 1 1 1 1 1 1 1 1 1 1 1 1
staticfield java/util/concurrent/ConcurrentHashMap NCPU I 6
staticfield java/util/concurrent/ConcurrentHashMap serialPersistentFields [Ljava/io/ObjectStreamField; 3 [Ljava/io/ObjectStreamField;
staticfield java/util/concurrent/ConcurrentHashMap U Ljdk/internal/misc/Unsafe; jdk/internal/misc/Unsafe
staticfield java/util/concurrent/ConcurrentHashMap SIZECTL J 20
staticfield java/util/concurrent/ConcurrentHashMap TRANSFERINDEX J 32
staticfield java/util/concurrent/ConcurrentHashMap BASECOUNT J 24
staticfield java/util/concurrent/ConcurrentHashMap CELLSBUSY J 36
staticfield java/util/concurrent/ConcurrentHashMap CELLVALUE J 144
staticfield java/util/concurrent/ConcurrentHashMap ABASE I 16
staticfield java/util/concurrent/ConcurrentHashMap ASHIFT I 2
instanceKlass kotlin/collections/AbstractMutableMap
instanceKlass java/util/concurrent/ConcurrentSkipListMap
instanceKlass java/util/Collections$SingletonMap
instanceKlass sun/awt/SoftCache
instanceKlass java/util/EnumMap
instanceKlass java/util/TreeMap
instanceKlass java/util/IdentityHashMap
instanceKlass java/util/WeakHashMap
instanceKlass java/util/Collections$EmptyMap
instanceKlass sun/util/PreHashedMap
instanceKlass java/util/HashMap
instanceKlass java/util/ImmutableCollections$AbstractImmutableMap
instanceKlass java/util/concurrent/ConcurrentHashMap
ciInstanceKlass java/util/AbstractMap 1 1 196 10 7 12 1 1 1 10 7 12 1 1 1 11 7 12 1 1 1 10 11 12 1 1 11 7 12 1 1 1 11 12 1 1 7 1 11 12 1 10 12 1 1 11 12 1 100 1 10 11 12 1 11 7 1 10 12 1 1 11 12 1 9 12 1 1 7 1 10 12 1 9 12 1 1 100 1 10 11 11 12 1 1 11 12 1 7 1 100 1 11 12 1 8 1 7 1 10 10 12 1 1 8 1 10 12 1 10 12 1 1 10 12 1 1 1 1 1 1 1 1 1 1 1 1 1 1 1 1 1 1 1 1 1 1 1 1 1 1 1 1 1 1 1 1 1 1 1 1 1 1 1 1 7 1 1 1 1 1 1 1 7 1 1 1 1 1 1 1 1 1 100 1 1 1 1 1 1 1 1 1 100 1 100 1 100 1 100 1 100 1 1 1 1 1 1
ciInstanceKlass java/util/concurrent/ConcurrentMap 1 1 208 11 7 12 1 1 1 10 100 12 1 1 11 12 1 1 11 100 12 1 1 1 11 7 12 1 1 1 11 12 1 1 100 1 11 12 1 11 12 1 100 1 11 100 12 1 1 1 18 12 1 11 12 1 1 11 100 12 1 1 11 12 1 1 11 100 12 1 11 12 1 1 11 12 1 1 7 1 7 1 1 1 1 1 1 1 1 1 1 1 1 1 1 1 1 1 1 1 1 1 1 1 1 1 1 1 1 1 1 1 1 1 1 1 1 1 1 1 1 1 1 1 1 1 1 1 1 1 1 1 1 1 1 1 1 1 1 1 1 16 15 11 12 15 10 100 12 1 1 1 1 1 100 1 100 1 1 1 100 1 8 1 1 12 10 1 1 1 8 1 1 1 8 1 1 8 1 1 1 8 1 1 1 8 1 1 1 8 1 1 1 8 1 1 1 8 1 1 1 8 1 1 1 8 1 1 8 1
ciInstanceKlass jdk/internal/loader/ClassLoaders 1 1 183 10 7 12 1 1 1 10 7 12 1 1 1 10 12 1 1 10 100 12 1 1 1 9 7 12 1 1 1 9 12 1 1 9 12 1 1 7 1 11 100 12 1 1 1 100 1 11 12 1 1 11 12 1 1 10 100 12 1 1 1 10 100 12 1 1 1 100 1 100 1 10 7 12 1 1 1 9 12 1 1 10 12 1 1 7 1 10 12 1 1 10 12 1 7 1 8 1 10 7 12 1 1 1 10 12 1 1 7 1 10 12 1 10 12 1 10 12 1 8 1 10 7 12 1 1 8 1 8 1 10 12 1 7 1 10 12 1 10 12 1 10 12 1 1 1 1 1 1 1 1 1 1 1 1 1 1 1 1 1 1 1 1 7 1 1 1 1 1 1 1 1 1 1 1 1 1 1 1 1 1 1 1
staticfield jdk/internal/loader/ClassLoaders JLA Ljdk/internal/access/JavaLangAccess; java/lang/System$2
staticfield jdk/internal/loader/ClassLoaders BOOT_LOADER Ljdk/internal/loader/ClassLoaders$BootClassLoader; jdk/internal/loader/ClassLoaders$BootClassLoader
staticfield jdk/internal/loader/ClassLoaders PLATFORM_LOADER Ljdk/internal/loader/ClassLoaders$PlatformClassLoader; jdk/internal/loader/ClassLoaders$PlatformClassLoader
staticfield jdk/internal/loader/ClassLoaders APP_LOADER Ljdk/internal/loader/ClassLoaders$AppClassLoader; jdk/internal/loader/ClassLoaders$AppClassLoader
instanceKlass jdk/internal/loader/ClassLoaders$BootClassLoader
instanceKlass jdk/internal/loader/ClassLoaders$PlatformClassLoader
instanceKlass jdk/internal/loader/ClassLoaders$AppClassLoader
ciInstanceKlass jdk/internal/loader/BuiltinClassLoader 1 1 737 9 7 12 1 1 1 10 7 12 1 1 1 10 7 12 1 1 1 9 12 1 1 9 12 1 1 7 1 10 12 1 9 12 1 10 12 1 9 12 1 10 7 12 1 1 1 10 7 12 1 1 1 10 7 12 1 1 1 11 7 12 1 1 1 7 1 7 1 10 10 12 1 1 8 1 10 12 1 10 12 7 1 10 12 1 10 12 1 1 11 7 12 1 1 1 11 7 12 1 1 1 11 12 1 1 7 1 8 1 8 1 10 9 12 1 1 10 7 12 1 1 11 12 1 1 10 12 1 1 10 12 1 1 10 12 1 1 10 7 12 1 1 1 10 12 1 10 7 12 1 1 1 10 12 1 1 11 7 12 1 1 1 10 7 12 1 1 7 1 10 7 12 1 1 1 10 12 1 100 1 8 1 10 12 1 1 10 8 1 10 12 1 1 10 12 1 1 10 12 1 1 11 7 12 1 1 11 12 1 7 1 10 11 12 1 1 11 10 12 1 1 7 1 10 12 1 10 7 12 1 10 12 1 7 1 10 12 1 10 7 12 1 1 1 100 1 10 12 1 1 11 12 1 100 1 100 1 10 12 1 10 12 1 1 100 1 100 1 10 12 1 10 12 1 18 12 1 1 10 12 1 10 12 1 1 18 100 1 10 7 12 1 1 1 7 1 10 10 12 1 1 10 12 1 1 10 12 1 1 10 12 1 9 12 1 1 100 1 10 10 12 1 1 10 12 1 1 10 12 1 10 12 10 12 1 1 10 12 1 1 10 12 1 1 10 12 1 10 12 1 1 18 12 1 7 1 10 12 1 1 10 12 1 10 12 1 1 10 12 1 100 1 10 12 1 100 1 10 12 1 10 7 12 1 1 1 10 12 1 11 12 1 100 1 10 12 1 7 1 100 1 10 12 1 10 12 1 11 12 1 1 10 12 1 1 10 12 1 1 10 12 1 1 10 12 1 1 10 12 1 10 12 1 10 12 1 10 12 1 8 1 10 12 1 1 10 7 12 1 1 10 12 1 100 1 8 1 8 1 10 10 12 1 8 1 8 1 10 7 12 1 1 1 11 7 12 1 1 1 9 7 12 1 1 1 10 7 12 1 1 1 9 12 1 9 12 1 9 12 1 9 12 1 9 12 1 9 12 1 10 7 12 1 1 1 8 1 10 12 1 7 1 10 12 1 1 10 12 1 7 1 10 11 12 1 1 10 12 10 12 1 10 12 1 100 1 10 12 1 10 12 1 10 10 12 1 10 7 12 1 1 8 1 10 7 12 1 1 10 12 1 1 1 1 1 1 1 1 1 1 1 1 1 1 1 1 1 1 1 1 1 1 1 1 1 1 1 1 1 1 1 1 1 1 1 1 1 1 1 1 1 1 1 1 1 1 1 1 1 1 1 1 1 1 1 1 7 1 1 1 1 1 1 1 1 1 1 1 1 1 1 1 1 1 1 7 1 7 1 1 1 1 1 1 1 1 1 1 1 1 1 1 1 1 1 1 1 1 1 1 1 1 1 1 1 1 1 1 1 1 1 1 1 1 1 1 1 1 1 1 1 1 1 1 1 1 1 1 1 100 1 1 16 15 10 12 16 15 10 12 16 15 10 12 16 1 15 10 100 12 1 1 1 1 1 100 1 1 1 1 1 100 1 100 1 1
staticfield jdk/internal/loader/BuiltinClassLoader packageToModule Ljava/util/Map; java/util/concurrent/ConcurrentHashMap
staticfield jdk/internal/loader/BuiltinClassLoader $assertionsDisabled Z 1
ciInstanceKlass jdk/internal/loader/ClassLoaders$AppClassLoader 1 1 119 8 1 10 7 12 1 1 1 10 7 12 1 1 1 10 7 12 1 1 1 10 12 1 1 10 7 12 1 1 1 10 12 1 1 10 12 1 1 7 1 8 1 10 12 10 7 12 1 1 1 10 7 12 1 1 10 12 1 1 10 12 1 1 10 7 12 1 1 1 7 1 10 12 1 1 1 1 1 1 1 1 1 1 1 1 1 1 1 1 1 1 1 1 1 7 1 1 1 1 1 1 1 1 1 1 1 1 1 1 1 1 1 1 1 7 1 1 1
ciInstanceKlass jdk/internal/loader/ClassLoaders$PlatformClassLoader 1 1 42 8 1 10 7 12 1 1 1 10 7 12 1 1 1 7 1 10 12 1 7 1 1 1 1 1 1 1 1 1 1 1 1 1 1 7 1 1 1 100 1 1
ciInstanceKlass java/lang/ArithmeticException 1 1 26 10 100 12 1 1 1 10 12 1 100 1 1 1 1 5 0 1 1 1 1 1 1 1 1 1
ciInstanceKlass java/lang/ArrayStoreException 1 1 26 10 100 12 1 1 1 10 12 1 100 1 1 1 1 5 0 1 1 1 1 1 1 1 1 1
ciInstanceKlass java/lang/ClassCastException 1 1 26 10 100 12 1 1 1 10 12 1 100 1 1 1 1 5 0 1 1 1 1 1 1 1 1 1
ciInstanceKlass java/lang/ClassNotFoundException 1 1 96 7 1 10 7 12 1 1 1 10 12 1 10 12 1 1 10 100 12 1 1 1 8 1 10 100 12 1 1 1 10 7 12 1 1 10 100 12 1 1 1 10 100 12 1 1 1 10 12 1 1 7 1 10 12 1 9 12 1 1 1 1 1 5 0 1 1 1 1 1 1 1 1 1 1 1 1 1 1 1 1 1 1 100 1 1 1 1 1 1 1 1 1 1 1 1
staticfield java/lang/ClassNotFoundException serialPersistentFields [Ljava/io/ObjectStreamField; 1 [Ljava/io/ObjectStreamField;
ciInstanceKlass java/lang/IllegalMonitorStateException 1 1 26 10 100 12 1 1 1 10 12 1 100 1 1 1 1 5 0 1 1 1 1 1 1 1 1 1
ciInstanceKlass java/lang/BootstrapMethodError 0 0 45 10 100 12 1 1 1 10 12 1 10 12 1 10 100 12 1 1 1 10 100 12 1 1 1 1 1 1 5 0 1 1 1 1 1 1 1 1 1 1 1 100 1 1 1
instanceKlass java/lang/UnsatisfiedLinkError
instanceKlass java/lang/IncompatibleClassChangeError
instanceKlass java/lang/BootstrapMethodError
instanceKlass java/lang/NoClassDefFoundError
ciInstanceKlass java/lang/LinkageError 1 1 31 10 7 12 1 1 1 10 12 1 10 12 1 100 1 1 1 1 5 0 1 1 1 1 1 1 1 1 1 1 1
instanceKlass kotlin/KotlinNullPointerException
ciInstanceKlass java/lang/NullPointerException 1 1 52 10 100 12 1 1 1 10 12 1 9 100 12 1 1 1 10 12 1 1 9 12 1 1 10 12 1 1 10 12 1 1 1 1 5 0 1 1 1 1 1 1 1 1 100 1 100 1 100 1 1 1
ciInstanceKlass java/lang/NoClassDefFoundError 0 0 26 10 100 12 1 1 1 10 12 1 100 1 1 1 1 5 0 1 1 1 1 1 1 1 1 1
ciInstanceKlass java/lang/StackOverflowError 1 1 26 10 100 12 1 1 1 10 12 1 100 1 1 1 1 5 0 1 1 1 1 1 1 1 1 1
ciInstanceKlass java/lang/StackTraceElement 1 1 235 10 7 12 1 1 1 10 7 12 1 1 9 12 1 1 9 12 1 1 9 12 1 9 12 1 8 1 10 100 12 1 1 1 7 1 9 12 1 8 1 9 12 1 9 12 1 9 12 1 1 10 12 1 1 10 12 1 8 1 10 100 12 1 1 1 7 1 10 12 1 10 12 1 1 10 12 1 10 12 1 1 10 12 1 10 12 1 10 10 12 1 8 1 10 12 1 10 12 1 1 10 12 1 1 10 12 1 10 12 1 10 12 1 9 12 1 1 10 7 12 1 1 1 10 12 1 1 7 1 10 12 1 1 10 7 12 1 1 10 7 12 1 1 1 10 7 12 1 1 10 7 12 1 1 10 10 12 1 1 10 12 1 1 10 12 1 1 10 12 1 7 1 1 1 1 1 1 1 3 1 3 1 1 5 0 1 1 1 1 1 1 1 1 1 1 1 1 1 1 1 1 1 1 1 1 1 1 1 1 1 1 1 1 1 7 1 7 1 1 1 1 1 1 1 100 1 1 1 1 1 1 1 1 1
instanceKlass java/util/concurrent/locks/AbstractQueuedSynchronizer
ciInstanceKlass java/util/concurrent/locks/AbstractOwnableSynchronizer 1 1 32 10 7 12 1 1 1 9 7 12 1 1 1 100 1 1 1 1 5 0 1 1 1 1 1 1 1 1 1 1 1 1
ciInstanceKlass jdk/internal/vm/Continuation 0 0 549 9 100 12 1 1 1 9 12 1 9 12 1 100 1 7 1 10 12 1 1 8 1 10 12 1 1 10 12 1 10 12 1 1 10 12 1 9 7 12 1 1 1 11 100 12 1 1 1 10 7 1 9 12 1 1 9 12 1 1 10 8 1 10 12 1 9 12 1 1 10 11 12 1 1 100 1 10 100 12 1 1 1 10 12 1 1 10 12 1 10 12 1 1 11 12 1 1 9 12 1 1 10 12 1 1 18 12 1 1 10 7 12 1 1 1 100 1 10 12 1 11 100 12 1 1 1 10 12 1 9 12 1 10 12 1 1 100 1 8 1 10 12 1 10 12 1 1 9 12 1 1 11 12 1 1 9 12 1 1 8 1 10 11 12 1 1 11 12 1 1 10 12 1 1 10 12 1 1 9 12 1 10 12 1 10 10 12 1 8 1 10 12 1 8 1 8 1 10 7 12 1 1 1 10 7 12 1 1 1 10 12 1 9 12 1 11 12 1 7 1 10 12 1 10 12 1 1 9 12 1 1 7 1 10 12 1 1 9 12 1 1 10 12 1 10 12 1 11 7 12 1 1 10 7 1 10 12 1 8 1 9 12 1 10 12 1 1 9 12 1 1 10 7 12 1 1 8 1 8 1 8 1 8 1 10 12 1 1 10 12 1 10 12 1 10 12 1 10 12 1 1 10 12 1 1 8 1 10 12 1 1 9 12 1 1 10 12 1 1 9 12 1 8 1 10 7 12 1 1 1 10 12 1 8 1 100 1 8 1 10 9 12 1 1 8 1 10 7 12 1 1 10 100 12 1 1 8 1 8 1 10 12 10 100 12 1 1 1 10 7 1 10 7 12 1 1 1 18 11 100 12 1 1 1 18 12 1 11 12 1 1 7 1 10 7 12 1 1 10 12 1 1 8 10 12 1 1 10 100 12 1 1 1 10 100 12 1 1 10 12 1 8 1 10 12 1 7 1 7 1 10 12 1 1 1 1 1 1 1 1 1 1 1 1 1 1 1 1 1 1 1 1 1 1 1 1 1 1 1 1 1 1 1 1 1 1 1 1 1 1 1 1 1 1 1 1 1 1 1 1 1 1 1 1 1 1 1 1 1 1 1 1 1 1 1 1 1 1 1 1 1 1 1 1 1 1 1 100 1 1 16 1 15 10 12 16 15 11 7 12 1 1 1 16 1 16 1 15 10 12 16 15 10 100 12 1 1 1 1 1 1 1 1 100 1 100 1 1
ciInstanceKlass jdk/internal/misc/UnsafeConstants 1 1 34 10 100 12 1 1 1 9 7 12 1 1 1 9 12 1 9 12 1 1 9 12 1 9 12 1 1 1 1 1 1 1 1 1
staticfield jdk/internal/misc/UnsafeConstants ADDRESS_SIZE0 I 8
staticfield jdk/internal/misc/UnsafeConstants PAGE_SIZE I 4096
staticfield jdk/internal/misc/UnsafeConstants BIG_ENDIAN Z 0
staticfield jdk/internal/misc/UnsafeConstants UNALIGNED_ACCESS Z 1
staticfield jdk/internal/misc/UnsafeConstants DATA_CACHE_LINE_FLUSH_SIZE I 0
ciInstanceKlass java/lang/invoke/LambdaForm 1 1 1059 7 1 100 1 10 7 12 1 1 1 9 12 1 1 9 12 1 9 12 1 9 12 1 1 9 12 1 1 9 12 1 1 9 12 1 1 9 12 1 1 9 12 1 10 7 12 1 1 9 12 1 10 12 1 1 100 1 10 10 12 1 1 10 12 1 10 12 1 10 12 1 1 10 12 1 9 12 1 9 12 1 10 12 1 1 10 7 12 1 1 1 10 12 1 1 9 100 12 1 1 1 10 12 1 1 9 7 12 1 1 10 12 1 10 12 1 1 10 12 1 1 10 12 1 1 7 1 10 7 12 1 1 1 10 12 1 1 10 12 1 10 12 1 1 9 12 1 1 9 12 1 9 12 1 1 10 12 1 9 12 1 10 100 12 1 1 1 10 12 1 1 7 1 10 12 1 9 12 1 1 10 7 12 1 1 1 10 12 1 10 12 1 7 1 10 12 1 10 12 1 10 12 1 1 10 12 1 1 10 12 1 10 12 1 10 12 1 10 12 1 1 8 1 10 12 1 10 12 1 10 10 12 1 8 1 8 1 9 12 1 9 12 1 1 10 12 1 1 10 12 1 9 12 1 10 12 1 1 10 7 12 1 1 1 10 12 1 1 10 12 1 10 12 1 10 100 12 1 1 1 9 12 1 10 12 1 8 1 8 1 8 1 8 1 8 1 8 1 8 1 8 1 10 12 1 9 12 1 7 1 10 12 1 1 9 12 1 10 12 1 10 12 1 1 10 12 10 12 1 10 12 1 1 10 12 1 1 10 10 12 1 1 10 12 1 1 7 1 8 1 10 12 1 1 10 12 1 10 12 1 1 10 8 1 10 12 1 1 8 1 8 1 8 1 10 12 1 10 12 1 10 12 1 1 100 1 10 12 1 1 10 12 1 1 10 7 12 1 1 1 10 12 1 1 9 12 1 1 8 1 10 100 12 1 1 1 10 7 12 1 1 10 12 10 12 1 1 10 12 1 1 9 12 1 8 10 12 1 1 100 1 10 12 1 1 10 12 1 9 7 12 1 1 9 7 12 1 1 1 8 1 10 100 12 1 1 10 12 1 1 7 1 7 1 10 10 12 1 1 10 12 1 1 8 1 8 1 7 1 8 1 10 12 10 12 1 10 12 1 10 12 1 1 8 1 8 1 10 12 1 10 12 1 1 8 1 8 1 8 1 7 1 8 1 7 1 8 1 7 1 8 1 10 12 1 8 1 9 10 7 12 1 1 1 10 12 1 9 12 1 1 10 12 1 10 10 12 1 10 12 1 10 12 1 10 12 1 1 10 12 1 10 12 1 1 10 12 1 1 10 12 1 1 10 12 1 1 8 1 100 10 12 1 10 12 1 9 12 1 1 10 7 12 1 1 8 1 8 1 7 1 8 1 8 1 8 1 8 1 8 1 8 1 8 1 8 1 10 12 1 1 10 12 1 1 10 12 1 10 12 1 10 12 1 10 12 1 8 1 8 1 8 1 10 12 1 8 1 10 12 1 8 1 8 1 8 1 8 1 8 1 10 12 1 10 12 1 10 12 1 1 10 7 12 1 1 1 10 12 1 10 12 1 10 12 1 10 12 1 10 12 1 10 12 1 10 12 1 9 12 1 1 8 1 10 12 1 1 9 12 1 1 10 12 1 1 9 12 1 9 12 1 1 9 12 1 9 12 1 1 7 1 10 7 12 1 1 1 9 12 1 10 12 1 10 12 1 8 1 10 12 1 9 12 1 1 7 1 10 7 12 1 1 1 8 1 100 1 10 12 1 9 12 1 9 12 1 10 12 1 10 12 1 10 7 12 1 1 1 10 12 1 9 7 12 1 1 10 12 1 1 10 12 1 10 12 1 10 12 1 9 12 10 12 1 10 10 12 1 9 12 1 9 9 12 1 7 9 12 1 1 10 12 1 1 9 12 1 10 12 1 10 7 1 9 1 1 1 1 3 1 3 1 1 3 1 3 1 1 1 1 1 1 1 1 1 1 1 1 1 1 1 1 1 1 1 1 1 1 1 1 1 1 1 1 1 1 1 1 1 1 1 1 1 1 1 1 1 1 1 1 1 1 1 1 1 1 1 100 1 1 1 1 1 1 1 1 1 1 1 1 1 1 1 1 1 1 1 1 1 1 1 1 1 1 1 1 1 1 1 1 1 1 1 1 1 1 1 1 1 1 1 1 1 1 1 1 1 1 1 1 1 1 1 1 1 1 1 1 1 1 100 1 1 1 1 1 1 1 1 1 1 1 1 1 1 1 1 1 1 1 1 1 1 1 1 1 1 1 1 1 1 1 1 1 1 7 1 1 1 1 1 1 1 1 1 1 1 1 1 1 1 1 1 1 1 1 1 1 100 1 1 1 100 1 1 7 1 1 1 1 1 1 1 1 1 1 1
staticfield java/lang/invoke/LambdaForm DEFAULT_CUSTOMIZED Ljava/lang/invoke/MethodHandle; null
staticfield java/lang/invoke/LambdaForm DEFAULT_KIND Ljava/lang/invoke/LambdaForm$Kind; java/lang/invoke/LambdaForm$Kind
staticfield java/lang/invoke/LambdaForm COMPILE_THRESHOLD I 0
staticfield java/lang/invoke/LambdaForm INTERNED_ARGUMENTS [[Ljava/lang/invoke/LambdaForm$Name; 5 [[Ljava/lang/invoke/LambdaForm$Name;
staticfield java/lang/invoke/LambdaForm IMPL_NAMES Ljava/lang/invoke/MemberName$Factory; java/lang/invoke/MemberName$Factory
staticfield java/lang/invoke/LambdaForm LF_identity [Ljava/lang/invoke/LambdaForm; 6 [Ljava/lang/invoke/LambdaForm;
staticfield java/lang/invoke/LambdaForm LF_zero [Ljava/lang/invoke/LambdaForm; 6 [Ljava/lang/invoke/LambdaForm;
staticfield java/lang/invoke/LambdaForm NF_identity [Ljava/lang/invoke/LambdaForm$NamedFunction; 6 [Ljava/lang/invoke/LambdaForm$NamedFunction;
staticfield java/lang/invoke/LambdaForm NF_zero [Ljava/lang/invoke/LambdaForm$NamedFunction; 6 [Ljava/lang/invoke/LambdaForm$NamedFunction;
staticfield java/lang/invoke/LambdaForm createFormsLock Ljava/lang/Object; java/lang/Object
staticfield java/lang/invoke/LambdaForm DEBUG_NAME_COUNTERS Ljava/util/HashMap; null
staticfield java/lang/invoke/LambdaForm DEBUG_NAMES Ljava/util/HashMap; null
staticfield java/lang/invoke/LambdaForm TRACE_INTERPRETER Z 0
staticfield java/lang/invoke/LambdaForm $assertionsDisabled Z 1
ciInstanceKlass java/lang/invoke/MemberName 1 1 724 7 1 7 1 100 1 9 12 1 1 10 7 12 1 1 1 9 12 1 1 10 12 1 1 10 12 1 1 10 12 1 1 10 12 1 10 12 1 1 10 7 12 1 1 1 10 12 1 9 7 12 1 1 10 12 1 7 1 7 1 10 12 1 8 1 10 12 1 1 10 12 1 10 12 1 1 10 12 1 9 12 1 1 8 1 10 100 12 1 1 1 7 1 10 10 12 1 1 7 1 7 1 10 12 1 9 12 1 1 100 1 8 1 10 12 1 10 12 1 10 12 1 10 12 1 10 12 1 1 10 12 1 10 12 1 10 12 1 1 8 1 8 1 10 12 1 8 1 9 12 1 1 3 10 12 1 10 12 1 10 12 1 10 10 7 12 1 1 1 10 12 1 10 12 1 10 12 1 10 12 1 7 1 8 10 12 1 1 10 12 1 1 8 1 9 7 1 8 9 7 1 10 12 1 1 10 12 1 10 12 1 8 1 10 12 1 1 10 12 1 10 12 1 10 12 1 10 12 1 1 7 1 10 12 1 1 10 12 1 8 1 10 12 1 10 12 1 8 1 10 12 1 1 10 12 1 1 7 1 10 12 1 1 10 12 8 1 8 1 7 1 10 12 1 10 100 12 1 1 1 100 1 10 12 10 12 1 10 12 1 10 12 1 10 12 1 10 10 12 1 10 12 1 10 12 1 3 10 12 1 3 10 12 1 3 3 3 3 3 3 10 12 1 3 9 12 1 10 12 1 1 3 10 12 1 10 10 7 12 1 1 1 10 12 1 1 10 7 12 1 1 10 10 12 1 10 12 1 1 10 12 1 10 10 12 1 1 10 12 1 10 12 1 10 12 1 7 1 10 10 10 12 100 1 10 10 10 12 1 1 10 12 1 1 10 10 12 1 8 10 7 1 10 12 1 10 7 1 10 12 1 10 12 1 10 12 1 10 10 12 1 10 12 1 1 10 12 1 1 10 12 1 10 12 1 10 12 1 100 1 10 12 1 1 100 1 8 1 10 7 1 10 12 1 10 12 10 12 1 1 10 12 1 10 12 1 8 1 8 1 8 1 8 1 10 12 1 10 12 1 10 7 12 1 1 1 8 1 8 1 10 12 1 8 1 10 10 10 12 1 10 12 1 8 1 8 1 10 10 12 1 8 1 10 100 12 1 1 1 8 1 100 1 10 12 1 10 12 1 1 10 12 1 8 1 8 1 8 1 8 1 100 1 10 8 1 8 1 8 1 8 1 10 12 1 100 1 100 1 100 1 10 100 1 10 7 1 10 7 12 1 1 1 9 7 12 1 1 1 7 1 7 1 1 1 1 1 1 1 3 1 3 1 3 1 3 1 3 1 3 1 1 1 1 1 1 1 1 3 1 3 1 1 1 1 1 1 1 1 1 1 1 1 1 1 1 1 1 1 1 1 1 1 1 1 1 1 1 1 1 1 1 1 1 1 1 1 1 1 1 1 1 1 1 1 1 1 1 1 1 1 1 1 1 1 1 1 1 1 1 1 1 1 1 1 1 1 1 1 1 1 1 1 1 1 1 1 1 1 1 1 1 1 1 1 1 1 1 1 1 1 1 1 1 1 1 1 7 1 1 1 1 1 1 1 1 1 1 1 1 1 1 1
staticfield java/lang/invoke/MemberName $assertionsDisabled Z 1
instanceKlass java/lang/invoke/VarHandleByteArrayAsDoubles$ByteArrayViewVarHandle
instanceKlass java/lang/invoke/VarHandleByteArrayAsLongs$ByteArrayViewVarHandle
instanceKlass java/lang/invoke/VarHandleByteArrayAsFloats$ByteArrayViewVarHandle
instanceKlass java/lang/invoke/VarHandleByteArrayAsInts$ByteArrayViewVarHandle
instanceKlass java/lang/invoke/VarHandleByteArrayAsChars$ByteArrayViewVarHandle
instanceKlass java/lang/invoke/VarHandleByteArrayAsShorts$ByteArrayViewVarHandle
instanceKlass java/lang/invoke/VarHandleBooleans$FieldInstanceReadOnly
instanceKlass java/lang/invoke/VarHandleReferences$FieldInstanceReadOnly
instanceKlass java/lang/invoke/VarHandleInts$FieldInstanceReadOnly
instanceKlass java/lang/invoke/VarHandleReferences$Array
ciInstanceKlass java/lang/invoke/VarHandle 1 1 473 10 7 12 1 1 1 10 7 12 1 1 9 12 1 1 9 12 1 1 100 1 10 8 1 10 12 1 1 10 7 12 1 1 1 10 12 1 1 10 7 12 1 1 1 9 100 12 1 1 1 10 12 1 1 10 7 12 1 1 1 10 12 1 1 9 12 1 10 12 1 9 12 1 1 10 100 12 1 1 10 12 1 9 100 12 1 1 1 9 12 1 1 10 12 1 1 100 1 7 1 10 8 1 10 12 1 1 10 12 1 8 1 10 12 1 10 12 1 9 12 1 1 9 12 1 10 12 1 10 12 1 1 10 12 1 10 10 100 12 1 1 1 10 12 1 1 10 12 1 1 10 7 12 1 1 1 10 100 12 1 1 1 10 100 12 1 1 1 9 12 1 1 9 10 12 1 10 12 1 10 12 1 1 10 12 1 10 7 12 1 1 1 9 12 1 1 10 12 1 1 9 12 1 10 12 1 10 12 1 10 7 12 1 1 100 1 10 9 7 12 1 1 1 9 12 1 1 10 7 12 1 1 1 10 12 1 10 12 1 10 12 1 10 12 1 10 12 1 10 12 1 1 8 10 12 1 1 7 1 10 12 1 1 7 1 1 1 1 1 1 1 1 1 1 1 1 1 1 1 1 1 1 1 1 1 1 1 1 1 1 1 1 1 1 1 1 1 1 1 1 1 1 1 1 1 1 1 1 1 1 1 1 1 1 1 1 1 1 1 1 1 1 1 1 1 1 1 1 1 1 1 1 100 1 1 1 1 1 1 1 1 100 1 1 1 1 1 1 1 1 1 1 1 1 100 1 100 1 1 100 1 100 1 100 1 100 1 100 1 100 1 100 1 100 1 100 1 100 1 100 1 100 1 100 1 100 1 100 1 100 1 100 1 100 1 100 1 100 1 100 1 100 1 100 1 100 1 100 1 100 1 100 1 100 1 100 1 100 1 100 1 100 1 100 1 100 1 100 1 1 1 1 1 1 100 1 1 1 100 1 1 100 1 100 1 100 1 100 1 100 1 100 1 1 1 1 100 1 100 1 100 1 100 1 100 1 100 1 100 1 100 1
staticfield java/lang/invoke/VarHandle VFORM_OFFSET J 16
staticfield java/lang/invoke/VarHandle $assertionsDisabled Z 1
instanceKlass jdk/internal/reflect/FieldAccessorImpl
instanceKlass jdk/internal/reflect/ConstructorAccessorImpl
instanceKlass jdk/internal/reflect/MethodAccessorImpl
ciInstanceKlass jdk/internal/reflect/MagicAccessorImpl 1 1 16 10 7 12 1 1 1 100 1 1 1 1 1 1 1 1
instanceKlass jdk/internal/reflect/DirectMethodHandleAccessor
ciInstanceKlass jdk/internal/reflect/MethodAccessorImpl 1 1 38 10 7 12 1 1 1 10 100 12 1 1 1 100 1 1 1 1 1 1 1 100 1 100 1 1 1 1 1 1 1 1 1 1 1 1 1 1
ciInstanceKlass jdk/internal/reflect/MethodAccessor 1 0 17 100 1 100 1 1 1 1 100 1 100 1 1 1 1 1 1
instanceKlass jdk/internal/reflect/SerializationConstructorAccessorImpl
instanceKlass jdk/internal/reflect/DirectConstructorHandleAccessor$NativeAccessor
instanceKlass jdk/internal/reflect/DirectConstructorHandleAccessor
instanceKlass jdk/internal/reflect/NativeConstructorAccessorImpl
ciInstanceKlass jdk/internal/reflect/ConstructorAccessorImpl 1 1 27 10 7 12 1 1 1 100 1 100 1 1 1 1 1 1 1 1 1 100 1 100 1 100 1 1 1
ciInstanceKlass jdk/internal/reflect/ConstructorAccessor 1 0 16 100 1 100 1 1 1 1 100 1 100 1 100 1 1 1
ciInstanceKlass jdk/internal/reflect/DelegatingClassLoader 1 1 18 10 7 12 1 1 1 100 1 1 1 1 1 1 1 1 1 1
ciInstanceKlass jdk/internal/reflect/CallerSensitive 0 0 17 100 1 100 1 100 1 1 1 1 1 1 1 1 1 1 1
ciInstanceKlass jdk/internal/reflect/NativeConstructorAccessorImpl 0 0 125 10 7 12 1 1 1 9 7 12 1 1 1 100 1 10 12 1 9 12 1 1 9 12 1 1 10 100 12 1 1 1 10 7 12 1 1 1 10 7 12 1 1 1 9 12 1 9 12 1 1 9 12 1 1 10 7 12 1 1 1 100 1 10 10 12 1 1 10 12 1 10 12 1 1 10 12 1 7 1 10 12 1 1 10 12 1 1 8 10 12 1 1 1 1 1 1 1 1 1 1 1 1 1 1 1 1 1 1 1 1 1 1 100 1 100 1 100 1 1 1 1 1 1 1
ciInstanceKlass jdk/internal/reflect/ConstantPool 1 1 142 10 7 12 1 1 1 9 7 12 1 1 1 10 12 1 1 10 12 1 1 10 12 1 10 12 1 1 10 12 1 1 10 12 1 10 12 1 1 10 12 1 10 12 1 1 10 12 1 10 12 1 10 12 1 10 12 1 1 10 12 1 1 10 12 1 1 10 12 1 1 10 12 1 10 12 1 1 10 100 12 1 1 1 8 11 7 12 1 1 1 10 7 12 1 1 1 1 1 1 1 1 1 1 1 1 1 1 1 1 1 1 1 1 1 1 1 1 1 1 1 1 1 1 1 1 1 1 1 1 1 1 1 1 1 1 1 1 1 1 1 1
ciInstanceKlass jdk/internal/reflect/UnsafeStaticFieldAccessorImpl 0 0 47 10 7 12 1 1 1 9 7 12 1 1 1 10 7 12 1 1 1 9 12 1 1 8 11 100 12 1 1 1 10 100 12 1 1 1 1 1 1 1 1 1 1 1 1 1 1
ciInstanceKlass jdk/internal/reflect/FieldAccessor 1 0 48 100 1 100 1 1 1 1 100 1 1 1 1 1 1 1 1 1 1 1 1 1 1 1 1 1 1 1 100 1 1 1 1 1 1 1 1 1 1 1 1 1 1 1 1 1 1 1
instanceKlass jdk/internal/reflect/MethodHandleFieldAccessorImpl
instanceKlass jdk/internal/reflect/UnsafeFieldAccessorImpl
ciInstanceKlass jdk/internal/reflect/FieldAccessorImpl 1 1 269 10 7 12 1 1 1 9 7 12 1 1 1 10 7 12 1 1 1 10 7 12 1 1 10 7 12 1 1 1 10 12 1 1 7 1 10 10 12 1 1 10 12 1 1 8 1 10 10 12 1 100 1 8 1 10 12 1 8 1 10 12 1 8 1 10 12 1 100 1 10 12 1 1 10 8 1 10 12 1 1 8 1 10 7 12 1 1 8 1 10 7 12 1 1 8 1 10 7 12 1 1 8 1 10 7 12 1 1 8 1 10 7 12 1 1 8 1 10 7 12 1 1 8 1 10 7 12 1 1 8 1 10 7 12 1 1 10 12 1 1 8 1 10 12 1 1 10 100 12 1 1 1 8 1 10 12 1 8 1 8 1 8 1 8 1 10 7 12 1 1 1 8 1 8 1 8 1 10 12 7 1 1 1 1 1 1 1 1 1 1 1 1 1 1 1 1 1 1 1 1 1 1 1 1 1 1 1 1 1 1 1 1 1 1 1 1 1 1 1 1 1 1 1 1 1 1 1 1 1 1 1 1 1 1 1 1 1 1 1 1 1 1 1 1 1 1 1 1 1 1 1 1 1 1 1 1 1 1 1 1 1 1 1 1 1 1 1 1
instanceKlass jdk/internal/reflect/UnsafeStaticFieldAccessorImpl
ciInstanceKlass jdk/internal/reflect/UnsafeFieldAccessorImpl 0 0 62 10 100 12 1 1 1 10 100 12 1 1 1 10 100 12 1 1 1 9 100 12 1 1 10 12 1 9 12 1 1 10 100 12 1 1 1 9 12 1 1 10 12 1 10 12 1 1 1 1 1 1 1 1 1 1 1 1 1 1 1 1
instanceKlass java/lang/invoke/VolatileCallSite
instanceKlass java/lang/invoke/MutableCallSite
instanceKlass java/lang/invoke/ConstantCallSite
ciInstanceKlass java/lang/invoke/CallSite 1 1 307 10 7 12 1 1 1 10 7 12 1 1 1 9 7 12 1 1 1 10 12 1 1 9 12 1 1 10 7 12 1 1 1 10 12 1 7 1 10 12 1 1 10 12 1 1 9 100 12 1 1 1 10 7 12 1 1 10 12 1 1 100 1 7 1 10 10 7 12 1 1 1 10 12 1 1 8 1 10 12 1 10 12 1 1 10 12 1 10 12 1 1 10 12 1 1 10 10 100 12 1 1 10 12 1 1 9 12 1 9 100 12 1 1 1 8 1 10 7 12 1 1 1 10 12 1 1 7 1 10 12 1 1 9 12 1 8 1 100 1 10 12 1 10 12 1 100 1 8 1 10 10 12 1 10 12 1 1 100 1 10 12 1 1 10 12 1 10 12 1 10 12 1 1 10 12 1 1 9 12 1 1 8 10 12 1 1 9 12 1 1 100 1 10 10 12 1 10 7 12 1 1 1 10 12 1 1 10 12 1 1 10 12 1 10 7 12 1 1 1 7 1 8 1 10 10 12 10 12 1 1 7 1 7 1 7 1 8 1 10 12 1 10 7 12 1 1 1 1 1 1 1 1 1 1 1 1 1 1 1 1 1 1 1 1 1 1 1 1 1 1 1 1 1 1 1 1 1 1 1 1 1 1 1 1 1 1 1 1 1 1 1 1 1 1 1 1 1 1 1 7 1 7 1 1 1 1
staticfield java/lang/invoke/CallSite $assertionsDisabled Z 1
ciInstanceKlass java/lang/invoke/ConstantCallSite 1 1 65 10 7 12 1 1 1 9 7 12 1 1 1 9 12 1 1 10 7 12 1 1 1 10 12 1 100 1 10 12 9 12 1 1 100 1 10 10 12 1 1 10 12 1 1 1 1 1 1 1 1 1 1 1 1 1 100 1 1 1 1 1 1 1 1
staticfield java/lang/invoke/ConstantCallSite UNSAFE Ljdk/internal/misc/Unsafe; jdk/internal/misc/Unsafe
instanceKlass java/lang/invoke/DirectMethodHandle$Constructor
instanceKlass java/lang/invoke/DirectMethodHandle$Accessor
instanceKlass java/lang/invoke/DirectMethodHandle$StaticAccessor
ciInstanceKlass java/lang/invoke/DirectMethodHandle 1 1 923 7 1 7 1 100 1 7 1 7 1 10 7 12 1 1 1 10 7 12 1 1 1 7 1 10 12 1 10 12 1 1 10 7 12 1 1 10 12 1 1 10 12 1 10 12 1 7 1 10 12 1 1 10 12 1 1 10 12 1 10 12 1 1 10 7 12 1 1 1 10 12 1 9 12 1 1 100 1 10 9 12 1 1 9 12 1 10 12 1 10 12 1 10 12 1 1 10 12 1 10 12 1 10 12 1 10 7 12 1 1 1 10 12 1 10 12 1 1 8 1 10 12 1 1 100 1 10 12 1 100 1 10 10 12 1 10 12 1 10 12 1 10 7 12 1 1 1 10 12 1 1 7 1 10 12 1 10 12 1 7 1 10 12 1 10 12 1 1 10 12 1 1 10 12 1 8 10 7 12 1 1 1 10 12 1 10 12 1 10 12 1 1 10 12 1 9 7 12 1 1 1 7 1 10 12 1 10 7 12 1 1 1 10 12 1 10 12 1 1 9 12 1 1 7 1 10 8 1 10 12 1 1 10 12 1 1 8 1 10 12 1 10 12 1 10 10 12 1 10 12 1 10 12 1 10 12 1 10 12 1 1 10 12 1 10 12 1 1 10 12 1 10 12 1 1 10 10 7 12 1 1 1 10 12 1 10 12 1 1 10 12 1 10 12 1 1 8 1 9 7 12 1 1 1 8 1 9 12 1 9 12 1 8 1 9 12 1 9 12 1 8 1 9 12 1 9 12 1 8 1 10 12 1 10 12 1 1 9 12 1 1 7 1 10 12 1 1 7 1 10 7 12 1 1 1 10 12 1 1 10 12 1 10 12 1 1 7 1 10 12 1 1 10 12 1 10 12 1 1 7 1 10 12 1 1 10 12 1 10 7 12 1 1 1 10 12 1 10 12 1 1 10 12 1 9 12 1 1 10 7 1 9 12 9 12 1 10 7 12 1 1 1 10 12 1 7 1 7 1 7 1 9 12 1 1 10 7 12 1 1 1 10 12 10 12 1 7 1 10 12 1 10 12 1 1 8 1 9 12 1 9 12 1 10 12 1 1 9 12 1 1 10 7 12 1 1 1 9 12 1 1 9 12 1 1 10 12 1 10 12 1 10 12 1 10 12 1 1 10 12 1 9 12 1 10 12 1 10 12 1 10 12 1 10 12 1 1 10 12 1 1 9 12 1 1 10 12 1 1 9 7 12 1 1 1 9 12 1 9 12 1 9 12 1 9 12 1 9 12 1 9 12 1 9 12 1 9 12 1 9 12 1 9 12 1 9 12 1 9 12 1 9 12 1 9 12 1 9 12 1 9 12 1 9 12 1 9 12 1 9 12 1 9 12 1 9 12 1 9 12 1 9 12 1 9 12 1 9 12 1 9 12 1 9 12 1 9 12 1 9 12 1 9 12 1 9 12 1 9 12 1 9 12 1 9 12 1 9 12 1 9 12 1 8 1 9 12 1 1 9 12 1 1 10 12 1 10 12 1 1 9 7 1 10 12 1 9 12 1 1 10 12 10 12 1 10 12 1 10 12 1 10 12 1 10 8 1 8 1 8 1 8 1 10 12 1 1 9 12 1 1 10 12 1 10 100 12 1 1 1 8 9 12 1 1 10 12 1 1 8 1 8 8 9 12 1 8 1 8 8 8 8 8 1 8 10 12 1 7 1 10 12 1 8 1 8 1 10 12 1 10 12 1 10 12 1 10 12 1 1 7 1 1 1 1 3 1 3 1 3 1 3 1 3 1 3 1 3 1 3 1 3 1 3 1 1 1 1 1 1 1 1 1 1 3 1 3 1 1 1 1 3 1 1 1 1 1 1 1 1 1 1 1 1 1 1 1 1 1 1 1 1 1 1 1 1 1 1 1 1 1 1 1 1 1 1 1 1 1 1 1 1 1 1 1 1 1 1 1 1 1 1 1 1 1 1 1 1 1 100 1 1 1 1 1 1 1 1 1 100 1 1 1 1 1 1 1 1 1 1 1 1 1 1 1 1 1 1 1 1 1 1 1 1 1 1 1 1 1 1 1 1 1 1 1 1 1 1 1 1 1 1 1 1 1 1 1 1 1 1 1 1
staticfield java/lang/invoke/DirectMethodHandle IMPL_NAMES Ljava/lang/invoke/MemberName$Factory; java/lang/invoke/MemberName$Factory
staticfield java/lang/invoke/DirectMethodHandle FT_UNCHECKED_REF I 8
staticfield java/lang/invoke/DirectMethodHandle ACCESSOR_FORMS [Ljava/lang/invoke/LambdaForm; 132 [Ljava/lang/invoke/LambdaForm;
staticfield java/lang/invoke/DirectMethodHandle ALL_WRAPPERS [Lsun/invoke/util/Wrapper; 10 [Lsun/invoke/util/Wrapper;
staticfield java/lang/invoke/DirectMethodHandle NFS [Ljava/lang/invoke/LambdaForm$NamedFunction; 12 [Ljava/lang/invoke/LambdaForm$NamedFunction;
staticfield java/lang/invoke/DirectMethodHandle OBJ_OBJ_TYPE Ljava/lang/invoke/MethodType; java/lang/invoke/MethodType
staticfield java/lang/invoke/DirectMethodHandle LONG_OBJ_TYPE Ljava/lang/invoke/MethodType; java/lang/invoke/MethodType
staticfield java/lang/invoke/DirectMethodHandle $assertionsDisabled Z 1
ciInstanceKlass java/lang/invoke/DirectMethodHandle$StaticAccessor 1 1 96 10 7 12 1 1 1 10 7 12 1 1 1 9 7 12 1 1 1 9 12 1 1 9 12 1 1 10 7 12 1 1 1 9 12 1 1 9 12 1 1 10 12 1 9 12 1 10 12 1 1 100 1 10 12 1 9 12 1 1 10 12 1 1 10 12 1 1 1 1 1 1 1 1 1 1 1 1 1 1 1 1 1 1 1 1 1 1 1 1 1 1 1 1 1 1
staticfield java/lang/invoke/DirectMethodHandle$StaticAccessor $assertionsDisabled Z 1
ciInstanceKlass java/lang/invoke/DirectMethodHandle$Accessor 1 1 93 10 7 12 1 1 1 10 7 12 1 1 1 9 7 12 1 1 1 9 12 1 1 10 7 12 1 1 1 9 12 1 1 9 12 1 1 10 12 1 9 12 1 10 12 1 1 100 1 10 12 1 9 12 1 1 10 12 1 1 10 12 1 1 1 1 1 1 1 1 1 1 1 1 1 1 1 1 1 1 1 1 1 1 1 1 1 1 1 1 1 1 1
staticfield java/lang/invoke/DirectMethodHandle$Accessor $assertionsDisabled Z 1
ciInstanceKlass java/lang/invoke/MutableCallSite 0 0 63 10 100 12 1 1 1 10 12 1 9 100 12 1 1 1 10 12 1 10 12 1 1 9 12 1 1 10 100 12 1 1 1 10 100 12 1 1 1 10 12 1 1 1 1 1 1 1 1 1 1 1 1 1 1 1 1 1 1 100 1 1 1
ciInstanceKlass java/lang/invoke/VolatileCallSite 0 0 37 10 100 12 1 1 1 10 12 1 10 100 12 1 1 1 10 12 1 10 12 1 1 1 1 1 1 1 1 1 1 1 1 1 1 1 1
ciInstanceKlass java/lang/invoke/ResolvedMethodName 1 1 16 10 100 12 1 1 1 100 1 1 1 1 1 1 1 1
ciInstanceKlass java/lang/invoke/MethodHandleNatives 1 1 690 100 1 10 7 12 1 1 1 9 7 12 1 1 1 10 12 1 1 100 1 10 10 12 1 1 10 12 1 10 12 1 8 1 8 1 8 1 8 1 8 1 8 1 8 1 8 1 8 1 8 1 10 12 1 1 7 1 10 7 12 1 1 1 10 7 12 1 1 1 7 1 10 10 12 1 1 8 1 10 12 1 8 1 10 12 1 1 8 1 10 12 1 1 9 7 12 1 1 1 8 1 10 100 12 1 1 1 7 1 10 12 100 1 100 1 8 1 7 1 10 10 12 1 7 1 9 7 12 1 1 10 12 1 1 10 12 1 10 7 12 1 1 1 10 12 1 1 9 12 1 8 1 10 12 1 1 10 12 1 8 1 10 12 1 1 7 1 10 12 1 10 7 12 1 1 1 10 12 1 10 12 1 1 10 12 1 1 8 1 10 12 1 1 8 1 10 12 1 8 1 8 1 8 1 7 1 10 12 1 8 1 10 7 12 1 1 1 10 12 1 1 10 7 12 1 1 10 10 12 1 1 10 12 1 10 100 12 1 1 1 100 1 8 1 10 100 12 1 1 1 7 1 8 1 10 12 1 8 1 8 1 8 1 8 1 8 1 10 12 1 1 10 12 1 1 10 12 1 10 12 1 1 10 12 1 1 7 1 10 12 1 7 1 7 1 10 12 1 10 12 1 8 1 8 1 10 10 12 1 1 10 12 1 1 8 1 10 7 12 1 1 8 1 8 1 10 12 1 1 10 7 12 1 1 1 100 1 10 12 1 1 7 1 9 12 1 1 10 7 12 1 1 1 10 10 12 1 9 12 1 10 12 1 9 12 1 9 12 1 10 12 1 1 10 12 1 10 12 1 1 7 1 7 1 10 12 1 1 10 12 1 10 12 1 1 10 7 12 1 1 1 10 12 1 8 1 10 12 1 10 12 1 10 12 1 1 10 12 1 10 7 12 1 1 1 10 12 1 1 100 1 8 1 10 9 7 12 1 1 1 10 12 1 1 10 12 1 1 7 1 10 12 1 1 10 12 1 1 100 1 100 1 10 10 100 1 100 1 10 100 1 10 10 12 1 1 10 7 1 10 12 1 10 12 1 1 10 12 1 1 10 12 1 1 10 12 1 10 12 1 1 10 8 1 10 12 1 10 12 1 10 12 1 10 12 1 10 12 1 1 10 12 1 10 12 1 10 12 1 10 10 7 12 1 1 10 12 1 1 1 1 1 1 1 1 1 1 1 1 1 7 1 1 1 1 1 1 1 1 1 1 1 1 1 1 1 1 1 1 1 1 1 1 1 1 1 1 1 1 1 1 1 1 1 1 1 1 1 1 1 1 1 1 1 1 1 1 1 1 1 1 1 1 1 1 1 1 1 1 1 1 1 1 1 1 1 100 1 1 1 1 1 1 1 1 1 1 1 1 1 1 1 1 1 1 1 1 1 1 1 1 1 1 1 1 1 1 1 1 1 100 1 1 1 1 1 1 1 1 1 1 1 1 1 1 1 1 1 1 1 1 1 1 1 1 1 1 7 1 1 1 1 1 1 1 100 1 1 1
staticfield java/lang/invoke/MethodHandleNatives $assertionsDisabled Z 1
ciInstanceKlass java/lang/invoke/MethodHandleNatives$CallSiteContext 1 1 49 10 7 12 1 1 1 7 1 10 10 7 12 1 1 1 10 7 12 1 1 1 10 7 12 1 1 1 100 1 1 1 1 1 1 1 1 1 1 1 1 1 1 1 1 1 100 1 1
ciInstanceKlass jdk/internal/foreign/abi/NativeEntryPoint 0 0 194 10 7 12 1 1 1 9 7 12 1 1 1 9 12 1 1 100 1 8 1 10 12 1 10 12 1 1 100 1 10 100 12 1 1 1 10 12 1 9 12 1 1 18 12 1 1 10 100 12 1 1 1 10 7 12 1 1 1 9 7 12 1 1 1 7 1 10 8 1 10 12 1 1 10 12 1 10 12 1 1 8 1 10 12 1 1 7 1 8 1 10 12 1 10 12 1 1 10 12 1 9 12 1 1 18 12 1 1 10 100 12 1 1 1 10 12 1 1 10 12 1 10 100 12 1 1 1 10 1 1 1 1 1 1 1 1 1 1 1 1 1 1 1 1 1 1 1 1 1 1 1 1 1 1 1 1 1 1 1 1 1 1 1 1 1 16 1 15 10 12 16 1 16 15 10 12 15 10 100 12 1 1 1 1 1 100 1 1 100 1 100 1 1
ciInstanceKlass jdk/internal/foreign/abi/ABIDescriptor 0 0 55 10 100 12 1 1 1 9 100 12 1 1 1 9 12 1 1 9 12 1 9 12 1 9 12 1 1 9 12 1 9 12 1 1 9 12 1 9 12 1 9 12 1 9 12 1 1 1 1 1 1 1 1 1 1
ciInstanceKlass jdk/internal/foreign/abi/VMStorage 0 0 91 10 7 12 1 1 1 9 7 12 1 1 1 9 12 1 1 9 12 1 1 9 12 1 1 7 1 10 8 1 10 12 1 1 10 12 1 10 12 1 1 10 12 1 18 12 1 18 12 1 1 18 12 1 1 1 1 1 1 1 1 1 1 1 1 1 1 1 1 1 1 1 8 1 15 15 15 15 15 10 100 12 1 1 1 1 100 1 100 1 1
ciInstanceKlass jdk/internal/foreign/abi/UpcallLinker$CallRegs 0 0 66 10 7 12 1 1 1 9 7 12 1 1 1 9 12 1 18 12 1 1 18 12 1 1 18 12 1 1 1 1 1 1 1 1 1 1 1 1 1 1 1 1 1 1 100 1 1 1 8 1 15 15 15 10 100 12 1 1 1 1 1 100 1 100 1 1
ciInstanceKlass java/lang/StackWalker 0 0 271 9 7 12 1 1 1 100 1 10 100 12 1 1 1 10 12 1 1 10 100 12 1 1 1 10 12 1 1 10 12 1 11 100 12 1 1 1 10 12 1 1 10 12 1 1 10 12 1 1 100 1 8 1 10 12 1 10 12 1 10 12 1 10 7 12 1 1 9 12 1 1 9 12 1 1 9 12 1 1 9 12 1 1 10 12 1 1 9 12 1 1 9 12 1 1 9 12 1 1 10 7 12 1 1 1 11 12 1 1 100 1 8 1 10 10 7 12 1 1 9 12 1 1 10 12 1 1 10 100 12 1 1 1 10 100 12 1 1 1 18 12 1 1 100 1 8 1 10 8 1 10 12 1 1 10 100 12 1 1 1 10 12 1 1 9 100 12 1 1 11 100 12 1 1 1 10 12 1 1 1 1 1 1 1 1 1 1 1 1 1 1 1 1 1 1 1 1 1 1 1 1 1 1 1 1 1 1 1 1 1 1 1 1 1 1 1 1 1 1 1 1 1 1 1 1 1 1 1 1 1 1 1 1 1 1 1 1 1 1 1 1 1 1 7 1 1 16 15 10 12 16 1 15 10 100 12 1 1 1 1 1 1 1 1 1 100 1 100 1 1
ciInstanceKlass java/lang/StackWalker$StackFrame 0 0 41 100 1 10 12 1 1 100 1 100 1 1 1 1 1 1 1 1 1 1 1 1 1 1 1 1 1 1 1 1 1 1 1 1 1 1 1 100 1 1 1
instanceKlass java/lang/LiveStackFrameInfo
ciInstanceKlass java/lang/StackFrameInfo 0 0 142 10 7 12 1 1 1 9 7 12 1 1 1 9 7 1 9 12 1 1 11 100 12 1 1 1 9 12 1 1 11 12 1 1 10 12 1 1 10 7 12 1 1 1 10 12 1 11 12 1 11 12 1 1 11 12 1 10 12 1 1 9 12 1 1 10 12 1 1 10 7 12 1 1 10 12 1 1 11 12 1 1 9 12 1 1 10 7 1 10 12 1 9 12 1 1 10 12 1 1 100 1 8 1 10 12 1 10 100 12 1 1 1 7 1 1 1 1 1 1 1 1 1 1 1 1 1 1 1 1 1 1 7 1 1 7 1 1 1 1 1 1
ciInstanceKlass java/lang/LiveStackFrameInfo 0 0 97 10 7 12 1 1 1 9 7 12 1 1 1 9 12 1 9 12 1 9 12 1 9 12 1 1 7 1 10 12 1 1 10 12 1 8 1 10 12 1 1 8 1 8 1 8 1 10 100 1 10 12 1 100 1 10 12 1 7 1 7 1 1 1 3 1 3 1 1 1 1 1 1 1 1 1 1 1 1 1 1 1 1 1 1 1 1 1 1 1 1 1 1 1 100 1 1
ciInstanceKlass java/lang/LiveStackFrame 0 0 135 100 1 10 100 12 1 1 1 11 7 12 1 1 1 11 12 1 10 7 12 1 1 1 100 1 8 1 10 12 1 1 10 7 12 1 1 1 9 100 12 1 1 1 10 7 12 1 1 1 10 7 12 1 1 1 11 12 1 10 12 1 7 1 7 1 1 1 1 1 1 1 1 1 1 1 1 1 1 1 1 1 1 1 1 1 1 1 1 1 1 1 1 100 1 1 1 1 1 1 1 100 1 8 1 1 12 10 1 1 1 8 1 1 1 8 1 1 1 8 1 1 1 8 1 1 8 1 1 1 8 1 1 8 1
ciInstanceKlass java/lang/StackStreamFactory$AbstractStackWalker 1 0 375 100 1 7 1 3 10 7 12 1 1 1 10 7 12 1 1 10 7 12 1 1 1 9 12 1 1 10 12 1 1 9 12 1 1 9 12 1 1 9 12 1 1 9 12 1 10 7 12 1 1 1 10 12 1 1 10 7 12 1 1 9 12 1 1 9 12 1 1 10 12 1 1 9 100 12 1 1 1 10 12 1 1 10 12 1 9 12 1 1 10 100 12 1 1 1 10 12 1 1 9 12 1 1 9 7 12 1 1 1 7 1 10 8 1 10 12 1 1 10 12 1 8 1 10 12 1 1 10 100 12 1 1 1 100 1 8 1 10 12 1 8 1 10 12 10 100 12 1 1 9 12 1 8 1 5 0 8 1 8 1 9 12 1 1 10 12 1 1 18 12 1 1 10 7 12 1 1 1 10 12 1 1 10 12 1 10 12 1 9 12 1 10 12 1 10 12 1 10 12 1 10 12 1 10 12 1 10 12 1 1 8 1 10 12 1 10 12 1 10 12 1 10 12 1 1 8 1 10 12 1 1 10 12 1 1 10 12 1 1 10 12 1 10 12 1 10 100 12 1 1 1 10 12 1 10 12 1 9 12 1 8 1 10 12 1 10 12 1 10 12 1 1 10 12 1 10 12 1 10 12 1 1 10 12 1 10 12 1 10 12 1 10 12 1 10 12 1 10 12 1 1 10 12 1 1 10 12 1 8 1 1 1 1 1 1 1 1 1 1 1 1 1 7 1 1 1 1 1 1 1 7 1 1 1 1 7 1 1 1 1 1 1 1 1 1 1 1 1 1 1 1 1 1 1 1 16 15 15 10 100 12 1 1 1 1 1 1 1 1 100 1 100 1 1
ciInstanceKlass jdk/internal/module/Modules 1 1 504 10 7 12 1 1 1 9 7 12 1 1 1 11 7 12 1 1 1 11 12 1 1 11 12 1 1 11 12 1 1 11 12 1 11 12 1 11 12 1 11 12 1 11 12 1 1 10 7 12 1 1 1 10 100 12 1 1 1 18 12 1 1 10 7 12 1 1 1 7 1 10 7 12 1 1 1 10 100 12 1 1 1 10 100 12 1 1 10 12 1 1 11 12 1 9 12 1 1 11 100 12 1 1 1 10 12 1 1 10 10 12 1 10 9 12 1 1 10 100 12 1 1 10 12 1 1 10 100 12 1 1 100 1 11 100 12 1 1 1 10 100 12 1 1 1 11 100 12 1 1 10 12 1 1 10 100 12 1 1 10 100 12 1 1 1 10 12 1 1 10 12 1 1 11 12 1 1 18 12 1 1 11 100 12 1 1 10 100 12 1 1 1 11 100 12 1 1 1 7 1 11 12 1 1 11 7 12 1 1 1 11 12 1 1 10 12 1 1 10 100 12 1 1 18 12 1 1 11 12 1 1 18 12 1 1 11 12 1 1 10 12 1 18 18 10 12 1 1 9 12 1 1 11 7 12 1 1 1 100 1 10 11 12 1 11 12 1 1 11 12 1 1 10 100 1 10 12 1 1 10 100 12 1 1 10 12 1 1 11 12 10 12 1 1 7 1 10 18 12 1 10 12 1 1 7 1 8 1 10 12 1 10 100 12 1 1 18 12 1 11 11 12 10 12 1 10 10 100 1 18 12 1 10 10 10 7 12 1 1 10 7 12 1 1 1 10 12 1 1 1 1 1 1 1 1 1 1 1 1 1 1 1 1 1 1 1 1 1 1 1 1 1 1 1 1 1 1 1 1 1 100 1 1 1 1 1 1 1 1 1 1 1 1 1 1 1 1 1 1 1 1 1 1 1 1 1 1 1 1 1 1 1 1 1 1 1 7 1 1 1 1 1 1 1 1 1 1 1 1 1 1 1 1 1 1 1 1 1 1 1 16 15 10 12 1 16 16 15 10 12 1 16 1 16 1 15 10 12 1 16 1 16 1 15 10 12 16 1 15 10 16 1 15 10 12 16 1 15 10 12 16 15 10 12 16 15 10 12 15 10 100 12 1 1 1 1 1 1 100 1 100 1 1
staticfield jdk/internal/module/Modules JLA Ljdk/internal/access/JavaLangAccess; java/lang/System$2
staticfield jdk/internal/module/Modules JLMA Ljdk/internal/access/JavaLangModuleAccess; java/lang/module/ModuleDescriptor$1
staticfield jdk/internal/module/Modules $assertionsDisabled Z 1
ciInstanceKlass java/util/ArrayList 1 1 509 10 7 12 1 1 1 7 1 9 7 12 1 1 1 9 12 1 100 1 7 1 10 8 1 10 12 1 1 10 12 1 10 12 1 1 10 12 1 9 12 1 11 7 12 1 1 1 9 12 1 1 11 12 1 1 7 10 7 12 1 1 1 9 12 1 10 12 1 10 12 1 1 10 7 12 1 1 1 10 7 12 1 1 1 10 12 1 1 10 12 1 1 10 12 1 1 10 12 1 10 12 1 1 100 1 7 1 10 12 1 10 10 7 12 1 1 1 10 7 12 1 1 10 12 1 100 1 10 10 12 10 12 1 1 10 12 1 1 10 12 1 10 12 10 12 1 1 7 1 10 12 1 1 10 12 1 1 10 12 1 100 1 10 11 12 1 1 11 7 12 1 1 1 11 12 1 10 12 1 10 12 1 10 12 1 1 100 1 10 12 1 1 10 10 12 1 1 10 12 1 8 1 8 1 8 1 8 1 10 12 1 1 10 12 1 1 11 12 1 7 1 10 100 12 1 1 10 12 1 10 12 1 1 10 100 12 1 1 10 12 1 10 100 12 1 1 1 11 100 12 1 1 1 10 12 1 100 1 8 1 10 7 1 10 12 1 7 1 10 12 1 10 12 1 1 7 1 10 12 1 10 12 1 1 11 100 12 1 1 100 1 10 12 1 10 12 1 1 11 100 12 1 1 10 12 1 1 10 12 1 1 10 12 1 1 10 12 1 1 11 100 12 1 1 10 12 1 1 7 1 7 1 7 1 1 1 1 5 0 1 3 1 1 1 1 1 1 1 1 1 1 1 1 1 1 1 1 1 1 1 1 1 1 1 1 1 1 1 1 1 1 1 1 1 1 1 1 1 1 1 1 1 1 1 1 1 1 1 1 1 1 1 1 1 1 1 1 1 1 1 1 1 1 1 1 1 1 1 1 1 1 1 1 1 1 1 1 1 1 1 1 1 1 1 1 1 1 1 1 1 1 1 1 1 1 1 1 1 1 1 1 1 1 1 1 100 1 1 1 1 7 1 1 1 1 1 1 1 1 1 1 1 1 1 1 1 1 1 1 1 1 1 1 1 1 1 1 1 1 1 100 1 1 1 1 1 1 1 1 1 1 1 1 1 1 1 1 1 1 100 1 100 1 1 1 1 1 1
staticfield java/util/ArrayList EMPTY_ELEMENTDATA [Ljava/lang/Object; 0 [Ljava/lang/Object;
staticfield java/util/ArrayList DEFAULTCAPACITY_EMPTY_ELEMENTDATA [Ljava/lang/Object; 0 [Ljava/lang/Object;
ciInstanceKlass java/util/RandomAccess 1 0 7 100 1 100 1 1 1
ciInstanceKlass java/lang/annotation/Annotation 0 0 17 100 1 100 1 1 1 1 1 1 1 1 1 1 1 1 1
ciMethod java/lang/Object <init> ()V 1024 0 1032512 0 136
ciInstanceKlass kotlin/coroutines/CoroutineContext 1 0 60 1 100 1 100 1 1 1 1 1 1 1 1 1 1 1 1 1 1 1 1 1 1 3 3 1 3 1 3 1 1 1 1 1 1 1 1 1 1 1 1 1 1 1 1 1 1 100 1 1 100 1 100 1 1 1 1 1 1 1
ciInstanceKlass kotlin/coroutines/CoroutineContext$Element 1 0 56 1 100 1 100 1 100 1 1 1 1 1 1 1 1 1 1 1 1 1 1 1 1 3 3 1 3 1 3 1 1 1 1 1 1 1 1 1 1 1 1 1 1 1 100 1 1 100 1 1 1 1 1 1 1 1
ciInstanceKlass kotlin/coroutines/ContinuationInterceptor 1 1 73 1 7 1 100 1 100 1 1 1 1 1 1 1 1 1 1 1 1 1 1 1 1 1 7 1 1 12 9 1 12 9 1 1 1 1 1 3 3 1 3 1 3 1 1 1 1 1 1 1 1 1 1 1 1 1 1 1 100 1 1 100 1 1 100 1 1 1 1 1 1 1 1
staticfield kotlin/coroutines/ContinuationInterceptor Key Lkotlin/coroutines/ContinuationInterceptor$Key; kotlin/coroutines/ContinuationInterceptor$Key
ciInstanceKlass kotlin/coroutines/CoroutineContext$Key 1 0 33 1 100 1 1 100 1 1 3 3 1 3 1 3 1 1 1 1 1 1 1 1 1 100 1 100 1 1 1 1 1 1 1
ciInstanceKlass kotlin/coroutines/ContinuationInterceptor$Key 1 1 46 1 7 1 1 7 1 100 1 1 12 10 1 1 1 10 1 12 9 1 1 3 3 1 3 1 3 1 1 1 1 1 1 1 100 1 1 100 1 1 1 1 1 1 1 1
staticfield kotlin/coroutines/ContinuationInterceptor$Key $$INSTANCE Lkotlin/coroutines/ContinuationInterceptor$Key; kotlin/coroutines/ContinuationInterceptor$Key
ciInstanceKlass kotlin/jvm/internal/Intrinsics 1 1 278 10 100 10 10 10 10 10 10 100 10 10 10 100 10 10 100 10 8 8 10 100 10 10 100 10 10 100 10 10 8 8 8 8 10 10 10 10 10 100 10 10 10 10 8 8 10 10 10 8 10 100 10 10 10 10 100 8 8 10 8 10 10 10 100 10 7 100 1 1 1 1 1 1 1 1 1 1 1 1 1 1 1 1 1 1 1 1 1 1 1 1 1 1 1 1 1 1 1 1 1 1 1 1 1 1 1 1 1 1 1 1 1 1 1 1 1 1 1 1 1 1 1 1 1 1 100 1 1 1 1 1 1 1 1 1 1 1 1 1 1 1 1 1 1 1 1 1 1 1 1 1 1 1 1 1 1 1 1 1 100 1 1 1 1 1 1 1 1 1 1 1 1 1 1 1 1 1 100 1 1 1 12 1 12 12 12 12 12 1 12 12 1 1 1 1 12 1 12 1 1 1 1 1 1 12 12 12 100 12 12 1 100 12 100 12 100 12 12 1 1 100 12 100 12 1 12 1 12 12 12 1 1 1 12 1 12 100 100 12 12 1 1 1 1 1 1 1 1 1 1 1 1 1 1 1 1 1 1 1 1 1 1 1 1 1 1 1 1 1 1 1 1 1 1 1 1 1
ciInstanceKlass kotlin/Result 1 1 149 1 7 1 1 100 1 100 1 1 1 1 1 1 7 1 1 1 1 1 1 1 12 10 1 1 1 1 1 12 9 1 100 1 1 1 1 1 12 10 1 100 1 12 10 1 8 1 1 12 10 1 12 10 1 12 10 10 1 100 1 12 9 12 10 1 1 1 1 1 1 12 10 12 10 1 1 1 1 12 10 1 100 1 12 10 1 1 12 10 1 10 1 1 1 1 12 10 1 1 1 1 1 1 7 1 12 10 1 1 12 9 1 1 1 1 1 1 3 3 1 3 1 3 1 1 1 1 1 1 1 1 1 1 1 1 1 1 1 1 1 1 1 1 1 1 1 1 1
staticfield kotlin/Result Companion Lkotlin/Result$Companion; kotlin/Result$Companion
ciInstanceKlass kotlinx/coroutines/internal/Symbol 1 1 64 1 7 1 7 1 1 1 1 12 10 1 1 12 9 1 1 1 1 1 100 10 1 1 12 10 1 12 10 12 10 1 1 1 1 1 1 1 1 1 1 1 3 3 3 1 1 3 1 1 1 1 1 1 1 1 1 1 1 1 1 1 1 1
ciInstanceKlass kotlin/Result$Companion 1 1 70 1 7 1 7 1 1 12 10 1 1 1 1 1 1 1 1 1 100 1 12 10 1 1 1 1 1 1 8 1 100 1 1 12 10 1 100 1 12 10 1 1 10 1 1 1 1 3 3 1 3 1 3 1 1 1 1 1 1 1 1 1 1 1 1 1 1 1 1 1
ciInstanceKlass kotlinx/coroutines/swing/Swing 1 1 97 1 7 1 7 1 1 1 12 10 1 1 1 1 1 1 7 1 1 12 9 1 7 1 1 1 12 10 1 8 1 100 1 1 1 1 1 12 10 12 9 1 7 16 12 10 15 1 7 1 1 12 10 15 1 1 12 18 1 12 10 1 1 12 10 1 12 10 1 1 1 1 1 1 3 3 3 1 1 3 1 1 1 1 1 1 1 1 1 1 1 1 1 1 1 1 1
staticfield kotlinx/coroutines/swing/Swing INSTANCE Lkotlinx/coroutines/swing/Swing; kotlinx/coroutines/swing/Swing
ciInstanceKlass kotlinx/coroutines/Job 1 1 112 1 7 1 100 1 100 1 1 1 1 1 1 1 1 1 1 1 1 1 1 1 1 1 1 1 1 1 1 1 1 1 1 1 1 1 1 1 1 1 1 1 1 1 1 1 1 1 1 1 7 1 1 12 9 1 12 9 1 1 1 1 1 3 3 3 1 1 3 1 1 1 1 1 1 1 1 1 1 1 1 1 1 1 1 1 1 1 1 1 1 1 1 1 1 1 1 1 100 1 1 100 1 1 1 1 1 1 1 1 1 1
staticfield kotlinx/coroutines/Job Key Lkotlinx/coroutines/Job$Key; kotlinx/coroutines/Job$Key
ciInstanceKlass kotlinx/coroutines/SupervisorJobImpl 1 1 40 1 100 1 7 1 1 1 12 10 1 1 1 1 1 1 1 1 1 1 1 3 3 3 1 1 3 1 1 1 1 1 1 1 1 1 1 1 1 1
ciInstanceKlass kotlinx/coroutines/Incomplete 1 0 30 1 100 1 100 1 1 1 1 1 1 1 3 3 3 1 1 3 1 1 1 1 1 1 1 1 1 1 1 1
ciInstanceKlass kotlinx/coroutines/DebugKt 1 1 155 1 7 1 100 1 1 1 1 12 9 1 1 12 9 1 1 12 9 1 1 1 1 1 1 1 1 12 9 1 1 7 1 1 12 10 1 1 1 1 12 10 1 100 1 1 12 11 1 100 1 12 10 1 100 1 12 10 1 1 1 1 7 1 7 1 12 10 1 8 1 7 1 1 12 10 1 100 1 1 12 10 1 8 1 1 12 10 1 8 1 8 1 8 1 100 1 100 10 1 8 1 1 12 10 1 12 10 1 1 12 10 10 1 12 10 1 8 1 12 10 12 10 1 1 1 1 1 1 1 1 1 1 3 3 3 1 1 3 1 1 1 1 1 1 1 1 1 1 1 1 1 1 1 1
staticfield kotlinx/coroutines/DebugKt ASSERTIONS_ENABLED Z 0
staticfield kotlinx/coroutines/DebugKt DEBUG Z 0
staticfield kotlinx/coroutines/DebugKt RECOVER_STACK_TRACES Z 0
staticfield kotlinx/coroutines/DebugKt COROUTINE_ID Ljava/util/concurrent/atomic/AtomicLong; java/util/concurrent/atomic/AtomicLong
ciInstanceKlass kotlin/coroutines/Continuation 1 0 39 1 100 1 1 100 1 1 1 1 1 1 1 1 1 1 3 3 1 3 1 3 1 1 1 1 1 1 1 1 1 1 1 1 1 1 1 1 1
ciInstanceKlass kotlinx/coroutines/DisposableHandle 1 0 24 1 100 1 100 1 1 1 1 3 3 3 1 1 3 1 1 1 1 1 1 1 1 1
ciInstanceKlass kotlinx/coroutines/NonDisposableHandle 1 1 59 1 7 1 7 1 100 1 100 1 1 12 10 1 1 1 1 1 1 1 1 1 1 1 1 1 1 8 1 10 1 12 9 1 1 1 3 3 3 1 1 3 1 1 1 1 1 1 1 1 1 1 1 1 1 1 1 1 1
staticfield kotlinx/coroutines/NonDisposableHandle INSTANCE Lkotlinx/coroutines/NonDisposableHandle; kotlinx/coroutines/NonDisposableHandle
instanceKlass kotlinx/coroutines/internal/ListClosed
instanceKlass kotlinx/coroutines/internal/LockFreeLinkedListHead
instanceKlass kotlinx/coroutines/JobNode
ciInstanceKlass kotlinx/coroutines/internal/LockFreeLinkedListNode 1 1 246 1 7 1 7 1 1 12 10 1 1 12 9 1 12 9 1 1 1 1 1 1 1 1 1 1 1 12 9 1 1 1 1 1 12 10 1 7 1 1 12 10 1 7 1 12 10 1 1 12 10 1 1 1 1 1 1 1 12 10 1 1 12 10 1 1 1 12 9 1 8 1 7 1 1 12 10 1 1 1 12 10 1 12 10 1 1 12 10 12 10 1 1 1 1 1 12 10 1 12 10 1 1 1 1 12 10 1 7 1 12 9 12 10 1 1 12 10 1 1 1 1 12 10 1 1 1 1 12 10 1 12 10 1 1 1 1 1 1 1 1 1 1 1 1 100 1 12 10 1 100 10 1 1 1 1 1 100 10 1 100 12 10 1 1 12 10 1 12 10 1 100 1 1 12 10 1 12 10 12 10 1 12 9 1 12 9 1 12 9 1 1 1 1 100 1 12 11 1 1 1 1 1 8 1 1 12 10 8 8 1 1 1 3 3 3 1 1 3 1 1 1 1 1 1 1 1 1 1 1 1 1 1 1 1 1 1 1 1 1 1 1 1 1 1 1
staticfield kotlinx/coroutines/internal/LockFreeLinkedListNode _next$volatile$FU Ljava/util/concurrent/atomic/AtomicReferenceFieldUpdater; java/util/concurrent/atomic/AtomicReferenceFieldUpdater$AtomicReferenceFieldUpdaterImpl
staticfield kotlinx/coroutines/internal/LockFreeLinkedListNode _prev$volatile$FU Ljava/util/concurrent/atomic/AtomicReferenceFieldUpdater; java/util/concurrent/atomic/AtomicReferenceFieldUpdater$AtomicReferenceFieldUpdaterImpl
staticfield kotlinx/coroutines/internal/LockFreeLinkedListNode _removedRef$volatile$FU Ljava/util/concurrent/atomic/AtomicReferenceFieldUpdater; java/util/concurrent/atomic/AtomicReferenceFieldUpdater$AtomicReferenceFieldUpdaterImpl
instanceKlass kotlinx/coroutines/ResumeAwaitOnCompletion
instanceKlass kotlinx/coroutines/InvokeOnCompletion
instanceKlass kotlinx/coroutines/JobSupport$ChildCompletion
instanceKlass kotlinx/coroutines/ChildContinuation
instanceKlass kotlinx/coroutines/ChildHandleNode
ciInstanceKlass kotlinx/coroutines/JobNode 1 1 103 1 7 1 7 1 100 1 100 1 1 12 10 1 1 1 1 1 1 1 12 9 8 1 100 1 1 12 10 1 7 1 1 1 1 1 1 1 1 1 1 12 10 1 1 12 10 1 1 1 100 10 1 100 1 1 12 10 1 1 12 10 1 12 10 1 12 10 1 8 12 10 1 1 1 1 3 3 3 1 1 3 1 1 1 1 1 1 1 1 1 1 1 1 1 1 1 1 1 1 1 1 1
ciInstanceKlass kotlinx/coroutines/Job$Key 1 1 46 1 7 1 1 7 1 100 1 1 12 10 1 1 1 10 1 12 9 1 1 3 3 3 1 1 3 1 1 1 1 1 1 1 100 1 1 100 1 1 1 1 1 1 1 1
staticfield kotlinx/coroutines/Job$Key $$INSTANCE Lkotlinx/coroutines/Job$Key; kotlinx/coroutines/Job$Key
ciInstanceKlass kotlin/coroutines/CombinedContext 1 1 270 1 7 1 7 1 7 1 100 1 1 1 1 8 1 7 1 1 12 10 1 8 1 12 10 1 12 9 1 12 9 1 1 1 1 1 1 1 8 1 7 12 11 11 1 1 1 1 1 1 1 100 1 1 1 1 8 12 11 1 7 1 1 12 11 1 1 1 1 1 1 12 11 1 7 1 1 12 9 12 10 1 1 1 1 1 1 1 1 12 11 10 1 1 12 10 1 1 12 10 1 8 1 12 10 1 1 1 12 10 12 10 1 1 12 10 1 1 1 100 10 1 1 12 10 1 8 16 1 1 12 10 15 16 1 100 1 1 12 10 15 1 12 18 10 1 100 1 12 10 12 10 1 1 1 100 10 1 100 1 12 9 1 1 12 10 15 1 16 1 12 18 12 9 1 100 1 8 1 12 10 1 100 1 12 10 1 1 1 1 1 100 1 1 1 100 1 8 10 1 1 1 1 1 7 1 12 10 1 8 1 100 1 12 11 10 1 8 1 12 10 1 1 8 1 1 1 1 1 1 1 3 3 1 3 1 3 1 1 1 1 1 1 1 1 1 1 1 1 1 1 1 100 1 1 1 1 1 1 1 1 1 1 1 1 1 1 1 1 1
ciInstanceKlass io/sellmair/evas/EventsImpl 1 1 306 1 7 1 7 1 100 1 1 12 10 1 7 1 1 12 10 1 7 1 7 1 1 12 10 1 1 12 9 1 7 1 1 12 10 1 1 12 9 1 1 1 1 1 1 1 1 1 1 8 1 7 1 1 12 10 1 7 1 12 10 1 7 1 7 1 1 12 10 1 7 1 12 10 1 1 1 1 1 1 1 1 100 1 12 10 1 1 12 10 1 100 1 1 12 10 1 100 1 1 12 9 1 1 1 1 1 1 8 1 1 12 10 1 100 1 1 12 11 1 100 1 1 12 11 1 12 11 1 100 1 100 1 12 10 1 1 12 11 1 100 1 1 12 10 1 12 10 1 100 1 1 12 9 1 100 1 12 10 1 100 1 1 12 10 1 1 1 1 1 1 1 1 1 1 1 1 1 1 1 100 1 100 1 1 100 10 1 100 1 12 10 1 100 1 1 12 11 1 100 11 1 100 1 12 11 1 100 1 12 11 1 12 11 1 100 1 1 12 11 1 1 1 1 1 1 1 1 7 1 12 10 1 1 1 1 12 10 1 1 1 1 1 1 12 10 1 1 1 1 1 1 1 12 10 1 1 1 12 10 1 1 1 1 1 1 1 1 3 3 3 1 1 3 1 1 1 1 1 1 1 1 1 1 1 1 100 1 1 100 1 1 1 1 1 1 1 1 1 1 1 1 1 1 1 1
ciInstanceKlass kotlinx/coroutines/JobKt 1 1 172 1 100 1 100 1 1 1 1 1 1 1 1 1 1 1 1 1 1 1 1 100 12 10 1 1 1 1 1 1 1 7 12 10 1 1 1 1 1 1 1 1 12 10 1 1 1 12 10 1 1 1 12 10 1 1 1 1 1 12 10 1 12 10 1 1 12 10 1 1 1 1 1 1 12 10 1 1 1 1 1 12 10 1 1 1 1 1 12 10 1 12 10 1 12 10 1 1 12 10 1 1 12 10 1 1 1 1 12 10 1 1 1 12 10 1 12 10 1 12 10 1 12 10 1 12 10 1 1 12 10 1 12 10 1 12 10 12 10 12 10 12 10 1 1 12 10 1 1 12 10 1 12 10 1 1 3 3 3 1 3 1 3 1 1 1 1 1 1 1 1 1
ciInstanceKlass kotlin/Unit 1 1 41 1 7 1 7 1 1 12 10 1 1 1 1 1 1 8 1 10 1 12 9 1 1 3 3 1 3 1 3 1 1 1 1 1 1 1 1 1 1 1 1
staticfield kotlin/Unit INSTANCE Lkotlin/Unit; kotlin/Unit
ciInstanceKlass java/lang/AssertionError 0 0 79 10 100 12 1 1 1 10 12 1 10 100 12 1 1 1 10 100 1 100 1 10 12 1 1 10 12 1 10 12 1 10 12 1 10 12 1 10 12 1 10 12 1 10 12 1 1 1 1 5 0 1 1 1 1 1 1 1 1 1 1 100 1 1 1 1 1 1 1 1 1 1 1 1 1 1 1 1 1
instanceKlass java/util/concurrent/atomic/AtomicReferenceFieldUpdater$AtomicReferenceFieldUpdaterImpl
ciInstanceKlass java/util/concurrent/atomic/AtomicReferenceFieldUpdater 1 1 98 7 1 10 7 12 1 1 1 10 12 1 1 10 7 12 1 1 10 100 12 1 1 1 10 12 1 1 11 100 12 1 1 11 100 12 1 1 1 1 1 1 1 1 1 1 1 1 1 1 1 1 1 1 1 1 1 1 1 1 1 1 1 1 1 1 1 1 1 1 1 1 1 1 1 1 1 1 1 1 1 1 1 1 1 1 1 1 1 1 1 1 1 1 100 1 1 1
ciInstanceKlass java/util/concurrent/atomic/AtomicReferenceFieldUpdater$AtomicReferenceFieldUpdaterImpl 1 1 264 10 7 12 1 1 1 7 1 10 12 1 10 7 12 1 1 1 7 1 10 12 1 1 10 7 12 1 1 1 10 7 12 1 1 1 10 7 12 1 1 1 10 12 1 1 10 12 1 1 100 1 100 1 10 12 1 1 10 12 1 100 1 100 1 10 10 12 1 1 100 1 8 1 10 12 1 10 7 12 1 1 1 8 1 10 12 1 10 12 1 1 10 12 1 1 9 12 1 1 9 12 1 9 12 1 9 12 1 1 10 7 12 1 1 1 9 12 1 1 10 100 12 1 1 10 12 1 1 10 12 1 1 10 12 1 1 100 1 100 1 10 8 1 10 12 1 1 10 12 1 8 1 8 1 10 100 12 1 1 10 12 1 10 10 12 1 10 12 1 10 12 1 10 12 1 1 10 12 1 1 10 12 1 10 12 1 1 10 12 1 1 10 12 1 1 1 1 1 1 1 1 1 1 1 1 1 1 1 1 1 1 1 1 1 1 1 1 1 1 1 1 1 1 100 1 1 1 1 1 1 1 1 1 1 1 1 1 1 1 1 1 1 1 1 1 1 1 1 1 1 1 1 1 1 1 1 1 1 1 1 1 1 1
staticfield java/util/concurrent/atomic/AtomicReferenceFieldUpdater$AtomicReferenceFieldUpdaterImpl U Ljdk/internal/misc/Unsafe; jdk/internal/misc/Unsafe
ciInstanceKlass java/util/concurrent/atomic/AtomicReference 1 1 178 10 7 12 1 1 1 9 7 12 1 1 1 9 12 1 1 10 7 12 1 1 1 10 12 1 1 10 12 1 10 12 1 1 10 12 1 1 11 100 12 1 1 1 10 12 1 1 11 100 12 1 1 10 100 12 1 1 1 10 12 1 10 12 1 10 12 1 10 12 1 10 12 1 10 12 1 1 10 12 1 10 12 1 10 12 1 10 12 1 10 12 1 10 7 12 1 1 1 8 10 7 12 1 1 1 100 1 100 1 10 12 1 100 1 1 1 1 5 0 1 1 1 1 1 1 1 1 1 1 1 1 1 1 1 1 1 1 1 1 1 1 1 1 1 1 1 1 1 1 1 1 1 1 1 1 1 1 1 1 1 1 1 1 1 1 1 1 1 1 1 1 1 1 1 1 1 1
staticfield java/util/concurrent/atomic/AtomicReference VALUE Ljava/lang/invoke/VarHandle; java/lang/invoke/VarHandleReferences$FieldInstanceReadWrite
ciInstanceKlass kotlin/coroutines/jvm/internal/CoroutineStackFrame 1 0 33 1 100 1 100 1 1 1 1 1 1 1 1 1 1 3 3 1 3 1 3 1 1 1 1 1 1 1 1 1 1 1 1
instanceKlass kotlin/coroutines/jvm/internal/RestrictedContinuationImpl
instanceKlass kotlin/coroutines/jvm/internal/ContinuationImpl
ciInstanceKlass kotlin/coroutines/jvm/internal/BaseContinuationImpl 1 1 180 1 7 1 1 7 1 7 1 100 1 100 1 1 1 1 1 12 10 1 1 12 9 1 1 1 1 1 1 1 1 1 7 1 7 1 12 10 1 7 1 12 10 1 1 12 10 1 7 1 1 12 10 1 7 1 1 12 9 1 12 10 1 7 1 1 12 10 1 12 10 12 11 1 1 1 1 1 1 1 1 1 1 1 1 1 8 1 1 12 10 1 100 1 8 1 12 10 1 1 1 8 1 1 1 1 100 10 1 8 1 1 12 10 1 1 12 10 1 1 12 10 1 100 1 12 10 1 12 10 12 10 1 1 1 100 1 12 10 1 1 1 1 1 1 1 3 3 1 3 1 3 1 1 1 1 1 1 1 1 1 1 1 100 1 100 1 100 1 1 1 1 1 1 1 1 1 1 1 1
instanceKlass androidx/compose/animation/core/SuspendAnimationKt$animate$4
instanceKlass org/jetbrains/skiko/redrawer/Direct3DRedrawer$draw$1
instanceKlass org/jetbrains/compose/devtools/errorOverlay/DevToolingErrorOverlayKt$DevToolingErrorOverlay-W7C6acU$$inlined$map$1$2$1
instanceKlass androidx/compose/ui/platform/a11y/AccessibilityController$AccessibilityUsage$runActiveController$1
instanceKlass org/jetbrains/compose/devtools/widgets/DtStatusColorKt$changes$1$1$emit$1
instanceKlass kotlinx/coroutines/flow/SharedFlowImpl$collect$1
instanceKlass androidx/compose/ui/window/YieldFrameClock$withFrameNanos$1
instanceKlass org/jetbrains/compose/reload/orchestration/OrchestrationIOImpl$close$1
instanceKlass org/jetbrains/compose/devtools/states/ReloadCountStateActorKt$launchReloadCountStateActor$1$2$invokeSuspend$$inlined$filterIsInstance$1$2$1
instanceKlass org/jetbrains/compose/devtools/states/ReloadUIStateKt$launchReloadUIState$1$2$1$1$emit$1
instanceKlass org/jetbrains/compose/devtools/states/ReloadUIStateKt$launchReloadUIState$1$2$1$invokeSuspend$$inlined$filterIsInstance$1$2$1
instanceKlass org/jetbrains/compose/devtools/states/ReloadCountStateActorKt$launchReloadCountStateActor$1$invokeSuspend$$inlined$filterIsInstance$1$2$1
instanceKlass org/jetbrains/compose/devtools/states/ReloadStateActorKt$launchReloadStateActor$1$2$emit$1
instanceKlass org/jetbrains/compose/devtools/states/ErrorUIStateKt$launchErrorUIState$1$2$invokeSuspend$$inlined$filterIsInstance$1$2$1
instanceKlass org/jetbrains/compose/devtools/states/ErrorUIStateKt$launchErrorUIState$1$1$invokeSuspend$$inlined$filterIsInstance$1$2$1
instanceKlass kotlinx/coroutines/flow/FlowKt__ReduceKt$first$$inlined$collectWhile$2$1
instanceKlass kotlinx/coroutines/flow/FlowKt__ReduceKt$first$3
instanceKlass org/jetbrains/compose/devtools/gradle/GradleRecompiler$buildAndReload$1
instanceKlass org/jetbrains/compose/devtools/UtilsKt$useDisposableStoppable$1
instanceKlass org/jetbrains/compose/devtools/UtilsKt$withDisposableShutdownHook$1
instanceKlass org/jetbrains/compose/devtools/RecompilerKt$launchRecompiler$1$3$emit$1
instanceKlass org/jetbrains/compose/devtools/RecompilerKt$launchRecompiler$1$invokeSuspend$$inlined$filterIsInstance$1$2$1
instanceKlass kotlinx/coroutines/flow/FlowKt__TransformKt$onEach$$inlined$unsafeTransform$1$2$1
instanceKlass kotlinx/coroutines/flow/DistinctFlowImpl$collect$2$emit$1
instanceKlass org/jetbrains/compose/devtools/states/NotificationsUIStateKt$launchNotificationsUIState$1$collectReloadErrors$2$emit$1
instanceKlass org/jetbrains/compose/devtools/states/NotificationsUIStateKt$launchNotificationsUIState$1$collectUIErrors$2$emit$1
instanceKlass kotlinx/coroutines/flow/StateFlowImpl$collect$1
instanceKlass io/sellmair/evas/StatesKt$collect$1
instanceKlass kotlinx/coroutines/flow/internal/ChannelFlowTransformLatest$flowCollect$3$1$emit$1
instanceKlass kotlinx/coroutines/flow/internal/SafeCollector
instanceKlass kotlinx/coroutines/flow/AbstractFlow$collect$1
instanceKlass kotlinx/coroutines/channels/ProduceKt$awaitClose$1
instanceKlass org/jetbrains/compose/reload/core/BusImpl$collect$1
instanceKlass kotlinx/coroutines/flow/CallbackFlowBuilder$collectTo$1
instanceKlass kotlinx/coroutines/flow/FlowKt__ChannelsKt$emitAllImpl$1
instanceKlass org/jetbrains/compose/reload/core/MutableState$collect$1
instanceKlass org/jetbrains/compose/reload/core/StateKt$await$1
instanceKlass org/jetbrains/compose/reload/core/CoroutinesKt$withThread$1
instanceKlass org/jetbrains/compose/reload/core/ActorImpl$invoke$1
instanceKlass org/jetbrains/compose/reload/core/QueueImpl$receive$1
instanceKlass org/jetbrains/compose/reload/core/CoroutinesKt$isActive$2
instanceKlass org/jetbrains/compose/reload/core/ActorImpl$process$1
instanceKlass org/jetbrains/compose/reload/core/CoroutinesKt$awaitOrThrow$1
instanceKlass org/jetbrains/compose/reload/orchestration/OrchestrationServerKt$OrchestrationServer$1$start$1
instanceKlass org/jetbrains/compose/reload/core/CoroutinesKt$suspendStoppableCoroutine$1
instanceKlass org/jetbrains/compose/reload/core/FutureImpl$await$1
instanceKlass kotlin/coroutines/jvm/internal/SuspendLambda
ciInstanceKlass kotlin/coroutines/jvm/internal/ContinuationImpl 1 1 112 1 7 1 7 1 1 1 1 1 12 10 1 1 12 9 1 1 1 1 1 1 7 1 1 12 11 12 10 1 7 1 1 7 1 1 12 10 1 1 1 12 9 10 1 7 1 1 12 9 1 7 1 1 12 11 1 1 12 11 1 1 1 1 100 1 1 1 12 11 1 7 1 1 12 9 1 1 1 1 1 1 3 3 1 3 1 3 1 1 1 1 1 1 1 1 100 1 1 1 1 1 1 1 1 1 1 1 1 1 1 1
ciInstanceKlass org/jetbrains/compose/reload/core/WorkerThreadDispatcher 1 1 141 1 7 1 7 1 7 1 1 1 1 8 1 7 1 1 12 10 1 12 10 1 12 9 1 1 12 9 1 1 1 12 10 1 1 1 1 8 1 7 1 1 12 11 1 7 1 12 10 1 1 1 1 1 1 12 9 1 7 1 1 1 1 7 1 12 10 1 1 1 1 1 12 10 1 1 1 1 1 1 12 10 1 1 1 1 12 10 1 1 1 1 1 1 1 12 10 1 1 1 1 1 1 1 1 1 1 3 3 3 1 1 3 1 1 1 1 1 1 1 1 1 100 1 100 1 100 1 1 100 1 1 1 1 1 1 1 1 1 1 1
instanceKlass kotlin/coroutines/intrinsics/IntrinsicsKt__IntrinsicsKt
ciInstanceKlass kotlin/coroutines/intrinsics/IntrinsicsKt__IntrinsicsJvmKt 1 1 206 1 100 1 100 1 1 1 1 1 1 1 1 8 1 7 1 1 12 10 1 8 1 7 1 100 1 12 10 1 100 1 1 12 10 1 100 1 1 12 11 1 1 1 1 1 1 1 7 1 1 12 10 1 12 10 1 1 1 1 12 10 1 100 1 12 11 1 1 1 1 1 12 10 1 100 1 12 11 1 1 1 1 1 1 12 10 1 100 1 1 12 11 1 100 1 1 12 9 1 100 1 1 12 10 1 100 1 12 10 1 1 1 1 1 1 1 1 100 1 1 1 12 10 1 100 1 12 10 1 100 1 12 10 1 1 1 7 1 12 10 1 1 1 1 1 100 10 1 100 10 1 1 1 100 1 12 10 1 100 1 12 10 1 12 10 1 1 1 1 3 3 1 3 1 3 1 1 1 1 1 1 1 1 1 1 1 1 1 1 1 1 1 1 1 1 1 1 1 1 1 1 1 1 1 1
instanceKlass kotlin/coroutines/intrinsics/IntrinsicsKt
ciInstanceKlass kotlin/coroutines/intrinsics/IntrinsicsKt__IntrinsicsKt 1 1 65 1 100 1 100 1 1 1 1 1 1 1 1 100 1 8 1 1 12 10 1 1 1 1 1 1 1 1 7 1 1 12 9 1 1 12 10 1 1 1 1 3 3 1 3 1 3 1 1 1 1 1 1 1 1 1 1 1 1 1 1 1 1 1 1
ciInstanceKlass kotlin/coroutines/intrinsics/IntrinsicsKt 0 0 25 1 100 1 100 1 1 12 10 1 1 1 1 3 3 1 3 1 3 1 1 1 1 1 1
ciInstanceKlass kotlin/coroutines/jvm/internal/DebugProbesKt 1 1 49 1 100 1 100 1 1 1 1 1 1 1 1 8 1 7 1 1 12 10 1 1 1 1 1 8 1 1 1 3 3 1 1 3 1 1 1 1 1 1 1 1 1 1 1 1 1 1 1
ciInstanceKlass org/jetbrains/compose/reload/core/WorkerThreadDispatcher$interceptContinuation$$inlined$Continuation$1 1 1 149 1 7 1 1 7 1 7 1 100 1 1 12 1 1 1 1 1 1 1 1 12 9 12 9 12 9 1 12 10 1 1 1 1 1 1 1 7 1 1 12 10 1 7 1 1 12 10 1 7 1 1 12 10 1 1 12 10 12 11 1 7 1 12 10 1 7 1 7 1 1 12 10 1 7 1 1 12 11 1 7 1 1 12 10 1 100 1 100 1 1 12 9 1 100 1 1 12 10 1 1 12 10 1 1 1 1 1 1 1 1 1 100 1 100 1 1 3 3 3 1 1 3 1 1 1 1 1 1 1 1 1 1 12 1 1 1 1 1 1 1 1 1 1 1 1 1 1 1
ciInstanceKlass org/jetbrains/compose/reload/core/CoroutinesKt$suspendStoppableCoroutine$1 1 1 73 1 7 1 1 7 1 1 1 1 1 1 1 1 3 1 3 1 1 1 1 1 1 1 1 1 1 3 1 1 1 12 10 1 1 1 1 1 1 1 1 1 12 9 1 1 12 9 3 1 7 1 7 1 12 10 1 1 1 3 1 3 1 3 1 1 1 1 1 1 1 1 1
ciInstanceKlass kotlinx/coroutines/CancellableContinuation 1 0 99 1 100 1 1 100 1 100 1 1 1 1 1 1 1 1 1 1 1 1 1 1 1 1 1 1 1 1 1 1 1 1 1 1 1 1 1 1 1 1 1 1 1 1 1 1 1 1 1 1 1 1 1 1 1 1 1 1 3 3 3 1 1 3 1 1 1 1 1 1 1 1 1 1 1 1 1 1 1 1 1 1 1 1 1 1 1 1 1 100 1 1 1 1 1 1 1 1 1
ciInstanceKlass kotlinx/coroutines/Waiter 1 0 31 1 100 1 100 1 1 1 1 1 1 3 3 3 1 1 3 1 1 1 1 1 1 1 1 1 1 1 1 1 1
instanceKlass kotlinx/coroutines/scheduling/TaskImpl
instanceKlass kotlinx/coroutines/DispatchedTask
ciInstanceKlass kotlinx/coroutines/scheduling/Task 1 1 48 1 7 1 7 1 100 1 1 1 12 10 1 1 12 9 1 1 12 9 1 1 12 10 1 1 1 3 3 3 1 1 3 1 1 1 1 1 1 1 1 1 1 1 1 1 1 1
instanceKlass kotlinx/coroutines/internal/DispatchedContinuation
instanceKlass kotlinx/coroutines/CancellableContinuationImpl
ciInstanceKlass kotlinx/coroutines/DispatchedTask 1 1 278 1 7 1 1 7 1 1 1 12 10 1 1 12 9 1 1 1 1 1 1 1 1 1 1 1 1 1 1 1 1 1 1 1 1 1 1 7 12 9 1 7 1 1 100 1 7 1 1 12 10 1 100 10 12 10 1 8 1 7 1 1 12 10 1 7 1 1 12 9 1 12 9 1 7 1 1 12 11 1 7 1 1 12 10 1 1 12 9 1 100 1 1 12 10 12 10 12 10 1 7 1 1 12 10 1 7 1 1 12 9 1 7 1 7 1 1 12 11 1 12 11 1 1 12 11 12 10 1 7 1 1 12 9 1 12 10 1 100 1 100 1 1 12 10 1 100 1 1 12 10 1 12 10 1 1 12 11 12 10 1 7 1 1 12 9 1 100 1 12 10 1 1 12 10 1 1 12 10 1 100 1 1 12 10 1 1 12 10 1 1 1 1 1 1 1 1 1 1 1 1 1 1 1 1 1 1 1 1 1 1 100 1 100 1 100 1 100 10 1 8 1 1 12 10 1 12 10 1 8 1 1 12 10 1 12 10 1 1 1 1 1 3 3 3 1 1 3 1 1 1 1 1 1 1 1 1 1 1 1 1 1 100 1 1 1 1 1 1 1 1 1 1 1 1 1 1 1
instanceKlass kotlinx/coroutines/JobSupport$AwaitContinuation
ciInstanceKlass kotlinx/coroutines/CancellableContinuationImpl 1 1 767 1 7 1 1 7 1 7 1 100 1 100 1 1 1 1 1 12 10 1 1 12 9 1 7 1 1 12 10 1 100 1 12 10 1 7 1 1 12 11 1 1 12 9 3 1 1 12 9 1 7 1 1 12 9 1 1 12 9 1 1 1 1 1 1 1 1 1 1 1 1 1 1 1 1 1 1 1 1 12 9 1 1 1 1 1 12 10 1 7 1 1 12 10 1 7 1 1 1 12 10 1 12 10 1 7 1 1 1 100 1 1 1 8 1 8 1 8 1 7 1 100 1 1 12 10 12 10 1 12 11 1 7 1 12 9 1 1 12 10 1 1 1 12 9 1 7 1 1 12 10 1 8 1 7 1 1 12 10 1 7 1 12 10 1 1 1 12 10 1 7 1 12 9 1 12 10 1 1 12 10 1 7 1 12 10 1 1 1 1 1 1 1 1 1 1 1 1 100 1 8 1 12 10 1 12 10 1 7 1 12 10 1 8 1 1 12 10 1 1 12 10 1 1 12 10 1 12 10 1 1 1 1 1 1 1 1 1 1 1 1 12 10 1 12 10 1 1 1 1 7 1 100 1 12 10 1 1 12 10 1 1 12 10 1 12 10 1 12 10 1 1 1 7 1 1 12 10 12 10 1 1 1 1 100 1 12 11 10 1 100 1 100 10 1 8 1 1 12 10 1 12 10 10 1 12 10 1 100 1 1 12 10 1 1 1 1 12 11 1 1 1 1 1 1 12 10 1 8 1 1 12 10 1 1 1 1 1 1 1 1 1 1 1 100 1 12 11 1 8 1 1 1 1 7 1 1 12 11 1 1 1 1 12 10 1 8 1 1 1 1 1 1 1 8 1 1 1 12 10 1 12 10 1 7 1 12 10 12 9 1 12 10 1 100 1 1 12 10 1 12 10 1 1 12 9 1 7 1 7 1 12 11 12 11 12 10 1 12 10 1 1 1 1 1 1 100 1 7 1 12 10 1 7 1 7 1 1 12 10 1 1 12 10 1 1 1 7 1 1 12 10 1 1 12 10 1 1 1 1 16 1 1 12 10 15 1 16 1 100 1 1 12 10 15 1 12 18 1 1 12 10 1 1 1 1 100 1 1 1 1 1 1 8 1 12 10 1 1 1 1 1 7 12 10 1 7 1 12 10 1 1 1 12 10 1 12 10 1 8 1 12 9 1 8 1 12 9 1 1 1 8 1 8 12 10 1 1 12 10 1 1 1 1 1 1 1 1 1 1 12 10 1 12 10 9 12 10 1 1 12 10 1 100 10 1 1 1 100 1 8 10 1 1 1 1 7 1 1 12 9 12 9 1 1 12 10 1 1 1 100 1 8 1 1 12 10 1 1 1 1 1 12 10 1 1 1 1 1 1 1 1 1 12 9 1 1 1 100 1 1 1 1 1 1 12 10 1 1 1 12 10 1 12 10 1 100 1 1 12 10 1 8 12 10 1 8 1 1 12 10 1 8 1 12 9 1 12 9 1 12 9 1 1 1 12 11 1 1 1 1 1 1 1 100 1 1 12 10 1 1 1 100 1 12 10 1 100 1 12 9 1 1 8 1 1 12 10 8 1 12 10 8 1 1 1 3 3 3 1 1 3 1 1 1 1 1 1 1 1 1 1 1 1 1 1 1 1 1 1 1 1 1 1 1 1 1 1 1 1 1 1 1 1 1 1 1 1 1 1 1 100 1 1 1 1 1 1 1 1 1 1 1 1 1 1 1
staticfield kotlinx/coroutines/CancellableContinuationImpl _decisionAndIndex$volatile$FU Ljava/util/concurrent/atomic/AtomicIntegerFieldUpdater; java/util/concurrent/atomic/AtomicIntegerFieldUpdater$AtomicIntegerFieldUpdaterImpl
staticfield kotlinx/coroutines/CancellableContinuationImpl _state$volatile$FU Ljava/util/concurrent/atomic/AtomicReferenceFieldUpdater; java/util/concurrent/atomic/AtomicReferenceFieldUpdater$AtomicReferenceFieldUpdaterImpl
staticfield kotlinx/coroutines/CancellableContinuationImpl _parentHandle$volatile$FU Ljava/util/concurrent/atomic/AtomicReferenceFieldUpdater; java/util/concurrent/atomic/AtomicReferenceFieldUpdater$AtomicReferenceFieldUpdaterImpl
ciInstanceKlass kotlinx/coroutines/NotCompleted 1 0 22 1 100 1 100 1 1 3 3 3 1 1 3 1 1 1 1 1 1 1 1 1
ciInstanceKlass kotlinx/coroutines/Active 1 1 44 1 7 1 7 1 100 1 1 12 10 1 1 1 1 1 1 8 1 10 1 12 9 1 1 3 3 3 1 1 3 1 1 1 1 1 1 1 1 1 1 1 1 1
staticfield kotlinx/coroutines/Active INSTANCE Lkotlinx/coroutines/Active; kotlinx/coroutines/Active
ciInstanceKlass kotlinx/coroutines/internal/DispatchedContinuation 1 1 444 1 7 1 1 7 1 100 1 7 1 1 1 1 1 12 10 1 1 12 9 1 1 12 9 1 7 1 1 12 10 1 1 12 9 1 1 12 10 1 7 1 1 12 10 1 12 9 1 1 1 1 1 1 1 1 1 1 1 1 12 9 1 1 1 1 1 1 1 1 12 10 1 7 1 1 12 10 1 7 1 7 1 1 1 1 1 12 9 1 1 1 1 1 1 1 12 10 12 10 1 12 10 1 1 1 1 12 10 1 1 12 10 1 7 1 100 1 100 12 10 1 8 1 1 12 10 1 12 10 1 1 12 10 10 1 12 10 1 1 1 1 1 1 8 1 100 10 1 1 1 1 1 100 1 1 12 10 1 1 1 1 1 7 1 12 10 1 100 10 1 1 1 1 1 1 7 1 12 10 1 1 12 10 1 12 9 1 7 1 1 12 10 1 100 1 1 12 9 1 1 12 10 1 100 1 12 10 1 1 12 10 1 1 12 10 1 1 12 10 12 11 1 100 1 12 9 1 1 12 10 1 12 10 1 12 10 1 1 12 10 1 1 1 1 1 1 1 1 1 1 1 1 1 1 1 1 1 1 1 1 1 100 1 1 100 1 1 12 9 1 100 1 12 11 1 12 11 1 1 12 11 1 1 12 10 1 100 1 1 12 9 1 100 1 1 12 10 1 12 10 11 1 12 9 1 100 1 1 12 10 1 100 1 12 10 1 100 1 12 10 1 12 10 1 1 1 1 1 1 1 1 1 1 1 1 1 1 1 1 1 1 1 1 1 1 1 1 1 1 7 1 1 12 10 1 1 8 1 8 1 100 1 1 12 10 1 12 10 1 12 9 1 1 1 1 100 1 12 11 1 1 1 1 1 8 1 1 12 10 1 1 1 1 3 3 3 1 1 3 1 1 1 1 1 1 1 1 1 1 1 1 1 1 1 1 1 1 1 1 1 1 1 1 1 1 1 1 100 1 1 1 1 1 1 1 1 1 1 1 1 1 1 1
staticfield kotlinx/coroutines/internal/DispatchedContinuation _reusableCancellableContinuation$volatile$FU Ljava/util/concurrent/atomic/AtomicReferenceFieldUpdater; java/util/concurrent/atomic/AtomicReferenceFieldUpdater$AtomicReferenceFieldUpdaterImpl
ciInstanceKlass kotlinx/coroutines/StandaloneCoroutine 1 1 54 1 100 1 1 7 1 1 1 1 12 10 1 1 1 1 1 1 1 1 1 1 12 10 1 100 1 1 12 10 1 1 1 1 3 3 3 1 1 3 1 1 1 1 1 1 1 1 1 1 1 1 1 1
ciInstanceKlass kotlinx/coroutines/flow/StateFlowKt 1 1 141 1 7 1 100 1 1 1 1 1 7 1 100 1 1 12 9 1 1 12 10 1 7 1 1 1 1 1 1 1 12 11 1 100 1 1 12 11 1 1 12 11 1 1 1 1 1 1 1 1 1 1 1 1 1 1 1 1 1 1 1 1 7 1 1 12 10 1 100 1 12 10 1 100 1 1 12 9 1 100 1 7 1 7 1 1 12 10 1 1 1 1 1 1 1 1 1 1 12 9 1 1 12 9 1 1 7 8 1 12 10 8 1 1 3 3 3 1 1 3 1 1 1 1 1 1 1 1 1 1 1 1 1 1 1 1 1 1 1 1 1
staticfield kotlinx/coroutines/flow/StateFlowKt NONE Lkotlinx/coroutines/internal/Symbol; kotlinx/coroutines/internal/Symbol
staticfield kotlinx/coroutines/flow/StateFlowKt PENDING Lkotlinx/coroutines/internal/Symbol; kotlinx/coroutines/internal/Symbol
instanceKlass kotlinx/coroutines/UndispatchedCoroutine
instanceKlass kotlinx/coroutines/DispatchedCoroutine
ciInstanceKlass kotlinx/coroutines/internal/ScopeCoroutine 1 1 92 1 7 1 1 7 1 100 1 1 1 1 1 12 10 1 1 12 9 1 1 1 1 1 1 1 1 7 1 1 1 1 1 1 1 100 1 1 12 10 1 7 1 1 12 10 1 100 1 1 12 10 1 1 1 1 1 1 12 11 1 1 1 1 3 3 3 1 1 3 1 1 1 1 1 1 1 1 1 1 1 1 1 1 1 1 1 1 1 1 1 1
ciInstanceKlass org/jetbrains/compose/reload/orchestration/OrchestrationIOImpl$readPackage$2 1 1 248 1 7 1 1 7 1 100 1 1 1 1 1 12 9 1 12 10 1 1 1 1 1 1 1 1 1 1 1 3 1 1 1 1 1 1 1 3 1 7 1 7 1 1 12 10 1 1 12 9 1 7 1 1 12 10 1 7 1 1 12 10 1 7 1 7 1 1 12 10 1 7 1 1 12 10 1 7 1 1 12 10 1 1 12 10 1 100 1 8 1 100 1 1 12 10 15 1 12 18 1 100 1 1 12 10 1 12 10 6 0 1 1 12 10 1 7 1 1 12 9 1 7 1 1 12 10 1 100 1 1 12 10 1 100 1 1 12 11 1 100 1 1 12 9 1 100 1 1 12 10 1 8 18 1 100 1 1 12 10 1 7 1 7 1 12 10 1 12 10 1 7 1 1 12 10 1 8 1 1 1 1 1 1 1 1 1 1 1 1 1 1 1 1 1 1 100 1 1 1 12 10 1 1 1 12 10 1 100 1 1 12 9 12 10 1 12 10 1 1 3 3 1 3 1 3 1 1 1 1 1 1 12 1 1 1 1 1 1 1 1 1 1 1 1 1 1 1
ciInstanceKlass kotlinx/coroutines/channels/ProducerCoroutine 1 1 101 1 7 1 1 7 1 100 1 1 1 1 1 12 10 1 1 1 1 1 1 1 1 12 10 1 1 1 1 12 10 1 7 1 100 1 1 12 10 1 1 1 1 1 100 1 1 12 11 1 1 12 10 1 100 1 1 12 10 1 1 1 1 1 1 1 100 12 10 1 1 1 12 10 1 1 3 3 3 1 1 3 1 1 1 1 1 1 1 1 1 1 1 1 1 1 1 1 1 1 1
ciInstanceKlass kotlinx/coroutines/flow/FlowKt__ChannelsKt$emitAllImpl$1 1 1 77 1 7 1 1 7 1 1 1 1 1 1 1 1 1 1 3 3 1 3 3 1 1 1 1 1 1 1 1 1 1 1 1 12 10 1 1 1 1 1 1 1 1 1 12 9 1 1 12 9 3 1 7 1 7 1 1 12 10 1 1 1 3 1 3 1 3 12 1 1 1 1 1 1 1 1 1
ciInstanceKlass kotlinx/coroutines/ChildContinuation 1 1 66 1 7 1 7 1 1 1 1 1 12 10 1 1 12 9 1 1 1 1 1 1 1 1 1 12 10 1 100 1 100 1 1 12 10 1 12 10 1 1 1 1 1 1 3 3 3 1 1 3 1 1 1 1 1 1 1 1 1 1 1 1 1 1 1 1
ciInstanceKlass org/jetbrains/skiko/SwingDispatcher 1 1 222 1 7 1 7 1 100 1 1 12 10 1 1 1 1 1 1 8 1 7 1 1 12 10 1 8 1 7 1 1 12 10 1 1 1 1 1 1 8 1 7 1 1 12 9 1 16 1 1 12 10 15 1 7 1 1 12 10 15 1 1 12 18 1 1 12 10 1 16 1 1 12 10 15 1 16 1 1 12 18 1 7 1 1 12 11 1 1 1 1 1 1 1 1 1 12 10 15 1 12 18 1 100 1 12 10 1 100 1 7 1 1 12 10 5 0 1 7 1 1 12 10 1 12 10 1 1 12 10 1 12 10 1 1 1 1 1 1 1 1 1 1 1 1 1 1 1 1 1 1 100 1 12 10 1 1 1 8 1 12 9 1 7 1 12 9 1 1 12 11 1 1 1 1 1 8 1 12 10 1 1 8 1 100 1 12 11 1 10 1 1 3 3 1 3 1 3 1 1 1 1 1 1 1 1 1 1 1 1 1 1 1 1 1 1 1 1 1 1 1 1 1
staticfield org/jetbrains/skiko/SwingDispatcher INSTANCE Lorg/jetbrains/skiko/SwingDispatcher; org/jetbrains/skiko/SwingDispatcher
ciInstanceKlass kotlinx/coroutines/flow/StateFlowSlot 1 1 198 1 7 1 1 7 1 1 12 10 1 7 1 12 10 1 1 12 9 1 1 1 1 1 1 1 7 1 1 12 10 1 7 1 1 12 10 1 1 12 10 1 1 1 1 1 1 100 1 1 12 9 1 1 12 10 1 1 12 10 1 7 1 7 1 7 1 1 12 9 1 7 1 1 12 9 1 1 12 10 1 12 11 1 1 1 1 1 1 1 1 100 1 1 1 12 10 1 7 1 12 10 1 7 1 12 10 1 100 10 1 1 1 1 1 1 1 7 1 1 12 10 1 12 10 1 12 10 1 7 1 1 12 10 1 1 12 10 1 12 10 1 7 1 1 12 10 1 1 1 1 1 1 1 1 1 1 1 1 1 1 7 12 10 1 12 10 1 1 1 1 3 3 3 1 1 3 1 1 1 1 1 1 1 1 1 1 1 1 1 1 1 1 1 1 1 1 1
ciInstanceKlass kotlinx/coroutines/internal/Concurrent_commonKt 1 1 74 1 100 1 100 1 1 1 1 1 7 1 1 12 10 1 1 1 1 1 1 1 12 10 1 1 1 1 1 1 1 1 12 10 1 100 1 1 12 11 1 1 1 1 1 1 1 3 3 3 1 1 3 1 1 1 1 1 1 1 1 1 1 1 1 1 1 1 1 1 1 1 1 1
ciInstanceKlass kotlinx/coroutines/JobSupport$AwaitContinuation 1 1 93 1 7 1 1 7 1 1 1 1 1 12 10 1 1 12 9 1 1 1 1 1 1 1 100 1 1 12 10 1 100 1 1 12 10 1 100 1 1 12 9 1 100 1 1 12 11 1 100 1 1 1 1 1 1 1 1 100 1 1 1 8 1 1 3 3 3 1 1 3 1 1 1 1 1 1 1 1 1 1 1 1 1 1 1 1 1 1 1 1 1 1 1
ciMethodData java/lang/Object <init> ()V 2 1032000 orig 80 1 0 0 0 0 0 0 0 0 0 0 0 0 0 0 0 0 0 0 0 0 0 0 0 0 0 0 0 0 0 0 0 0 0 0 0 0 0 0 0 0 0 0 0 0 0 0 0 0 0 0 0 0 0 0 0 0 0 0 0 0 0 0 0 0 0 0 0 0 0 0 0 0 0 0 0 0 0 0 0 data 4 0x0 0x9 0x1 0x0 oops 0 methods 0
ciMethod java/util/concurrent/atomic/AtomicReferenceFieldUpdater compareAndSet (Ljava/lang/Object;Ljava/lang/Object;Ljava/lang/Object;)Z 0 0 1 0 -1
ciMethod java/util/concurrent/atomic/AtomicReferenceFieldUpdater set (Ljava/lang/Object;Ljava/lang/Object;)V 0 0 1 0 -1
ciMethod java/util/concurrent/atomic/AtomicReference compareAndSet (Ljava/lang/Object;Ljava/lang/Object;)Z 776 0 30338 0 -1
ciMethod kotlin/coroutines/CoroutineContext get (Lkotlin/coroutines/CoroutineContext$Key;)Lkotlin/coroutines/CoroutineContext$Element; 0 0 1 0 -1
ciMethod kotlin/coroutines/CoroutineContext$Element get (Lkotlin/coroutines/CoroutineContext$Key;)Lkotlin/coroutines/CoroutineContext$Element; 0 0 1 0 -1
ciMethod kotlin/coroutines/ContinuationInterceptor interceptContinuation (Lkotlin/coroutines/Continuation;)Lkotlin/coroutines/Continuation; 0 0 1 0 -1
ciMethod kotlin/jvm/internal/Intrinsics checkNotNullParameter (Ljava/lang/Object;Ljava/lang/String;)V 856 0 1478044 0 104
ciMethod kotlin/jvm/internal/Intrinsics throwParameterIsNullNPE (Ljava/lang/String;)V 0 0 1 0 -1
ciMethod kotlin/Result constructor-impl (Ljava/lang/Object;)Ljava/lang/Object; 768 0 34075 0 -1
ciMethod kotlinx/coroutines/DebugKt getASSERTIONS_ENABLED ()Z 516 0 76279 0 80
ciMethod kotlinx/coroutines/DisposableHandle dispose ()V 0 0 1 0 -1
ciMethod kotlinx/coroutines/JobNode <init> ()V 262 0 9141 0 0
ciMethod kotlinx/coroutines/internal/LockFreeLinkedListNode <init> ()V 326 0 9205 0 0
ciMethod kotlin/coroutines/CombinedContext get (Lkotlin/coroutines/CoroutineContext$Key;)Lkotlin/coroutines/CoroutineContext$Element; 516 238 6427 0 272
ciMethod kotlinx/coroutines/JobKt invokeOnCompletion$default (Lkotlinx/coroutines/Job;ZLkotlinx/coroutines/JobNode;ILjava/lang/Object;)Lkotlinx/coroutines/DisposableHandle; 106 0 2728 0 -1
ciMethod kotlin/coroutines/Continuation getContext ()Lkotlin/coroutines/CoroutineContext; 0 0 1 0 -1
ciMethod kotlin/coroutines/Continuation resumeWith (Ljava/lang/Object;)V 0 0 1 0 -1
ciMethod kotlin/coroutines/jvm/internal/ContinuationImpl getContext ()Lkotlin/coroutines/CoroutineContext; 536 0 5418 0 -1
ciMethod kotlin/coroutines/jvm/internal/ContinuationImpl intercepted ()Lkotlin/coroutines/Continuation; 512 0 6403 0 752
ciMethod kotlin/coroutines/intrinsics/IntrinsicsKt__IntrinsicsKt getCOROUTINE_SUSPENDED ()Ljava/lang/Object; 802 0 187052 0 -1
ciMethod kotlin/coroutines/intrinsics/IntrinsicsKt__IntrinsicsJvmKt intercepted (Lkotlin/coroutines/Continuation;)Lkotlin/coroutines/Continuation; 512 0 34551 0 848
ciMethod kotlin/coroutines/jvm/internal/DebugProbesKt probeCoroutineSuspended (Lkotlin/coroutines/Continuation;)V 798 0 36369 0 -1
ciMethod org/jetbrains/compose/reload/core/WorkerThreadDispatcher$interceptContinuation$$inlined$Continuation$1 getContext ()Lkotlin/coroutines/CoroutineContext; 274 0 137 0 0
ciMethodData kotlin/jvm/internal/Intrinsics checkNotNullParameter (Ljava/lang/Object;Ljava/lang/String;)V 2 1477616 orig 80 0 0 0 0 0 0 0 0 0 0 0 0 68 1 0 0 0 0 0 0 0 0 0 0 0 0 0 0 0 0 0 0 0 0 0 0 0 0 0 0 0 0 0 0 0 0 0 0 0 0 0 0 0 0 0 0 0 0 0 0 0 0 0 0 0 0 0 0 0 0 0 0 0 0 0 0 0 0 0 0 data 16 0x10007 0x168be8 0x30 0x0 0x50002 0x0 0x0 0x0 0x0 0x0 0x0 0x0 0x9 0x2 0x0 0x0 oops 0 methods 0
ciMethod kotlinx/coroutines/DispatchedTask <init> (I)V 686 0 10889 0 0
ciMethod kotlinx/coroutines/scheduling/Task <init> (JZ)V 518 0 10920 0 0
ciMethod kotlinx/coroutines/CancellableContinuationImpl <init> (Lkotlin/coroutines/Continuation;I)V 512 0 5378 0 888
ciMethod kotlinx/coroutines/CancellableContinuationImpl getContext ()Lkotlin/coroutines/CoroutineContext; 256 0 128 0 0
ciMethod kotlinx/coroutines/CancellableContinuationImpl isCompleted ()Z 70 0 14898 0 -1
ciMethod kotlinx/coroutines/CancellableContinuationImpl initCancellability ()V 514 0 16361 0 0
ciMethod kotlinx/coroutines/CancellableContinuationImpl getResult ()Ljava/lang/Object; 514 0 5380 0 -1
ciMethod kotlinx/coroutines/CancellableContinuationImpl installParentHandle ()Lkotlinx/coroutines/DisposableHandle; 512 0 5376 0 1768
ciMethod kotlinx/coroutines/CancellableContinuationImpl get_parentHandle$volatile$FU ()Ljava/util/concurrent/atomic/AtomicReferenceFieldUpdater; 688 0 17713 0 -1
ciMethod kotlinx/coroutines/scheduling/Task <init> ()V 686 0 10890 0 0
ciMethod kotlinx/coroutines/internal/DispatchedContinuation getContext ()Lkotlin/coroutines/CoroutineContext; 768 0 23940 0 112
ciMethod kotlinx/coroutines/flow/StateFlowKt access$getNONE$p ()Lkotlinx/coroutines/internal/Symbol; 776 0 17803 0 -1
ciMethod kotlinx/coroutines/flow/StateFlowKt access$getPENDING$p ()Lkotlinx/coroutines/internal/Symbol; 516 0 8927 0 -1
ciMethod kotlinx/coroutines/ChildContinuation <init> (Lkotlinx/coroutines/CancellableContinuationImpl;)V 106 0 2722 0 0
ciMethodData kotlin/coroutines/CombinedContext get (Lkotlin/coroutines/CoroutineContext$Key;)Lkotlin/coroutines/CoroutineContext$Element; 2 6169 orig 80 0 0 0 0 0 0 0 0 0 0 0 0 68 1 0 0 0 0 0 0 0 0 0 0 0 0 0 0 0 0 0 0 0 0 0 0 0 0 0 0 0 0 0 0 0 0 0 0 0 0 0 0 0 0 0 0 0 0 0 0 0 0 0 0 0 0 0 0 0 0 0 0 0 0 0 0 0 0 0 0 data 51 0x30002 0x181a 0xe0005 0x1eba 0x0 0x144613b8d38 0x296 0x144613b8de8 0xc0 0x150007 0xfd6 0x20 0x123a 0x270004 0xfffffffffffffa22 0x0 0x144613b6138 0x9f8 0x0 0x0 0x2a0007 0x5de 0x70 0x9f8 0x2e0004 0x0 0x0 0x144613b6138 0x9f8 0x0 0x0 0x320003 0x9f7 0xffffffffffffff18 0x370005 0x577 0x0 0x144613b8e98 0x9 0x144613b8f48 0x5e 0x0 0x0 0x0 0x0 0x0 0x0 0x9 0x2 0x0 0xffffffffffffffff oops 6 5 kotlinx/coroutines/swing/Swing 7 kotlinx/coroutines/internal/ScopeCoroutine 16 kotlin/coroutines/CombinedContext 27 kotlin/coroutines/CombinedContext 37 kotlinx/coroutines/SupervisorJobImpl 39 io/sellmair/evas/EventsImpl methods 0
ciMethod kotlinx/coroutines/flow/StateFlowSlot awaitPending (Lkotlin/coroutines/Continuation;)Ljava/lang/Object; 514 0 6401 0 -1
ciMethod kotlinx/coroutines/flow/StateFlowSlot access$get_state$p (Lkotlinx/coroutines/flow/StateFlowSlot;)Ljava/util/concurrent/atomic/AtomicReference; 256 0 128 0 -1
ciMethod kotlinx/coroutines/internal/Concurrent_commonKt getValue (Ljava/util/concurrent/atomic/AtomicReference;)Ljava/lang/Object; 512 0 2544 0 -1
ciMethodData kotlinx/coroutines/DebugKt getASSERTIONS_ENABLED ()Z 2 76021 orig 80 0 0 0 0 0 0 0 0 0 0 0 0 68 1 0 0 0 0 0 0 0 0 0 0 0 0 0 0 0 0 0 0 0 0 0 0 0 0 0 0 0 0 0 0 0 0 0 0 0 0 0 0 0 0 0 0 0 0 0 0 0 0 0 0 0 0 0 0 0 0 0 0 0 0 0 0 0 0 0 0 data 4 0x0 0x0 0x9 0x0 oops 0 methods 0
ciMethodData kotlin/coroutines/intrinsics/IntrinsicsKt__IntrinsicsJvmKt intercepted (Lkotlin/coroutines/Continuation;)Lkotlin/coroutines/Continuation; 2 34295 orig 80 0 0 0 0 0 0 0 0 0 0 0 0 68 1 0 0 0 0 0 0 0 0 0 0 0 0 0 0 0 0 0 0 0 0 0 0 0 0 0 0 0 0 0 0 0 0 0 0 0 0 0 0 0 0 0 0 0 0 0 0 0 0 0 0 0 0 0 0 0 0 0 0 0 0 0 0 0 0 0 0 data 47 0x30002 0x85f7 0x70004 0x0 0x0 0x14465345a20 0x5ca 0x14465345ad0 0x50 0xa0007 0x0 0x70 0x85f8 0xe0004 0x0 0x0 0x14465345a20 0x5ca 0x14465345ad0 0x50 0x110003 0x85f8 0x18 0x160007 0x0 0x78 0x85f8 0x190005 0x85f8 0x0 0x0 0x0 0x0 0x0 0x1d0007 0x85f8 0x20 0x0 0x0 0x0 0x0 0x0 0x0 0x0 0x9 0x1 0x0 oops 4 5 org/jetbrains/compose/reload/core/CoroutinesKt$suspendStoppableCoroutine$1 7 org/jetbrains/compose/reload/orchestration/OrchestrationIOImpl$readPackage$2 16 org/jetbrains/compose/reload/core/CoroutinesKt$suspendStoppableCoroutine$1 18 org/jetbrains/compose/reload/orchestration/OrchestrationIOImpl$readPackage$2 methods 0
ciMethodData kotlin/coroutines/jvm/internal/ContinuationImpl intercepted ()Lkotlin/coroutines/Continuation; 2 6147 orig 80 0 0 0 0 0 0 0 0 0 0 0 0 68 1 0 0 0 0 0 0 0 0 0 0 0 0 0 0 0 0 0 0 0 0 0 0 0 0 0 0 0 0 0 0 0 0 0 0 0 0 0 0 0 0 0 0 0 0 0 0 0 0 0 0 0 0 0 0 0 0 0 0 0 0 0 0 0 0 0 0 data 70 0x50007 0x4cb 0x1e8 0x1339 0xa0005 0xdaa 0x0 0x14465345a20 0x548 0x14465345ad0 0x47 0x100004 0x0 0x0 0x144613b5238 0x2 0x0 0x0 0x130005 0x0 0x0 0x144613b6138 0x1339 0x0 0x0 0x180004 0x0 0x0 0x144613b61e8 0x100c 0x144613b6298 0x1de 0x1c0007 0x0 0xb0 0x1339 0x200004 0x0 0x0 0x14465345a20 0x1 0x14465345ad0 0x1 0x230005 0x14f 0x0 0x144613b61e8 0x100c 0x144613b6298 0x1de 0x290007 0x1339 0x58 0x0 0x2e0004 0x0 0x0 0x0 0x0 0x0 0x0 0x0 0x0 0x0 0x0 0x0 0x0 0x9 0x1 0x0 oops 10 7 org/jetbrains/compose/reload/core/CoroutinesKt$suspendStoppableCoroutine$1 9 org/jetbrains/compose/reload/orchestration/OrchestrationIOImpl$readPackage$2 14 kotlin/coroutines/ContinuationInterceptor$Key 21 kotlin/coroutines/CombinedContext 28 org/jetbrains/compose/reload/core/WorkerThreadDispatcher 30 org/jetbrains/skiko/SwingDispatcher 39 org/jetbrains/compose/reload/core/CoroutinesKt$suspendStoppableCoroutine$1 41 org/jetbrains/compose/reload/orchestration/OrchestrationIOImpl$readPackage$2 46 org/jetbrains/compose/reload/core/WorkerThreadDispatcher 48 org/jetbrains/skiko/SwingDispatcher methods 0
ciMethodData kotlinx/coroutines/CancellableContinuationImpl installParentHandle ()Lkotlinx/coroutines/DisposableHandle; 2 5120 orig 80 0 0 0 0 0 0 0 0 0 0 0 0 68 1 0 0 0 0 0 0 0 0 0 0 0 0 0 0 0 0 0 0 0 0 0 0 0 0 0 0 0 0 0 0 0 0 0 0 0 0 0 0 0 0 0 0 0 0 0 0 0 0 0 0 0 0 0 0 0 0 0 0 0 0 0 0 0 0 0 0 data 61 0x10005 0x0 0x0 0x144614a1c30 0x13fb 0x1446122da28 0x6 0x70004 0x0 0x0 0x1446122ee10 0x6e 0x0 0x0 0xa0005 0x0 0x0 0x144613b6138 0x1401 0x0 0x0 0xf0104 0x0 0x0 0x1446122fd40 0x676 0x1446122fdf0 0xa 0x130007 0xa6d 0x20 0x994 0x210002 0xa6d 0x240004 0x0 0x0 0x1446122f308 0x6c 0x0 0x0 0x290002 0xa6d 0x2d0002 0xa6d 0x330005 0xa01 0x0 0x1446122fea0 0x6c 0x0 0x0 0x0 0x0 0x0 0x0 0x0 0x0 0x9 0x1 0x0 oops 8 3 kotlinx/coroutines/CancellableContinuationImpl 5 kotlinx/coroutines/JobSupport$AwaitContinuation 10 kotlinx/coroutines/Job$Key 17 kotlin/coroutines/CombinedContext 24 kotlinx/coroutines/StandaloneCoroutine 26 kotlinx/coroutines/channels/ProducerCoroutine 37 kotlinx/coroutines/ChildContinuation 48 java/util/concurrent/atomic/AtomicReferenceFieldUpdater$AtomicReferenceFieldUpdaterImpl methods 0
ciMethodData kotlinx/coroutines/ChildContinuation <init> (Lkotlinx/coroutines/CancellableContinuationImpl;)V 2 2669 orig 80 0 0 0 0 0 0 0 0 0 0 0 0 68 1 0 0 0 0 0 0 0 0 0 0 0 0 0 0 0 0 0 0 0 0 0 0 0 0 0 0 0 0 0 0 0 0 0 0 0 0 0 0 0 0 0 0 0 0 0 0 0 0 0 0 0 0 0 0 0 0 0 0 0 0 0 0 0 0 0 0 data 10 0x10002 0xa6d 0x0 0x0 0x0 0x0 0x9 0x2 0x1e 0x0 oops 0 methods 0
ciMethodData kotlinx/coroutines/JobNode <init> ()V 2 9010 orig 80 0 0 0 0 0 0 0 0 0 0 0 0 68 1 0 0 0 0 0 0 0 0 0 0 0 0 0 0 0 0 0 0 0 0 0 0 0 0 0 0 0 0 0 0 0 0 0 0 0 0 0 0 0 0 0 0 0 0 0 0 0 0 0 0 0 0 0 0 0 0 0 0 0 0 0 0 0 0 0 0 data 7 0x10002 0x2332 0x0 0x0 0x9 0x1 0x6 oops 0 methods 0
ciMethodData kotlinx/coroutines/internal/LockFreeLinkedListNode <init> ()V 2 9042 orig 80 0 0 0 0 0 0 0 0 0 0 0 0 68 1 0 0 0 0 0 0 0 0 0 0 0 0 0 0 0 0 0 0 0 0 0 0 0 0 0 0 0 0 0 0 0 0 0 0 0 0 0 0 0 0 0 0 0 0 0 0 0 0 0 0 0 0 0 0 0 0 0 0 0 0 0 0 0 0 0 0 data 9 0x10002 0x2352 0x0 0x0 0x0 0x0 0x9 0x1 0x6 oops 0 methods 0
ciMethodData kotlinx/coroutines/scheduling/Task <init> (JZ)V 2 10661 orig 80 0 0 0 0 0 0 0 0 0 0 0 0 68 1 0 0 0 0 0 0 0 0 0 0 0 0 0 0 0 0 0 0 0 0 0 0 0 0 0 0 0 0 0 0 0 0 0 0 0 0 0 0 0 0 0 0 0 0 0 0 0 0 0 0 0 0 0 0 0 0 0 0 0 0 0 0 0 0 0 0 data 12 0x10002 0x29a5 0x0 0x0 0x0 0x0 0x9 0x4 0xe 0x0 0x0 0x0 oops 0 methods 0
ciMethodData kotlinx/coroutines/CancellableContinuationImpl <init> (Lkotlin/coroutines/Continuation;I)V 2 5122 orig 80 0 0 0 0 0 0 0 0 0 0 0 0 68 1 0 0 0 0 0 0 0 0 0 0 0 0 0 0 0 0 0 0 0 0 0 0 0 0 0 0 0 0 0 0 0 0 0 0 0 0 0 0 0 0 0 0 0 0 0 0 0 0 0 0 0 0 0 0 0 0 0 0 0 0 0 0 0 0 0 0 data 39 0x20002 0x1402 0xb0002 0x1402 0xe0007 0x1402 0x88 0x0 0x150007 0x0 0x38 0x0 0x190003 0x0 0x18 0x1d0007 0x0 0x30 0x0 0x240002 0x0 0x2e0005 0x0 0x0 0x1441be69d40 0x4b5 0x1441be69df0 0xf4d 0x0 0x0 0x0 0x0 0x0 0x0 0x9 0x3 0x3e 0x0 0x0 oops 2 24 org/jetbrains/compose/reload/core/WorkerThreadDispatcher$interceptContinuation$$inlined$Continuation$1 26 kotlinx/coroutines/internal/DispatchedContinuation methods 0
ciMethodData kotlinx/coroutines/DispatchedTask <init> (I)V 2 10546 orig 80 0 0 0 0 0 0 0 0 0 0 0 0 68 1 0 0 0 0 0 0 0 0 0 0 0 0 0 0 0 0 0 0 0 0 0 0 0 0 0 0 0 0 0 0 0 0 0 0 0 0 0 0 0 0 0 0 0 0 0 0 0 0 0 0 0 0 0 0 0 0 0 0 0 0 0 0 0 0 0 0 data 10 0x10002 0x2932 0x0 0x0 0x0 0x0 0x9 0x2 0xe 0x0 oops 0 methods 0
ciMethodData kotlinx/coroutines/scheduling/Task <init> ()V 2 10547 orig 80 0 0 0 0 0 0 0 0 0 0 0 0 68 1 0 0 0 0 0 0 0 0 0 0 0 0 0 0 0 0 0 0 0 0 0 0 0 0 0 0 0 0 0 0 0 0 0 0 0 0 0 0 0 0 0 0 0 0 0 0 0 0 0 0 0 0 0 0 0 0 0 0 0 0 0 0 0 0 0 0 data 7 0x30002 0x2933 0x0 0x0 0x9 0x1 0xe oops 0 methods 0
ciMethodData kotlinx/coroutines/CancellableContinuationImpl initCancellability ()V 2 16104 orig 80 0 0 0 0 0 0 0 0 0 0 0 0 68 1 0 0 0 0 0 0 0 0 0 0 0 0 0 0 0 0 0 0 0 0 0 0 0 0 0 0 0 0 0 0 0 0 0 0 0 0 0 0 0 0 0 0 0 0 0 0 0 0 0 0 0 0 0 0 0 0 0 0 0 0 0 0 0 0 0 0 data 42 0x10002 0x3ee8 0x50007 0x3a0e 0x20 0x4da 0xc0005 0x0 0x0 0x144614a1c30 0x3a08 0x1446122da28 0x6 0xf0007 0x3a0e 0xa0 0x0 0x130005 0x0 0x0 0x0 0x0 0x0 0x0 0x180002 0x0 0x1f0005 0x0 0x0 0x0 0x0 0x0 0x0 0x0 0x0 0x0 0x0 0x0 0x0 0x9 0x1 0x0 oops 2 9 kotlinx/coroutines/CancellableContinuationImpl 11 kotlinx/coroutines/JobSupport$AwaitContinuation methods 0
ciMethodData kotlinx/coroutines/internal/DispatchedContinuation getContext ()Lkotlin/coroutines/CoroutineContext; 2 23556 orig 80 0 0 0 0 0 0 0 0 0 0 0 0 68 1 0 0 0 0 0 0 0 0 0 0 0 0 0 0 0 0 0 0 0 0 0 0 0 0 0 0 0 0 0 0 0 0 0 0 0 0 0 0 0 0 0 0 0 0 0 0 0 0 0 0 0 0 0 0 0 0 0 0 0 0 0 0 0 0 0 0 data 16 0x40005 0x5a3f 0x0 0x14465345a20 0xaa 0x1441be6f038 0x11b 0x0 0x0 0x0 0x0 0x0 0x0 0x9 0x1 0x0 oops 2 3 org/jetbrains/compose/reload/core/CoroutinesKt$suspendStoppableCoroutine$1 5 kotlinx/coroutines/flow/FlowKt__ChannelsKt$emitAllImpl$1 methods 0
ciMethodData kotlinx/coroutines/flow/StateFlowSlot awaitPending (Lkotlin/coroutines/Continuation;)Ljava/lang/Object; 2 6144 orig 80 0 0 0 0 0 0 0 0 0 0 0 0 68 1 0 0 0 0 0 0 0 0 0 0 0 0 0 0 0 0 0 0 0 0 0 0 0 0 0 0 0 0 0 0 0 0 0 0 0 0 0 0 0 0 0 0 0 0 0 0 0 0 0 0 0 0 0 0 0 0 0 0 0 0 0 0 0 0 0 0 data 135 0xc0002 0x1800 0x100002 0x1800 0x170005 0x0 0x0 0x144614a1c30 0x1800 0x0 0x0 0x1c0004 0x0 0x0 0x144614a1c30 0x81 0x0 0x0 0x240002 0x1800 0x270007 0x1800 0xe0 0x0 0x2e0002 0x0 0x310002 0x0 0x340004 0x0 0x0 0x0 0x0 0x0 0x0 0x370007 0x0 0x38 0x0 0x3b0003 0x0 0x18 0x3f0007 0x0 0x30 0x0 0x460002 0x0 0x4b0002 0x1800 0x4e0002 0x1800 0x530005 0x1800 0x0 0x0 0x0 0x0 0x0 0x560007 0x1800 0x168 0x0 0x590002 0x0 0x5c0007 0x0 0xb8 0x0 0x630002 0x0 0x660002 0x0 0x690002 0x0 0x6c0007 0x0 0x38 0x0 0x700003 0x0 0x18 0x740007 0x0 0x30 0x0 0x7b0002 0x0 0x810004 0x0 0x0 0x0 0x0 0x0 0x0 0x8b0002 0x0 0x8e0005 0x0 0x0 0x0 0x0 0x0 0x0 0x970005 0x1800 0x0 0x0 0x0 0x0 0x0 0x9b0002 0x1800 0x9e0007 0x0 0x30 0x1800 0xa20002 0x1800 0xa60002 0x1800 0xa90007 0x0 0x20 0x1800 0x0 0x0 0x0 0x0 0x0 0x0 0x9 0x2 0x0 0x0 oops 2 7 kotlinx/coroutines/CancellableContinuationImpl 14 kotlinx/coroutines/CancellableContinuationImpl methods 0
compile kotlinx/coroutines/flow/StateFlowSlot awaitPending (Lkotlin/coroutines/Continuation;)Ljava/lang/Object; -1 4 inline 23 0 -1 0 kotlinx/coroutines/flow/StateFlowSlot awaitPending (Lkotlin/coroutines/Continuation;)Ljava/lang/Object; 1 12 0 kotlin/coroutines/intrinsics/IntrinsicsKt__IntrinsicsJvmKt intercepted (Lkotlin/coroutines/Continuation;)Lkotlin/coroutines/Continuation; 2 3 0 kotlin/jvm/internal/Intrinsics checkNotNullParameter (Ljava/lang/Object;Ljava/lang/String;)V 2 25 0 kotlin/coroutines/jvm/internal/ContinuationImpl intercepted ()Lkotlin/coroutines/Continuation; 3 19 0 kotlin/coroutines/CombinedContext get (Lkotlin/coroutines/CoroutineContext$Key;)Lkotlin/coroutines/CoroutineContext$Element; 4 3 0 kotlin/jvm/internal/Intrinsics checkNotNullParameter (Ljava/lang/Object;Ljava/lang/String;)V 1 16 0 kotlinx/coroutines/CancellableContinuationImpl <init> (Lkotlin/coroutines/Continuation;I)V 2 2 0 kotlinx/coroutines/DispatchedTask <init> (I)V 3 1 0 kotlinx/coroutines/scheduling/Task <init> ()V 4 3 0 kotlinx/coroutines/scheduling/Task <init> (JZ)V 5 1 0 java/lang/Object <init> ()V 2 11 0 kotlinx/coroutines/DebugKt getASSERTIONS_ENABLED ()Z 2 46 0 kotlinx/coroutines/internal/DispatchedContinuation getContext ()Lkotlin/coroutines/CoroutineContext; 2 46 0 org/jetbrains/compose/reload/core/WorkerThreadDispatcher$interceptContinuation$$inlined$Continuation$1 getContext ()Lkotlin/coroutines/CoroutineContext; 1 23 0 kotlinx/coroutines/CancellableContinuationImpl initCancellability ()V 2 1 0 kotlinx/coroutines/CancellableContinuationImpl installParentHandle ()Lkotlinx/coroutines/DisposableHandle; 3 1 0 kotlinx/coroutines/CancellableContinuationImpl getContext ()Lkotlin/coroutines/CoroutineContext; 3 10 0 kotlin/coroutines/CombinedContext get (Lkotlin/coroutines/CoroutineContext$Key;)Lkotlin/coroutines/CoroutineContext$Element; 4 3 0 kotlin/jvm/internal/Intrinsics checkNotNullParameter (Ljava/lang/Object;Ljava/lang/String;)V 3 33 0 kotlinx/coroutines/ChildContinuation <init> (Lkotlinx/coroutines/CancellableContinuationImpl;)V 4 1 0 kotlinx/coroutines/JobNode <init> ()V 5 1 0 kotlinx/coroutines/internal/LockFreeLinkedListNode <init> ()V 6 1 0 java/lang/Object <init> ()V
